request_id,date_submitted,neighborhood,category,service_type,priority,status,response_days,source,department,satisfaction_score,month,quarter,resolution_rate
RVA-10000,2024-04-12,Museum District,Road & Sidewalk,Crosswalk Faded,Medium,Closed,11.0,Email,Code Enforcement,1.5,2024-04,2024Q2,1
RVA-10001,2025-03-11,Short Pump,Public Safety,Traffic Signal Issue,Low,Resolved,4.25,Mobile App,Police,1.9,2025-03,2025Q1,1
RVA-10002,2024-09-27,Northside,Sanitation,Illegal Dumping,Medium,Resolved,2.3,Walk-in,Code Enforcement,3.3,2024-09,2024Q3,1
RVA-10003,2024-04-16,Scott's Addition,Road & Sidewalk,Sidewalk Damage,High,Closed,4.39,Mobile App,Parks & Rec,4.4,2024-04,2024Q2,1
RVA-10004,2024-03-12,Museum District,Public Safety,Hazardous Condition,Medium,In Progress,3.12,Mobile App,Police,4.6,2024-03,2024Q1,0
RVA-10005,2025-12-01,Museum District,Sanitation,Missed Trash Pickup,Medium,Resolved,3.63,Mobile App,Code Enforcement,4.3,2025-12,2025Q4,1
RVA-10006,2024-01-21,West End,Noise & Nuisance,Noise Complaint,Medium,In Progress,2.02,Phone,Code Enforcement,1.2,2024-01,2024Q1,0
RVA-10007,2025-09-06,Highland Park,Parks & Public Spaces,Park Maintenance,High,Closed,0.65,Walk-in,Public Utilities,4.3,2025-09,2025Q3,1
RVA-10008,2024-05-01,West End,Public Safety,Missing Sign,Low,Closed,10.67,Phone,Police,4.6,2024-05,2024Q2,1
RVA-10009,2025-04-11,Manchester,Noise & Nuisance,Noise Complaint,Medium,Closed,0.64,Mobile App,Public Utilities,1.2,2025-04,2025Q2,1
RVA-10010,2024-08-02,Bon Air,Road & Sidewalk,Street Light Out,Low,Resolved,21.14,Mobile App,Police,2.7,2024-08,2024Q3,1
RVA-10011,2024-11-26,Ginter Park,Noise & Nuisance,Property Maintenance,High,In Progress,3.02,Phone,Public Works,3.1,2024-11,2024Q4,0
RVA-10012,2025-04-03,Scott's Addition,Water & Utilities,Water Main Break,Low,Closed,2.12,Phone,Police,1.9,2025-04,2025Q2,1
RVA-10013,2024-03-28,Shockoe Bottom,Public Safety,Missing Sign,High,Resolved,2.37,Phone,Police,3.1,2024-03,2024Q1,1
RVA-10014,2025-01-07,Manchester,Sanitation,Overflowing Bin,Medium,Resolved,4.61,Mobile App,Code Enforcement,4.5,2025-01,2025Q1,1
RVA-10015,2024-04-09,Museum District,Parks & Public Spaces,Graffiti Removal,Low,Resolved,2.04,Website,Parks & Rec,4.5,2024-04,2024Q2,1
RVA-10016,2025-10-25,Ginter Park,Sanitation,Illegal Dumping,Emergency,In Progress,0.16,Email,Transportation,4.8,2025-10,2025Q4,0
RVA-10017,2024-05-10,Highland Park,Noise & Nuisance,Animal Control,Low,In Progress,5.26,Phone,Police,2.9,2024-05,2024Q2,0
RVA-10018,2025-10-23,Ginter Park,Water & Utilities,Storm Drain Blocked,Medium,Resolved,6.01,Website,Public Utilities,2.6,2025-10,2025Q4,1
RVA-10019,2024-11-04,Scott's Addition,Public Safety,Hazardous Condition,Low,Resolved,10.18,Email,Parks & Rec,3.7,2024-11,2024Q4,1
RVA-10020,2024-12-09,Northside,Parks & Public Spaces,Park Maintenance,Medium,Resolved,3.8,Website,Police,2.7,2024-12,2024Q4,1
RVA-10021,2025-05-06,Scott's Addition,Water & Utilities,Storm Drain Blocked,Medium,Closed,7.31,Website,Parks & Rec,1.2,2025-05,2025Q2,1
RVA-10022,2025-02-17,Carytown,Water & Utilities,Water Main Break,Medium,Resolved,7.09,Website,Public Works,3.9,2025-02,2025Q1,1
RVA-10023,2025-01-20,West End,Water & Utilities,Sewer Problem,Low,Resolved,9.62,Mobile App,Parks & Rec,2.1,2025-01,2025Q1,1
RVA-10024,2024-07-10,Church Hill,Sanitation,Overflowing Bin,Medium,Closed,7.73,Phone,Public Works,1.2,2024-07,2024Q3,1
RVA-10025,2024-10-03,East End,Water & Utilities,Sewer Problem,High,Closed,0.81,Walk-in,Parks & Rec,1.1,2024-10,2024Q4,1
RVA-10026,2024-06-09,East End,Noise & Nuisance,Noise Complaint,High,In Progress,4.26,Mobile App,Parks & Rec,4.7,2024-06,2024Q2,0
RVA-10027,2025-04-04,Highland Park,Noise & Nuisance,Animal Control,Medium,Closed,4.77,Walk-in,Public Utilities,2.0,2025-04,2025Q2,1
RVA-10028,2024-11-09,Church Hill,Sanitation,Missed Trash Pickup,Medium,Resolved,8.64,Website,Transportation,2.8,2024-11,2024Q4,1
RVA-10029,2024-01-22,Highland Park,Sanitation,Bulk Pickup Request,Low,In Progress,7.9,Phone,Public Utilities,4.8,2024-01,2024Q1,0
RVA-10030,2024-09-09,Bon Air,Water & Utilities,Hydrant Issue,Medium,Resolved,1.23,Website,Code Enforcement,2.9,2024-09,2024Q3,1
RVA-10031,2025-07-14,Ginter Park,Sanitation,Bulk Pickup Request,Low,Resolved,7.82,Phone,Parks & Rec,1.3,2025-07,2025Q3,1
RVA-10032,2025-04-19,Highland Park,Parks & Public Spaces,Graffiti Removal,Low,Closed,4.64,Walk-in,Public Works,3.2,2025-04,2025Q2,1
RVA-10033,2024-02-28,East End,Sanitation,Illegal Dumping,Low,Resolved,11.96,Phone,Parks & Rec,1.4,2024-02,2024Q1,1
RVA-10034,2025-05-25,Museum District,Public Safety,Missing Sign,Medium,Resolved,3.23,Email,Police,1.4,2025-05,2025Q2,1
RVA-10035,2025-11-12,West End,Noise & Nuisance,Noise Complaint,Medium,Closed,9.04,Phone,Public Works,4.4,2025-11,2025Q4,1
RVA-10036,2025-04-20,West End,Parks & Public Spaces,Graffiti Removal,Emergency,Resolved,0.57,Website,Police,2.2,2025-04,2025Q2,1
RVA-10037,2025-11-30,Southside,Sanitation,Illegal Dumping,Low,Closed,11.54,Email,Code Enforcement,3.7,2025-11,2025Q4,1
RVA-10038,2024-07-08,Highland Park,Parks & Public Spaces,Graffiti Removal,Medium,Closed,1.22,Mobile App,Police,3.0,2024-07,2024Q3,1
RVA-10039,2025-11-17,Museum District,Public Safety,Hazardous Condition,High,Resolved,8.3,Website,Code Enforcement,1.9,2025-11,2025Q4,1
RVA-10040,2025-07-16,Carytown,Noise & Nuisance,Animal Control,Medium,Closed,9.22,Mobile App,Code Enforcement,3.1,2025-07,2025Q3,1
RVA-10041,2025-07-20,Northside,Sanitation,Bulk Pickup Request,Medium,Open,7.78,Walk-in,Code Enforcement,1.3,2025-07,2025Q3,0
RVA-10042,2024-08-31,Scott's Addition,Sanitation,Overflowing Bin,Medium,Open,2.0,Phone,Police,2.4,2024-08,2024Q3,0
RVA-10043,2025-05-19,Oregon Hill,Public Safety,Traffic Signal Issue,Low,Resolved,7.67,Email,Code Enforcement,3.1,2025-05,2025Q2,1
RVA-10044,2024-05-10,The Fan,Sanitation,Bulk Pickup Request,Medium,Resolved,0.74,Walk-in,Code Enforcement,1.9,2024-05,2024Q2,1
RVA-10045,2025-04-29,Oregon Hill,Water & Utilities,Sewer Problem,High,Resolved,1.55,Mobile App,Public Utilities,3.6,2025-04,2025Q2,1
RVA-10046,2025-10-08,Highland Park,Water & Utilities,Storm Drain Blocked,Low,Resolved,1.58,Mobile App,Transportation,1.2,2025-10,2025Q4,1
RVA-10047,2024-01-21,Short Pump,Noise & Nuisance,Noise Complaint,Low,In Progress,8.05,Website,Parks & Rec,2.9,2024-01,2024Q1,0
RVA-10048,2024-06-15,The Fan,Road & Sidewalk,Pothole Repair,High,In Progress,2.09,Phone,Code Enforcement,3.9,2024-06,2024Q2,0
RVA-10049,2024-09-30,Museum District,Sanitation,Overflowing Bin,High,Closed,0.99,Mobile App,Public Works,2.7,2024-09,2024Q3,1
RVA-10050,2025-01-22,Scott's Addition,Parks & Public Spaces,Graffiti Removal,Medium,Closed,3.45,Mobile App,Public Works,4.5,2025-01,2025Q1,1
RVA-10051,2025-08-23,Museum District,Noise & Nuisance,Noise Complaint,High,Closed,4.17,Phone,Public Utilities,3.5,2025-08,2025Q3,1
RVA-10052,2024-11-11,Jackson Ward,Parks & Public Spaces,Park Maintenance,Medium,Closed,0.57,Mobile App,Police,4.8,2024-11,2024Q4,1
RVA-10053,2024-01-14,Bon Air,Public Safety,Traffic Signal Issue,Low,Resolved,15.69,Walk-in,Police,2.1,2024-01,2024Q1,1
RVA-10054,2024-08-29,The Fan,Water & Utilities,Sewer Problem,Medium,Resolved,0.94,Walk-in,Police,4.8,2024-08,2024Q3,1
RVA-10055,2024-12-11,West End,Noise & Nuisance,Property Maintenance,Medium,Resolved,0.19,Website,Code Enforcement,3.4,2024-12,2024Q4,1
RVA-10056,2025-07-18,Ginter Park,Public Safety,Missing Sign,Emergency,Closed,0.1,Mobile App,Transportation,4.0,2025-07,2025Q3,1
RVA-10057,2024-12-05,Bon Air,Road & Sidewalk,Crosswalk Faded,Low,Resolved,14.48,Mobile App,Transportation,4.6,2024-12,2024Q4,1
RVA-10058,2024-04-01,Shockoe Bottom,Parks & Public Spaces,Playground Repair,Medium,Open,2.6,Phone,Police,3.2,2024-04,2024Q2,0
RVA-10059,2025-01-01,Short Pump,Water & Utilities,Storm Drain Blocked,Medium,Closed,10.3,Email,Police,4.4,2025-01,2025Q1,1
RVA-10060,2025-03-30,The Fan,Noise & Nuisance,Property Maintenance,Medium,Closed,3.72,Mobile App,Parks & Rec,3.2,2025-03,2025Q1,1
RVA-10061,2025-03-03,Lakeside,Noise & Nuisance,Abandoned Vehicle,Low,Resolved,0.23,Mobile App,Transportation,3.4,2025-03,2025Q1,1
RVA-10062,2025-05-23,Carytown,Parks & Public Spaces,Graffiti Removal,Medium,Resolved,6.31,Mobile App,Code Enforcement,2.8,2025-05,2025Q2,1
RVA-10063,2024-02-04,Ginter Park,Noise & Nuisance,Noise Complaint,High,Closed,0.23,Website,Code Enforcement,1.6,2024-02,2024Q1,1
RVA-10064,2024-07-24,Carytown,Sanitation,Illegal Dumping,Medium,In Progress,7.79,Website,Public Works,3.2,2024-07,2024Q3,0
RVA-10065,2024-03-21,Short Pump,Parks & Public Spaces,Graffiti Removal,Medium,Resolved,0.92,Mobile App,Public Works,4.9,2024-03,2024Q1,1
RVA-10066,2025-07-15,Short Pump,Water & Utilities,Sewer Problem,Medium,Resolved,2.12,Phone,Parks & Rec,4.1,2025-07,2025Q3,1
RVA-10067,2025-01-22,Bon Air,Parks & Public Spaces,Park Maintenance,Medium,Resolved,7.16,Website,Public Utilities,4.0,2025-01,2025Q1,1
RVA-10068,2024-01-02,East End,Public Safety,Missing Sign,Medium,Closed,15.42,Phone,Code Enforcement,3.6,2024-01,2024Q1,1
RVA-10069,2025-01-24,Scott's Addition,Road & Sidewalk,Pothole Repair,High,Resolved,0.93,Website,Public Works,2.4,2025-01,2025Q1,1
RVA-10070,2025-07-19,Scott's Addition,Sanitation,Bulk Pickup Request,Emergency,Open,0.88,Walk-in,Police,1.7,2025-07,2025Q3,0
RVA-10071,2024-04-15,Carytown,Water & Utilities,Storm Drain Blocked,Medium,Open,1.06,Website,Code Enforcement,1.9,2024-04,2024Q2,0
RVA-10072,2025-04-21,Highland Park,Sanitation,Bulk Pickup Request,Medium,Open,8.23,Website,Code Enforcement,1.0,2025-04,2025Q2,0
RVA-10073,2025-12-03,West End,Noise & Nuisance,Abandoned Vehicle,High,Resolved,2.14,Walk-in,Code Enforcement,3.7,2025-12,2025Q4,1
RVA-10074,2025-02-05,Northside,Parks & Public Spaces,Park Maintenance,Medium,Closed,1.07,Email,Transportation,4.2,2025-02,2025Q1,1
RVA-10075,2025-12-30,The Fan,Public Safety,Unsafe Structure,Medium,Resolved,1.8,Phone,Public Works,2.1,2025-12,2025Q4,1
RVA-10076,2025-07-09,Highland Park,Sanitation,Bulk Pickup Request,Low,Resolved,1.41,Mobile App,Parks & Rec,1.4,2025-07,2025Q3,1
RVA-10077,2024-06-10,Southside,Road & Sidewalk,Pothole Repair,High,Closed,0.97,Walk-in,Public Works,2.3,2024-06,2024Q2,1
RVA-10078,2024-07-20,Bon Air,Noise & Nuisance,Noise Complaint,Medium,Resolved,1.14,Mobile App,Police,2.2,2024-07,2024Q3,1
RVA-10079,2024-09-26,Northside,Parks & Public Spaces,Graffiti Removal,High,Resolved,2.07,Email,Police,2.8,2024-09,2024Q3,1
RVA-10080,2024-09-27,Manchester,Water & Utilities,Sewer Problem,High,Closed,10.41,Mobile App,Public Utilities,2.1,2024-09,2024Q3,1
RVA-10081,2025-03-31,Oregon Hill,Road & Sidewalk,Pothole Repair,Low,Resolved,0.12,Email,Public Works,2.4,2025-03,2025Q1,1
RVA-10082,2025-04-06,Shockoe Bottom,Public Safety,Traffic Signal Issue,High,Resolved,1.56,Phone,Public Works,4.6,2025-04,2025Q2,1
RVA-10083,2025-12-27,West End,Public Safety,Missing Sign,High,Resolved,1.71,Website,Public Utilities,2.3,2025-12,2025Q4,1
RVA-10084,2024-09-08,West End,Water & Utilities,Sewer Problem,Medium,Closed,12.28,Phone,Public Utilities,4.1,2024-09,2024Q3,1
RVA-10085,2025-12-02,Shockoe Bottom,Sanitation,Illegal Dumping,Low,Resolved,7.05,Email,Code Enforcement,3.5,2025-12,2025Q4,1
RVA-10086,2024-10-22,Shockoe Bottom,Road & Sidewalk,Pothole Repair,Low,Resolved,7.85,Mobile App,Code Enforcement,2.4,2024-10,2024Q4,1
RVA-10087,2025-12-25,The Fan,Sanitation,Missed Trash Pickup,Medium,Resolved,3.19,Mobile App,Police,4.3,2025-12,2025Q4,1
RVA-10088,2025-12-20,Bon Air,Road & Sidewalk,Crosswalk Faded,Medium,Open,1.57,Mobile App,Parks & Rec,3.4,2025-12,2025Q4,0
RVA-10089,2024-12-03,Scott's Addition,Water & Utilities,Storm Drain Blocked,Medium,Resolved,0.29,Email,Police,1.0,2024-12,2024Q4,1
RVA-10090,2024-02-22,Manchester,Road & Sidewalk,Street Light Out,Low,Resolved,5.25,Phone,Transportation,1.3,2024-02,2024Q1,1
RVA-10091,2024-08-04,Scott's Addition,Parks & Public Spaces,Graffiti Removal,High,In Progress,0.11,Website,Public Works,4.0,2024-08,2024Q3,0
RVA-10092,2024-07-06,Museum District,Public Safety,Unsafe Structure,Medium,Resolved,4.0,Website,Parks & Rec,2.8,2024-07,2024Q3,1
RVA-10093,2025-01-14,West End,Water & Utilities,Storm Drain Blocked,Low,Open,3.67,Walk-in,Code Enforcement,2.6,2025-01,2025Q1,0
RVA-10094,2025-05-07,Ginter Park,Road & Sidewalk,Pothole Repair,Medium,Resolved,3.81,Website,Public Utilities,1.6,2025-05,2025Q2,1
RVA-10095,2024-02-10,Shockoe Bottom,Sanitation,Missed Trash Pickup,Medium,In Progress,0.72,Phone,Public Utilities,1.6,2024-02,2024Q1,0
RVA-10096,2024-06-05,West End,Water & Utilities,Sewer Problem,Low,Open,26.98,Website,Police,4.2,2024-06,2024Q2,0
RVA-10097,2024-01-15,Oregon Hill,Water & Utilities,Water Main Break,Medium,Closed,11.25,Website,Public Works,4.3,2024-01,2024Q1,1
RVA-10098,2024-03-05,Bon Air,Noise & Nuisance,Property Maintenance,Low,Closed,2.11,Mobile App,Public Works,3.2,2024-03,2024Q1,1
RVA-10099,2025-06-04,Manchester,Noise & Nuisance,Animal Control,High,Resolved,0.84,Mobile App,Public Utilities,2.2,2025-06,2025Q2,1
RVA-10100,2024-12-09,The Fan,Road & Sidewalk,Sidewalk Damage,High,Resolved,1.9,Mobile App,Police,4.7,2024-12,2024Q4,1
RVA-10101,2024-05-08,Short Pump,Water & Utilities,Sewer Problem,Medium,Resolved,0.5,Phone,Transportation,3.5,2024-05,2024Q2,1
RVA-10102,2025-10-09,Shockoe Bottom,Water & Utilities,Sewer Problem,High,Resolved,0.88,Phone,Police,4.2,2025-10,2025Q4,1
RVA-10103,2025-04-16,The Fan,Noise & Nuisance,Abandoned Vehicle,High,Resolved,0.58,Website,Code Enforcement,1.0,2025-04,2025Q2,1
RVA-10104,2024-03-03,West End,Public Safety,Hazardous Condition,Low,Resolved,24.71,Email,Code Enforcement,2.8,2024-03,2024Q1,1
RVA-10105,2024-05-18,West End,Public Safety,Unsafe Structure,Emergency,Closed,0.96,Mobile App,Code Enforcement,4.5,2024-05,2024Q2,1
RVA-10106,2025-05-13,Museum District,Noise & Nuisance,Abandoned Vehicle,High,In Progress,1.73,Website,Transportation,2.4,2025-05,2025Q2,0
RVA-10107,2025-08-15,East End,Road & Sidewalk,Sidewalk Damage,Low,Open,7.35,Phone,Parks & Rec,3.9,2025-08,2025Q3,0
RVA-10108,2025-01-26,Short Pump,Parks & Public Spaces,Park Maintenance,Low,Closed,26.7,Mobile App,Police,3.6,2025-01,2025Q1,1
RVA-10109,2025-11-05,Southside,Parks & Public Spaces,Tree Hazard,Low,Closed,26.95,Website,Police,1.6,2025-11,2025Q4,1
RVA-10110,2025-02-22,Northside,Sanitation,Illegal Dumping,Low,Resolved,34.84,Email,Transportation,4.1,2025-02,2025Q1,1
RVA-10111,2024-10-15,East End,Sanitation,Missed Trash Pickup,High,Resolved,0.27,Mobile App,Code Enforcement,1.5,2024-10,2024Q4,1
RVA-10112,2025-01-13,Shockoe Bottom,Sanitation,Missed Trash Pickup,Medium,Resolved,0.88,Phone,Public Utilities,3.9,2025-01,2025Q1,1
RVA-10113,2025-05-04,Scott's Addition,Noise & Nuisance,Animal Control,High,Resolved,2.26,Mobile App,Code Enforcement,5.0,2025-05,2025Q2,1
RVA-10114,2024-08-18,Museum District,Noise & Nuisance,Property Maintenance,High,Resolved,1.56,Mobile App,Parks & Rec,4.8,2024-08,2024Q3,1
RVA-10115,2024-02-10,Museum District,Noise & Nuisance,Animal Control,Medium,Resolved,0.09,Website,Transportation,4.2,2024-02,2024Q1,1
RVA-10116,2024-01-28,Highland Park,Parks & Public Spaces,Playground Repair,High,Resolved,0.13,Walk-in,Public Utilities,3.1,2024-01,2024Q1,1
RVA-10117,2024-05-14,Oregon Hill,Noise & Nuisance,Noise Complaint,Low,Closed,21.9,Website,Police,3.7,2024-05,2024Q2,1
RVA-10118,2024-07-19,Shockoe Bottom,Public Safety,Hazardous Condition,Medium,Closed,10.16,Phone,Parks & Rec,3.9,2024-07,2024Q3,1
RVA-10119,2024-02-02,Scott's Addition,Parks & Public Spaces,Playground Repair,Medium,Resolved,2.21,Email,Parks & Rec,1.0,2024-02,2024Q1,1
RVA-10120,2024-02-17,Scott's Addition,Sanitation,Bulk Pickup Request,Low,Resolved,22.17,Mobile App,Transportation,1.4,2024-02,2024Q1,1
RVA-10121,2025-05-17,West End,Sanitation,Bulk Pickup Request,Low,Resolved,9.01,Website,Public Utilities,3.4,2025-05,2025Q2,1
RVA-10122,2025-02-10,Museum District,Sanitation,Overflowing Bin,High,Resolved,3.28,Phone,Code Enforcement,1.0,2025-02,2025Q1,1
RVA-10123,2025-07-27,West End,Parks & Public Spaces,Tree Hazard,High,Resolved,1.12,Walk-in,Code Enforcement,4.6,2025-07,2025Q3,1
RVA-10124,2025-12-28,Museum District,Sanitation,Bulk Pickup Request,Medium,Closed,0.6,Website,Public Works,3.0,2025-12,2025Q4,1
RVA-10125,2024-04-08,Fulton,Road & Sidewalk,Street Light Out,High,Closed,1.14,Email,Public Utilities,2.0,2024-04,2024Q2,1
RVA-10126,2025-11-14,Bon Air,Road & Sidewalk,Crosswalk Faded,High,Closed,1.22,Mobile App,Code Enforcement,2.6,2025-11,2025Q4,1
RVA-10127,2025-12-26,East End,Parks & Public Spaces,Graffiti Removal,Medium,Closed,4.0,Website,Parks & Rec,4.4,2025-12,2025Q4,1
RVA-10128,2025-06-30,Ginter Park,Sanitation,Overflowing Bin,Low,Closed,1.12,Website,Transportation,4.7,2025-06,2025Q2,1
RVA-10129,2025-09-04,Lakeside,Noise & Nuisance,Abandoned Vehicle,Emergency,Resolved,2.38,Website,Code Enforcement,1.5,2025-09,2025Q3,1
RVA-10130,2025-04-06,Bon Air,Parks & Public Spaces,Graffiti Removal,Medium,Closed,1.4,Phone,Transportation,4.1,2025-04,2025Q2,1
RVA-10131,2025-10-04,Ginter Park,Parks & Public Spaces,Playground Repair,Low,In Progress,2.21,Mobile App,Code Enforcement,3.3,2025-10,2025Q4,0
RVA-10132,2024-01-05,Bon Air,Sanitation,Illegal Dumping,Medium,Open,3.74,Mobile App,Transportation,3.3,2024-01,2024Q1,0
RVA-10133,2024-08-05,Southside,Road & Sidewalk,Street Light Out,High,Resolved,1.54,Mobile App,Parks & Rec,4.1,2024-08,2024Q3,1
RVA-10134,2025-05-17,Highland Park,Noise & Nuisance,Animal Control,Low,Closed,5.79,Walk-in,Public Utilities,1.9,2025-05,2025Q2,1
RVA-10135,2025-02-01,Short Pump,Parks & Public Spaces,Graffiti Removal,Medium,Resolved,7.39,Walk-in,Public Works,3.1,2025-02,2025Q1,1
RVA-10136,2025-01-27,Scott's Addition,Public Safety,Hazardous Condition,Low,Resolved,7.27,Mobile App,Transportation,2.3,2025-01,2025Q1,1
RVA-10137,2024-07-25,Oregon Hill,Public Safety,Traffic Signal Issue,Emergency,Resolved,0.47,Email,Code Enforcement,1.4,2024-07,2024Q3,1
RVA-10138,2024-01-15,Bon Air,Noise & Nuisance,Abandoned Vehicle,Low,Resolved,12.86,Mobile App,Transportation,1.4,2024-01,2024Q1,1
RVA-10139,2025-07-07,The Fan,Public Safety,Traffic Signal Issue,Medium,Resolved,0.13,Phone,Transportation,1.5,2025-07,2025Q3,1
RVA-10140,2025-04-05,Northside,Public Safety,Missing Sign,Emergency,Closed,0.42,Mobile App,Code Enforcement,3.5,2025-04,2025Q2,1
RVA-10141,2025-11-21,Oregon Hill,Road & Sidewalk,Crosswalk Faded,Low,Closed,21.56,Walk-in,Code Enforcement,1.4,2025-11,2025Q4,1
RVA-10142,2025-07-28,Oregon Hill,Road & Sidewalk,Sidewalk Damage,Emergency,Closed,0.01,Website,Public Utilities,3.3,2025-07,2025Q3,1
RVA-10143,2024-08-28,Fulton,Road & Sidewalk,Sidewalk Damage,Emergency,Resolved,0.26,Phone,Parks & Rec,3.4,2024-08,2024Q3,1
RVA-10144,2025-07-17,Ginter Park,Noise & Nuisance,Abandoned Vehicle,High,Resolved,5.21,Website,Parks & Rec,4.6,2025-07,2025Q3,1
RVA-10145,2024-04-05,Northside,Public Safety,Traffic Signal Issue,Low,Resolved,4.36,Mobile App,Parks & Rec,3.5,2024-04,2024Q2,1
RVA-10146,2025-04-29,Scott's Addition,Water & Utilities,Water Main Break,Medium,Resolved,3.07,Phone,Parks & Rec,4.9,2025-04,2025Q2,1
RVA-10147,2025-02-10,Museum District,Water & Utilities,Water Main Break,High,In Progress,7.98,Phone,Parks & Rec,1.1,2025-02,2025Q1,0
RVA-10148,2024-08-18,Museum District,Sanitation,Missed Trash Pickup,Emergency,Closed,0.11,Mobile App,Parks & Rec,3.8,2024-08,2024Q3,1
RVA-10149,2025-10-16,Oregon Hill,Water & Utilities,Hydrant Issue,Low,Resolved,0.67,Walk-in,Code Enforcement,1.1,2025-10,2025Q4,1
RVA-10150,2024-06-19,Carytown,Public Safety,Missing Sign,High,Closed,3.92,Website,Code Enforcement,3.9,2024-06,2024Q2,1
RVA-10151,2025-06-24,Short Pump,Sanitation,Missed Trash Pickup,Medium,Closed,10.14,Mobile App,Parks & Rec,2.5,2025-06,2025Q2,1
RVA-10152,2024-02-05,Manchester,Sanitation,Missed Trash Pickup,Low,Open,6.39,Mobile App,Parks & Rec,3.4,2024-02,2024Q1,0
RVA-10153,2025-06-08,East End,Noise & Nuisance,Abandoned Vehicle,Medium,Closed,3.61,Mobile App,Public Utilities,2.2,2025-06,2025Q2,1
RVA-10154,2024-06-08,Manchester,Parks & Public Spaces,Graffiti Removal,High,Closed,3.61,Mobile App,Transportation,1.6,2024-06,2024Q2,1
RVA-10155,2025-11-29,Museum District,Sanitation,Illegal Dumping,Medium,Resolved,6.71,Phone,Public Utilities,3.9,2025-11,2025Q4,1
RVA-10156,2024-08-30,The Fan,Road & Sidewalk,Pothole Repair,Medium,Resolved,1.54,Mobile App,Police,4.6,2024-08,2024Q3,1
RVA-10157,2024-03-26,Bon Air,Noise & Nuisance,Animal Control,Emergency,Resolved,0.01,Website,Code Enforcement,1.7,2024-03,2024Q1,1
RVA-10158,2025-07-31,Lakeside,Road & Sidewalk,Sidewalk Damage,Medium,Resolved,3.27,Phone,Parks & Rec,4.7,2025-07,2025Q3,1
RVA-10159,2025-11-12,The Fan,Sanitation,Bulk Pickup Request,Medium,Resolved,9.79,Mobile App,Transportation,1.6,2025-11,2025Q4,1
RVA-10160,2025-07-10,Short Pump,Public Safety,Hazardous Condition,Medium,In Progress,11.31,Email,Code Enforcement,3.9,2025-07,2025Q3,0
RVA-10161,2025-07-27,Ginter Park,Water & Utilities,Storm Drain Blocked,Medium,Resolved,15.64,Mobile App,Police,4.8,2025-07,2025Q3,1
RVA-10162,2025-10-07,Highland Park,Water & Utilities,Hydrant Issue,High,Resolved,4.23,Phone,Public Utilities,1.6,2025-10,2025Q4,1
RVA-10163,2024-01-28,West End,Road & Sidewalk,Sidewalk Damage,Emergency,Open,0.43,Phone,Police,2.7,2024-01,2024Q1,0
RVA-10164,2025-09-11,Church Hill,Road & Sidewalk,Street Light Out,Medium,Resolved,2.94,Mobile App,Public Works,2.3,2025-09,2025Q3,1
RVA-10165,2025-07-09,East End,Noise & Nuisance,Animal Control,High,Resolved,2.98,Mobile App,Public Utilities,2.6,2025-07,2025Q3,1
RVA-10166,2024-12-05,Highland Park,Noise & Nuisance,Noise Complaint,Low,Resolved,13.46,Mobile App,Code Enforcement,4.0,2024-12,2024Q4,1
RVA-10167,2024-11-26,Northside,Road & Sidewalk,Pothole Repair,Low,Open,7.73,Walk-in,Public Utilities,3.6,2024-11,2024Q4,0
RVA-10168,2025-10-01,Bon Air,Parks & Public Spaces,Park Maintenance,Medium,Closed,0.46,Website,Police,4.9,2025-10,2025Q4,1
RVA-10169,2025-05-20,Scott's Addition,Parks & Public Spaces,Graffiti Removal,Low,Resolved,26.05,Website,Parks & Rec,1.7,2025-05,2025Q2,1
RVA-10170,2024-12-13,Scott's Addition,Sanitation,Missed Trash Pickup,Medium,In Progress,3.04,Phone,Transportation,3.2,2024-12,2024Q4,0
RVA-10171,2025-04-17,Ginter Park,Water & Utilities,Sewer Problem,Medium,Resolved,2.26,Phone,Police,2.8,2025-04,2025Q2,1
RVA-10172,2024-08-18,Southside,Noise & Nuisance,Noise Complaint,Low,Resolved,9.93,Mobile App,Police,4.7,2024-08,2024Q3,1
RVA-10173,2024-07-08,The Fan,Public Safety,Missing Sign,Medium,Open,5.6,Mobile App,Parks & Rec,1.0,2024-07,2024Q3,0
RVA-10174,2024-08-12,Oregon Hill,Parks & Public Spaces,Tree Hazard,Medium,Resolved,1.18,Mobile App,Transportation,5.0,2024-08,2024Q3,1
RVA-10175,2025-01-19,Ginter Park,Road & Sidewalk,Sidewalk Damage,Medium,Closed,9.07,Phone,Code Enforcement,2.9,2025-01,2025Q1,1
RVA-10176,2025-01-11,The Fan,Public Safety,Traffic Signal Issue,Emergency,Closed,0.17,Mobile App,Transportation,3.5,2025-01,2025Q1,1
RVA-10177,2024-10-09,The Fan,Sanitation,Illegal Dumping,Medium,Resolved,1.03,Mobile App,Code Enforcement,2.4,2024-10,2024Q4,1
RVA-10178,2025-09-24,Scott's Addition,Road & Sidewalk,Street Light Out,Medium,Closed,2.61,Mobile App,Public Utilities,4.4,2025-09,2025Q3,1
RVA-10179,2025-09-19,Bon Air,Road & Sidewalk,Sidewalk Damage,Emergency,Resolved,0.66,Phone,Police,3.2,2025-09,2025Q3,1
RVA-10180,2024-09-15,Bon Air,Water & Utilities,Hydrant Issue,High,Closed,6.73,Phone,Public Utilities,3.7,2024-09,2024Q3,1
RVA-10181,2024-12-24,Short Pump,Road & Sidewalk,Pothole Repair,Low,Open,16.57,Mobile App,Parks & Rec,3.6,2024-12,2024Q4,0
RVA-10182,2025-12-10,Northside,Noise & Nuisance,Animal Control,Low,Resolved,28.19,Mobile App,Public Works,2.5,2025-12,2025Q4,1
RVA-10183,2025-03-31,Manchester,Water & Utilities,Hydrant Issue,High,Resolved,0.3,Mobile App,Code Enforcement,1.3,2025-03,2025Q1,1
RVA-10184,2025-02-14,Scott's Addition,Road & Sidewalk,Crosswalk Faded,Medium,Resolved,0.37,Mobile App,Parks & Rec,4.2,2025-02,2025Q1,1
RVA-10185,2025-10-10,Highland Park,Water & Utilities,Water Main Break,High,Closed,1.63,Mobile App,Code Enforcement,2.2,2025-10,2025Q4,1
RVA-10186,2024-11-13,Carytown,Water & Utilities,Storm Drain Blocked,High,Resolved,0.69,Mobile App,Public Utilities,4.4,2024-11,2024Q4,1
RVA-10187,2025-11-07,Museum District,Water & Utilities,Water Main Break,Medium,Open,8.8,Website,Public Works,3.4,2025-11,2025Q4,0
RVA-10188,2024-08-12,Southside,Sanitation,Missed Trash Pickup,Emergency,Resolved,0.56,Phone,Transportation,2.4,2024-08,2024Q3,1
RVA-10189,2024-08-21,Carytown,Parks & Public Spaces,Playground Repair,Medium,Resolved,17.66,Mobile App,Police,3.4,2024-08,2024Q3,1
RVA-10190,2025-11-14,Short Pump,Parks & Public Spaces,Graffiti Removal,Low,In Progress,2.94,Mobile App,Transportation,3.6,2025-11,2025Q4,0
RVA-10191,2025-10-25,Northside,Public Safety,Hazardous Condition,High,Closed,1.33,Mobile App,Code Enforcement,3.8,2025-10,2025Q4,1
RVA-10192,2025-01-08,West End,Noise & Nuisance,Noise Complaint,Medium,Closed,3.48,Mobile App,Police,4.3,2025-01,2025Q1,1
RVA-10193,2025-11-02,Scott's Addition,Water & Utilities,Sewer Problem,High,Resolved,0.55,Email,Public Utilities,1.6,2025-11,2025Q4,1
RVA-10194,2025-08-30,Scott's Addition,Parks & Public Spaces,Tree Hazard,Emergency,Resolved,0.45,Walk-in,Code Enforcement,4.8,2025-08,2025Q3,1
RVA-10195,2025-04-16,Northside,Road & Sidewalk,Pothole Repair,High,Resolved,1.17,Mobile App,Transportation,2.6,2025-04,2025Q2,1
RVA-10196,2024-08-20,Bon Air,Parks & Public Spaces,Tree Hazard,Medium,Closed,2.96,Website,Public Utilities,4.4,2024-08,2024Q3,1
RVA-10197,2025-11-22,Scott's Addition,Water & Utilities,Storm Drain Blocked,Medium,Closed,2.25,Mobile App,Police,1.9,2025-11,2025Q4,1
RVA-10198,2024-04-22,Bon Air,Road & Sidewalk,Pothole Repair,Medium,Resolved,0.09,Mobile App,Public Utilities,1.1,2024-04,2024Q2,1
RVA-10199,2025-05-11,West End,Parks & Public Spaces,Park Maintenance,Medium,Closed,3.69,Website,Public Utilities,3.3,2025-05,2025Q2,1
RVA-10200,2025-03-17,Ginter Park,Water & Utilities,Storm Drain Blocked,Medium,Resolved,2.04,Mobile App,Public Utilities,2.3,2025-03,2025Q1,1
RVA-10201,2025-07-17,Carytown,Parks & Public Spaces,Graffiti Removal,High,Resolved,0.0,Phone,Parks & Rec,4.9,2025-07,2025Q3,1
RVA-10202,2024-09-24,Manchester,Sanitation,Bulk Pickup Request,High,Closed,0.74,Website,Parks & Rec,1.4,2024-09,2024Q3,1
RVA-10203,2025-05-24,The Fan,Public Safety,Unsafe Structure,Low,Resolved,3.27,Phone,Code Enforcement,1.2,2025-05,2025Q2,1
RVA-10204,2025-01-20,Oregon Hill,Sanitation,Illegal Dumping,Medium,Resolved,2.5,Email,Public Utilities,1.2,2025-01,2025Q1,1
RVA-10205,2025-01-21,Bon Air,Public Safety,Hazardous Condition,High,Closed,0.28,Website,Transportation,1.9,2025-01,2025Q1,1
RVA-10206,2024-04-22,Carytown,Parks & Public Spaces,Graffiti Removal,Medium,Resolved,3.54,Website,Public Utilities,3.3,2024-04,2024Q2,1
RVA-10207,2025-09-04,Northside,Noise & Nuisance,Noise Complaint,Medium,Resolved,5.9,Phone,Public Utilities,3.0,2025-09,2025Q3,1
RVA-10208,2025-09-16,The Fan,Road & Sidewalk,Street Light Out,High,Closed,1.99,Mobile App,Parks & Rec,2.4,2025-09,2025Q3,1
RVA-10209,2024-03-21,West End,Road & Sidewalk,Crosswalk Faded,High,Closed,3.26,Website,Police,1.4,2024-03,2024Q1,1
RVA-10210,2025-11-29,Shockoe Bottom,Noise & Nuisance,Abandoned Vehicle,Medium,Closed,3.01,Email,Public Utilities,1.9,2025-11,2025Q4,1
RVA-10211,2024-04-22,Carytown,Public Safety,Traffic Signal Issue,High,Resolved,1.46,Phone,Public Works,1.7,2024-04,2024Q2,1
RVA-10212,2024-01-02,Manchester,Sanitation,Missed Trash Pickup,Low,Resolved,16.63,Email,Code Enforcement,4.0,2024-01,2024Q1,1
RVA-10213,2025-10-03,Highland Park,Water & Utilities,Water Main Break,Emergency,Closed,0.28,Mobile App,Parks & Rec,4.1,2025-10,2025Q4,1
RVA-10214,2024-08-07,Carytown,Sanitation,Bulk Pickup Request,Low,Resolved,12.09,Mobile App,Police,4.1,2024-08,2024Q3,1
RVA-10215,2025-07-19,Scott's Addition,Public Safety,Missing Sign,Low,In Progress,5.7,Mobile App,Public Works,4.9,2025-07,2025Q3,0
RVA-10216,2024-08-12,The Fan,Water & Utilities,Sewer Problem,High,Resolved,1.08,Phone,Public Utilities,4.5,2024-08,2024Q3,1
RVA-10217,2025-01-19,Bon Air,Noise & Nuisance,Property Maintenance,Low,Resolved,14.28,Website,Transportation,3.0,2025-01,2025Q1,1
RVA-10218,2025-02-06,Northside,Noise & Nuisance,Noise Complaint,High,In Progress,0.38,Mobile App,Transportation,2.7,2025-02,2025Q1,0
RVA-10219,2025-09-29,West End,Road & Sidewalk,Pothole Repair,High,Closed,0.83,Email,Parks & Rec,4.7,2025-09,2025Q3,1
RVA-10220,2024-05-09,East End,Public Safety,Traffic Signal Issue,High,Closed,0.51,Phone,Public Utilities,3.4,2024-05,2024Q2,1
RVA-10221,2024-02-22,Church Hill,Road & Sidewalk,Crosswalk Faded,Emergency,Resolved,0.22,Phone,Code Enforcement,2.2,2024-02,2024Q1,1
RVA-10222,2025-11-14,Northside,Public Safety,Hazardous Condition,Medium,Closed,1.31,Website,Parks & Rec,3.3,2025-11,2025Q4,1
RVA-10223,2025-12-30,Carytown,Public Safety,Traffic Signal Issue,High,Closed,1.73,Mobile App,Public Works,5.0,2025-12,2025Q4,1
RVA-10224,2025-11-02,Jackson Ward,Water & Utilities,Hydrant Issue,Low,Closed,16.0,Website,Transportation,4.4,2025-11,2025Q4,1
RVA-10225,2025-12-10,Northside,Water & Utilities,Sewer Problem,Medium,Open,7.72,Mobile App,Police,2.1,2025-12,2025Q4,0
RVA-10226,2025-02-19,Northside,Road & Sidewalk,Sidewalk Damage,High,In Progress,0.91,Mobile App,Police,4.8,2025-02,2025Q1,0
RVA-10227,2024-09-03,Carytown,Noise & Nuisance,Abandoned Vehicle,Medium,Open,22.44,Phone,Code Enforcement,4.9,2024-09,2024Q3,0
RVA-10228,2025-03-14,The Fan,Road & Sidewalk,Sidewalk Damage,Medium,Open,4.51,Email,Police,1.9,2025-03,2025Q1,0
RVA-10229,2024-07-21,Highland Park,Sanitation,Overflowing Bin,Medium,Resolved,2.55,Phone,Police,4.6,2024-07,2024Q3,1
RVA-10230,2024-07-02,West End,Sanitation,Bulk Pickup Request,Medium,Resolved,9.03,Website,Code Enforcement,4.5,2024-07,2024Q3,1
RVA-10231,2024-05-02,The Fan,Noise & Nuisance,Noise Complaint,Emergency,Resolved,0.65,Website,Transportation,1.2,2024-05,2024Q2,1
RVA-10232,2025-02-04,Carytown,Noise & Nuisance,Abandoned Vehicle,Low,Open,13.83,Mobile App,Public Works,3.7,2025-02,2025Q1,0
RVA-10233,2024-10-20,Bon Air,Water & Utilities,Hydrant Issue,Medium,Resolved,1.09,Walk-in,Parks & Rec,2.2,2024-10,2024Q4,1
RVA-10234,2024-10-06,Highland Park,Public Safety,Traffic Signal Issue,High,Resolved,1.26,Phone,Transportation,3.7,2024-10,2024Q4,1
RVA-10235,2025-09-01,Bon Air,Sanitation,Overflowing Bin,Medium,Closed,9.9,Mobile App,Parks & Rec,4.7,2025-09,2025Q3,1
RVA-10236,2024-07-16,Scott's Addition,Water & Utilities,Storm Drain Blocked,Low,Open,7.01,Phone,Code Enforcement,3.0,2024-07,2024Q3,0
RVA-10237,2025-05-25,Museum District,Water & Utilities,Sewer Problem,Medium,Closed,5.75,Mobile App,Transportation,2.7,2025-05,2025Q2,1
RVA-10238,2024-05-23,Scott's Addition,Water & Utilities,Storm Drain Blocked,Medium,Closed,4.43,Mobile App,Public Utilities,4.7,2024-05,2024Q2,1
RVA-10239,2025-08-31,Southside,Road & Sidewalk,Street Light Out,Low,Closed,18.47,Mobile App,Code Enforcement,4.9,2025-08,2025Q3,1
RVA-10240,2024-07-19,Carytown,Sanitation,Bulk Pickup Request,High,Closed,0.67,Mobile App,Code Enforcement,1.2,2024-07,2024Q3,1
RVA-10241,2024-05-03,Carytown,Water & Utilities,Hydrant Issue,Medium,Closed,4.28,Website,Code Enforcement,4.7,2024-05,2024Q2,1
RVA-10242,2024-07-05,The Fan,Road & Sidewalk,Pothole Repair,Emergency,Resolved,0.07,Phone,Code Enforcement,1.3,2024-07,2024Q3,1
RVA-10243,2024-11-21,West End,Sanitation,Illegal Dumping,High,Closed,2.34,Website,Police,2.3,2024-11,2024Q4,1
RVA-10244,2025-04-08,Museum District,Parks & Public Spaces,Playground Repair,High,Closed,2.63,Mobile App,Police,4.1,2025-04,2025Q2,1
RVA-10245,2024-12-14,Southside,Water & Utilities,Sewer Problem,Low,Closed,0.44,Website,Transportation,4.1,2024-12,2024Q4,1
RVA-10246,2025-10-21,Woodland Heights,Public Safety,Unsafe Structure,Medium,Resolved,5.63,Mobile App,Public Works,3.9,2025-10,2025Q4,1
RVA-10247,2025-02-06,West End,Water & Utilities,Hydrant Issue,Low,Resolved,5.36,Phone,Code Enforcement,1.2,2025-02,2025Q1,1
RVA-10248,2024-12-11,Museum District,Road & Sidewalk,Sidewalk Damage,Emergency,Closed,0.07,Mobile App,Parks & Rec,1.5,2024-12,2024Q4,1
RVA-10249,2025-05-25,Bon Air,Water & Utilities,Sewer Problem,Low,Resolved,5.45,Phone,Public Utilities,4.7,2025-05,2025Q2,1
RVA-10250,2024-05-26,Museum District,Sanitation,Overflowing Bin,Medium,Closed,1.08,Mobile App,Police,1.3,2024-05,2024Q2,1
RVA-10251,2024-05-27,Carytown,Road & Sidewalk,Street Light Out,Medium,In Progress,2.69,Website,Parks & Rec,1.3,2024-05,2024Q2,0
RVA-10252,2025-12-11,Bon Air,Road & Sidewalk,Sidewalk Damage,Medium,Resolved,2.43,Walk-in,Police,4.3,2025-12,2025Q4,1
RVA-10253,2025-05-03,The Fan,Water & Utilities,Storm Drain Blocked,Low,Resolved,13.41,Website,Transportation,3.6,2025-05,2025Q2,1
RVA-10254,2025-10-01,Northside,Water & Utilities,Water Main Break,Medium,Resolved,7.44,Mobile App,Public Works,2.4,2025-10,2025Q4,1
RVA-10255,2025-07-04,Manchester,Parks & Public Spaces,Tree Hazard,Low,In Progress,9.34,Mobile App,Public Utilities,1.7,2025-07,2025Q3,0
RVA-10256,2024-12-03,Lakeside,Water & Utilities,Storm Drain Blocked,Low,In Progress,0.23,Email,Police,4.5,2024-12,2024Q4,0
RVA-10257,2025-10-02,Northside,Sanitation,Missed Trash Pickup,Medium,Resolved,13.37,Phone,Public Utilities,5.0,2025-10,2025Q4,1
RVA-10258,2025-04-17,Scott's Addition,Noise & Nuisance,Animal Control,High,Resolved,2.32,Email,Public Utilities,1.2,2025-04,2025Q2,1
RVA-10259,2024-05-30,Northside,Public Safety,Traffic Signal Issue,Medium,Open,0.17,Phone,Transportation,3.2,2024-05,2024Q2,0
RVA-10260,2025-02-18,Highland Park,Water & Utilities,Water Main Break,Medium,Closed,8.54,Email,Parks & Rec,2.0,2025-02,2025Q1,1
RVA-10261,2024-10-24,Scott's Addition,Water & Utilities,Hydrant Issue,Medium,Closed,1.12,Email,Police,4.3,2024-10,2024Q4,1
RVA-10262,2025-09-02,Oregon Hill,Parks & Public Spaces,Graffiti Removal,Medium,Closed,4.33,Website,Public Utilities,2.4,2025-09,2025Q3,1
RVA-10263,2024-09-19,Scott's Addition,Road & Sidewalk,Sidewalk Damage,Emergency,In Progress,0.31,Mobile App,Transportation,3.9,2024-09,2024Q3,0
RVA-10264,2024-05-23,Ginter Park,Noise & Nuisance,Noise Complaint,Low,Resolved,5.44,Phone,Code Enforcement,3.2,2024-05,2024Q2,1
RVA-10265,2024-12-11,West End,Road & Sidewalk,Crosswalk Faded,High,Resolved,4.41,Email,Public Utilities,3.2,2024-12,2024Q4,1
RVA-10266,2025-09-15,Ginter Park,Road & Sidewalk,Crosswalk Faded,High,Closed,1.15,Walk-in,Public Utilities,4.4,2025-09,2025Q3,1
RVA-10267,2025-07-25,Shockoe Bottom,Sanitation,Missed Trash Pickup,High,Closed,0.16,Mobile App,Police,2.9,2025-07,2025Q3,1
RVA-10268,2024-01-02,The Fan,Noise & Nuisance,Property Maintenance,Low,Resolved,29.31,Phone,Code Enforcement,4.4,2024-01,2024Q1,1
RVA-10269,2024-10-30,Carytown,Public Safety,Unsafe Structure,Medium,Closed,12.66,Walk-in,Public Utilities,2.5,2024-10,2024Q4,1
RVA-10270,2024-09-10,Shockoe Bottom,Water & Utilities,Storm Drain Blocked,High,In Progress,2.31,Phone,Police,1.7,2024-09,2024Q3,0
RVA-10271,2025-10-13,Short Pump,Road & Sidewalk,Sidewalk Damage,Low,Open,6.31,Walk-in,Police,2.8,2025-10,2025Q4,0
RVA-10272,2025-03-28,Bon Air,Water & Utilities,Hydrant Issue,High,Closed,0.19,Walk-in,Transportation,3.0,2025-03,2025Q1,1
RVA-10273,2024-02-06,Oregon Hill,Noise & Nuisance,Animal Control,High,In Progress,3.13,Email,Public Utilities,2.9,2024-02,2024Q1,0
RVA-10274,2024-06-08,Bon Air,Sanitation,Illegal Dumping,High,In Progress,0.16,Mobile App,Public Works,4.2,2024-06,2024Q2,0
RVA-10275,2024-01-09,The Fan,Parks & Public Spaces,Park Maintenance,Low,Closed,0.71,Mobile App,Public Works,3.3,2024-01,2024Q1,1
RVA-10276,2024-08-20,Bon Air,Public Safety,Hazardous Condition,High,Resolved,1.54,Mobile App,Parks & Rec,4.6,2024-08,2024Q3,1
RVA-10277,2024-04-08,Shockoe Bottom,Sanitation,Missed Trash Pickup,High,Resolved,0.35,Email,Public Works,3.1,2024-04,2024Q2,1
RVA-10278,2025-10-20,Bon Air,Noise & Nuisance,Animal Control,High,Closed,0.02,Phone,Public Works,1.9,2025-10,2025Q4,1
RVA-10279,2024-07-26,The Fan,Water & Utilities,Water Main Break,Low,Resolved,5.5,Mobile App,Police,1.5,2024-07,2024Q3,1
RVA-10280,2024-05-10,Bon Air,Road & Sidewalk,Street Light Out,Low,Resolved,1.48,Mobile App,Police,4.5,2024-05,2024Q2,1
RVA-10281,2025-02-07,Shockoe Bottom,Water & Utilities,Storm Drain Blocked,Medium,In Progress,0.87,Phone,Transportation,1.2,2025-02,2025Q1,0
RVA-10282,2024-05-31,Manchester,Public Safety,Unsafe Structure,Low,In Progress,0.8,Walk-in,Public Utilities,1.5,2024-05,2024Q2,0
RVA-10283,2024-02-23,Museum District,Road & Sidewalk,Crosswalk Faded,Medium,Open,1.15,Website,Public Utilities,1.3,2024-02,2024Q1,0
RVA-10284,2024-04-29,Oregon Hill,Water & Utilities,Water Main Break,Emergency,In Progress,0.63,Website,Police,2.7,2024-04,2024Q2,0
RVA-10285,2025-11-03,East End,Public Safety,Hazardous Condition,Medium,Resolved,8.28,Mobile App,Public Utilities,3.1,2025-11,2025Q4,1
RVA-10286,2025-09-19,Bon Air,Public Safety,Unsafe Structure,High,Resolved,1.2,Email,Police,1.1,2025-09,2025Q3,1
RVA-10287,2025-08-09,Northside,Public Safety,Unsafe Structure,Low,Closed,7.06,Mobile App,Public Works,3.1,2025-08,2025Q3,1
RVA-10288,2025-09-16,West End,Sanitation,Illegal Dumping,Low,Closed,0.33,Website,Public Utilities,2.6,2025-09,2025Q3,1
RVA-10289,2025-02-23,The Fan,Noise & Nuisance,Abandoned Vehicle,Low,Closed,0.72,Mobile App,Public Works,4.1,2025-02,2025Q1,1
RVA-10290,2025-02-25,Southside,Parks & Public Spaces,Graffiti Removal,Medium,Resolved,1.49,Mobile App,Parks & Rec,4.3,2025-02,2025Q1,1
RVA-10291,2024-04-13,Museum District,Road & Sidewalk,Crosswalk Faded,Emergency,In Progress,0.39,Mobile App,Transportation,3.7,2024-04,2024Q2,0
RVA-10292,2024-09-10,Fulton,Road & Sidewalk,Street Light Out,Low,Closed,13.45,Phone,Transportation,2.9,2024-09,2024Q3,1
RVA-10293,2024-08-14,Oregon Hill,Public Safety,Missing Sign,Medium,Resolved,4.64,Website,Public Utilities,1.9,2024-08,2024Q3,1
RVA-10294,2024-04-21,East End,Road & Sidewalk,Sidewalk Damage,Medium,In Progress,2.49,Mobile App,Police,4.4,2024-04,2024Q2,0
RVA-10295,2025-05-24,Scott's Addition,Road & Sidewalk,Pothole Repair,Emergency,Closed,0.06,Mobile App,Transportation,2.4,2025-05,2025Q2,1
RVA-10296,2025-04-17,Scott's Addition,Parks & Public Spaces,Tree Hazard,Low,Resolved,15.18,Walk-in,Police,2.4,2025-04,2025Q2,1
RVA-10297,2024-04-08,Oregon Hill,Noise & Nuisance,Abandoned Vehicle,Low,Resolved,4.52,Mobile App,Transportation,4.7,2024-04,2024Q2,1
RVA-10298,2024-06-01,Manchester,Public Safety,Traffic Signal Issue,Low,Closed,13.32,Mobile App,Parks & Rec,4.9,2024-06,2024Q2,1
RVA-10299,2024-12-03,Scott's Addition,Road & Sidewalk,Crosswalk Faded,Medium,Closed,3.6,Phone,Police,4.6,2024-12,2024Q4,1
RVA-10300,2025-12-06,The Fan,Public Safety,Unsafe Structure,Medium,Resolved,6.71,Walk-in,Public Works,5.0,2025-12,2025Q4,1
RVA-10301,2024-06-11,Ginter Park,Sanitation,Illegal Dumping,High,Resolved,4.76,Mobile App,Police,4.5,2024-06,2024Q2,1
RVA-10302,2025-12-20,The Fan,Sanitation,Overflowing Bin,Medium,Resolved,12.69,Email,Parks & Rec,3.8,2025-12,2025Q4,1
RVA-10303,2025-11-11,Fulton,Road & Sidewalk,Crosswalk Faded,Medium,Closed,3.83,Phone,Code Enforcement,2.2,2025-11,2025Q4,1
RVA-10304,2024-06-09,Carytown,Water & Utilities,Hydrant Issue,Medium,Open,3.58,Phone,Code Enforcement,4.8,2024-06,2024Q2,0
RVA-10305,2025-08-02,The Fan,Road & Sidewalk,Crosswalk Faded,Low,Resolved,3.09,Mobile App,Public Works,4.5,2025-08,2025Q3,1
RVA-10306,2025-02-01,Northside,Parks & Public Spaces,Park Maintenance,Medium,Closed,13.73,Website,Code Enforcement,2.0,2025-02,2025Q1,1
RVA-10307,2024-10-03,Lakeside,Public Safety,Unsafe Structure,Emergency,Resolved,0.31,Mobile App,Police,3.0,2024-10,2024Q4,1
RVA-10308,2025-05-18,Museum District,Parks & Public Spaces,Playground Repair,High,Closed,0.27,Website,Parks & Rec,1.3,2025-05,2025Q2,1
RVA-10309,2025-01-26,Northside,Noise & Nuisance,Animal Control,High,Closed,1.13,Mobile App,Transportation,4.8,2025-01,2025Q1,1
RVA-10310,2024-05-14,Scott's Addition,Water & Utilities,Sewer Problem,High,Resolved,0.27,Phone,Public Works,3.3,2024-05,2024Q2,1
RVA-10311,2024-07-13,East End,Parks & Public Spaces,Graffiti Removal,Low,Closed,6.98,Walk-in,Code Enforcement,2.0,2024-07,2024Q3,1
RVA-10312,2025-02-04,Lakeside,Parks & Public Spaces,Graffiti Removal,Low,Resolved,8.24,Website,Police,2.2,2025-02,2025Q1,1
RVA-10313,2025-10-01,Manchester,Public Safety,Unsafe Structure,Low,Closed,4.12,Mobile App,Transportation,4.9,2025-10,2025Q4,1
RVA-10314,2024-02-02,Ginter Park,Parks & Public Spaces,Park Maintenance,Medium,Closed,0.37,Website,Transportation,3.5,2024-02,2024Q1,1
RVA-10315,2025-11-18,West End,Noise & Nuisance,Animal Control,Low,Resolved,28.74,Website,Police,2.7,2025-11,2025Q4,1
RVA-10316,2025-04-04,Oregon Hill,Noise & Nuisance,Noise Complaint,Medium,Closed,7.42,Mobile App,Public Utilities,3.0,2025-04,2025Q2,1
RVA-10317,2025-04-14,Ginter Park,Public Safety,Hazardous Condition,High,Closed,3.65,Phone,Public Utilities,1.4,2025-04,2025Q2,1
RVA-10318,2025-01-09,Bon Air,Public Safety,Traffic Signal Issue,High,Resolved,0.91,Mobile App,Parks & Rec,1.3,2025-01,2025Q1,1
RVA-10319,2024-01-22,Short Pump,Sanitation,Bulk Pickup Request,High,In Progress,2.86,Phone,Public Works,3.4,2024-01,2024Q1,0
RVA-10320,2025-10-31,Scott's Addition,Road & Sidewalk,Crosswalk Faded,Emergency,In Progress,0.33,Website,Code Enforcement,3.0,2025-10,2025Q4,0
RVA-10321,2024-02-07,Bon Air,Road & Sidewalk,Street Light Out,Low,Resolved,2.24,Mobile App,Code Enforcement,2.4,2024-02,2024Q1,1
RVA-10322,2024-08-17,Shockoe Bottom,Sanitation,Illegal Dumping,Low,Closed,1.33,Mobile App,Police,3.3,2024-08,2024Q3,1
RVA-10323,2024-12-30,The Fan,Sanitation,Missed Trash Pickup,High,Closed,0.85,Mobile App,Code Enforcement,1.3,2024-12,2024Q4,1
RVA-10324,2025-07-16,Manchester,Sanitation,Illegal Dumping,Medium,Resolved,0.74,Email,Parks & Rec,4.8,2025-07,2025Q3,1
RVA-10325,2025-03-13,West End,Sanitation,Missed Trash Pickup,Medium,Resolved,31.8,Website,Public Utilities,2.2,2025-03,2025Q1,1
RVA-10326,2024-10-09,Bon Air,Public Safety,Unsafe Structure,Medium,Resolved,0.25,Mobile App,Police,1.3,2024-10,2024Q4,1
RVA-10327,2024-01-27,Southside,Water & Utilities,Water Main Break,Medium,In Progress,2.91,Phone,Public Works,1.7,2024-01,2024Q1,0
RVA-10328,2024-08-13,Bon Air,Sanitation,Overflowing Bin,Medium,Resolved,3.01,Mobile App,Police,1.4,2024-08,2024Q3,1
RVA-10329,2024-10-03,Carytown,Parks & Public Spaces,Playground Repair,Medium,Resolved,1.79,Website,Code Enforcement,1.7,2024-10,2024Q4,1
RVA-10330,2025-08-31,The Fan,Water & Utilities,Water Main Break,Medium,Resolved,4.24,Phone,Parks & Rec,2.7,2025-08,2025Q3,1
RVA-10331,2024-10-10,Northside,Water & Utilities,Water Main Break,High,Closed,0.32,Email,Public Works,4.0,2024-10,2024Q4,1
RVA-10332,2025-04-25,Bon Air,Water & Utilities,Hydrant Issue,Medium,Resolved,7.66,Mobile App,Police,2.1,2025-04,2025Q2,1
RVA-10333,2025-03-28,Lakeside,Water & Utilities,Sewer Problem,Medium,Resolved,2.02,Phone,Code Enforcement,2.7,2025-03,2025Q1,1
RVA-10334,2025-10-20,The Fan,Public Safety,Missing Sign,Low,In Progress,8.95,Website,Police,4.7,2025-10,2025Q4,0
RVA-10335,2025-05-30,Scott's Addition,Noise & Nuisance,Abandoned Vehicle,Medium,Closed,6.29,Walk-in,Public Works,2.2,2025-05,2025Q2,1
RVA-10336,2025-06-30,Scott's Addition,Water & Utilities,Hydrant Issue,High,Closed,4.4,Phone,Code Enforcement,4.2,2025-06,2025Q2,1
RVA-10337,2024-07-10,Manchester,Road & Sidewalk,Crosswalk Faded,High,Closed,3.61,Website,Public Utilities,1.6,2024-07,2024Q3,1
RVA-10338,2024-02-18,The Fan,Noise & Nuisance,Noise Complaint,High,Resolved,1.87,Mobile App,Transportation,1.7,2024-02,2024Q1,1
RVA-10339,2025-05-26,Bon Air,Water & Utilities,Storm Drain Blocked,Low,Resolved,4.92,Phone,Public Works,2.8,2025-05,2025Q2,1
RVA-10340,2024-01-17,Short Pump,Road & Sidewalk,Pothole Repair,Medium,Resolved,3.5,Walk-in,Public Utilities,1.9,2024-01,2024Q1,1
RVA-10341,2024-06-20,East End,Sanitation,Missed Trash Pickup,Medium,In Progress,7.32,Email,Public Utilities,4.6,2024-06,2024Q2,0
RVA-10342,2024-08-07,The Fan,Sanitation,Bulk Pickup Request,Medium,Closed,10.5,Website,Code Enforcement,1.2,2024-08,2024Q3,1
RVA-10343,2024-06-06,The Fan,Noise & Nuisance,Noise Complaint,Medium,Closed,0.55,Phone,Police,3.4,2024-06,2024Q2,1
RVA-10344,2025-04-21,Northside,Road & Sidewalk,Street Light Out,Medium,In Progress,2.43,Walk-in,Police,3.4,2025-04,2025Q2,0
RVA-10345,2024-02-15,Fulton,Public Safety,Hazardous Condition,Medium,In Progress,7.48,Mobile App,Parks & Rec,1.3,2024-02,2024Q1,0
RVA-10346,2025-01-07,Short Pump,Parks & Public Spaces,Graffiti Removal,High,Closed,1.13,Mobile App,Public Works,3.9,2025-01,2025Q1,1
RVA-10347,2025-06-01,Woodland Heights,Sanitation,Overflowing Bin,Low,Resolved,4.04,Website,Public Works,2.9,2025-06,2025Q2,1
RVA-10348,2024-04-08,Highland Park,Public Safety,Hazardous Condition,High,Resolved,1.06,Mobile App,Code Enforcement,3.9,2024-04,2024Q2,1
RVA-10349,2024-02-06,The Fan,Sanitation,Overflowing Bin,Low,Closed,9.23,Email,Code Enforcement,4.3,2024-02,2024Q1,1
RVA-10350,2024-10-06,Shockoe Bottom,Sanitation,Overflowing Bin,Low,Resolved,85.43,Phone,Parks & Rec,2.3,2024-10,2024Q4,1
RVA-10351,2024-12-14,East End,Parks & Public Spaces,Graffiti Removal,Emergency,Closed,0.34,Phone,Parks & Rec,2.9,2024-12,2024Q4,1
RVA-10352,2025-05-11,Museum District,Public Safety,Hazardous Condition,Emergency,Resolved,0.12,Website,Public Utilities,2.0,2025-05,2025Q2,1
RVA-10353,2024-10-28,Scott's Addition,Road & Sidewalk,Pothole Repair,Low,Closed,1.78,Website,Transportation,1.8,2024-10,2024Q4,1
RVA-10354,2024-06-29,Museum District,Public Safety,Traffic Signal Issue,Medium,Closed,0.22,Phone,Parks & Rec,1.0,2024-06,2024Q2,1
RVA-10355,2025-08-29,Museum District,Sanitation,Missed Trash Pickup,Low,Closed,8.18,Mobile App,Police,4.9,2025-08,2025Q3,1
RVA-10356,2024-04-08,Bon Air,Noise & Nuisance,Property Maintenance,Medium,Open,3.93,Website,Public Utilities,2.8,2024-04,2024Q2,0
RVA-10357,2025-11-30,Carytown,Road & Sidewalk,Street Light Out,High,Resolved,0.46,Mobile App,Transportation,1.1,2025-11,2025Q4,1
RVA-10358,2024-04-25,Scott's Addition,Water & Utilities,Storm Drain Blocked,Emergency,In Progress,0.59,Mobile App,Parks & Rec,1.0,2024-04,2024Q2,0
RVA-10359,2024-07-09,Short Pump,Water & Utilities,Sewer Problem,Medium,Resolved,6.76,Website,Transportation,2.2,2024-07,2024Q3,1
RVA-10360,2024-09-09,West End,Public Safety,Hazardous Condition,Medium,Closed,1.5,Mobile App,Police,1.1,2024-09,2024Q3,1
RVA-10361,2024-06-09,Southside,Parks & Public Spaces,Park Maintenance,Medium,Resolved,2.11,Email,Police,2.5,2024-06,2024Q2,1
RVA-10362,2024-09-12,Bon Air,Road & Sidewalk,Pothole Repair,Medium,Closed,23.27,Website,Public Utilities,1.3,2024-09,2024Q3,1
RVA-10363,2024-11-18,Highland Park,Sanitation,Illegal Dumping,Emergency,Resolved,0.23,Email,Public Utilities,1.2,2024-11,2024Q4,1
RVA-10364,2024-05-07,Northside,Public Safety,Missing Sign,High,Resolved,2.86,Mobile App,Police,3.7,2024-05,2024Q2,1
RVA-10365,2024-01-18,Scott's Addition,Public Safety,Missing Sign,Medium,Closed,3.01,Email,Code Enforcement,4.6,2024-01,2024Q1,1
RVA-10366,2025-07-19,Museum District,Noise & Nuisance,Abandoned Vehicle,Medium,Resolved,7.88,Mobile App,Public Utilities,2.6,2025-07,2025Q3,1
RVA-10367,2025-07-23,West End,Noise & Nuisance,Noise Complaint,Medium,Closed,7.33,Mobile App,Public Works,4.3,2025-07,2025Q3,1
RVA-10368,2024-11-18,Ginter Park,Noise & Nuisance,Abandoned Vehicle,Low,Resolved,11.02,Mobile App,Code Enforcement,1.1,2024-11,2024Q4,1
RVA-10369,2025-11-16,Bon Air,Water & Utilities,Water Main Break,High,Closed,3.86,Phone,Public Works,4.1,2025-11,2025Q4,1
RVA-10370,2025-09-17,Northside,Parks & Public Spaces,Park Maintenance,Medium,Resolved,14.0,Mobile App,Transportation,1.3,2025-09,2025Q3,1
RVA-10371,2024-10-14,Short Pump,Water & Utilities,Sewer Problem,Medium,Closed,4.34,Phone,Transportation,4.4,2024-10,2024Q4,1
RVA-10372,2025-10-24,The Fan,Road & Sidewalk,Sidewalk Damage,Medium,In Progress,1.36,Mobile App,Transportation,4.5,2025-10,2025Q4,0
RVA-10373,2025-09-30,The Fan,Road & Sidewalk,Crosswalk Faded,High,Resolved,1.02,Mobile App,Parks & Rec,4.1,2025-09,2025Q3,1
RVA-10374,2024-06-03,Shockoe Bottom,Road & Sidewalk,Crosswalk Faded,Low,Closed,14.2,Website,Public Utilities,4.3,2024-06,2024Q2,1
RVA-10375,2025-05-04,The Fan,Water & Utilities,Hydrant Issue,High,Closed,2.1,Mobile App,Public Utilities,3.2,2025-05,2025Q2,1
RVA-10376,2025-01-20,Oregon Hill,Noise & Nuisance,Property Maintenance,High,Open,0.39,Website,Police,2.1,2025-01,2025Q1,0
RVA-10377,2024-04-13,Manchester,Parks & Public Spaces,Playground Repair,Emergency,Resolved,0.03,Phone,Public Utilities,3.6,2024-04,2024Q2,1
RVA-10378,2025-01-27,Southside,Public Safety,Unsafe Structure,Medium,Resolved,5.74,Email,Transportation,2.8,2025-01,2025Q1,1
RVA-10379,2024-09-02,Short Pump,Public Safety,Unsafe Structure,Low,In Progress,2.89,Phone,Public Works,1.0,2024-09,2024Q3,0
RVA-10380,2024-06-24,Northside,Noise & Nuisance,Noise Complaint,Medium,Closed,3.46,Email,Code Enforcement,2.9,2024-06,2024Q2,1
RVA-10381,2024-02-08,Museum District,Public Safety,Traffic Signal Issue,Medium,In Progress,6.87,Phone,Parks & Rec,3.6,2024-02,2024Q1,0
RVA-10382,2025-04-21,Scott's Addition,Water & Utilities,Sewer Problem,Low,Resolved,8.27,Email,Code Enforcement,1.1,2025-04,2025Q2,1
RVA-10383,2025-11-12,Bon Air,Public Safety,Hazardous Condition,Medium,Closed,0.43,Mobile App,Public Works,3.5,2025-11,2025Q4,1
RVA-10384,2025-06-21,The Fan,Sanitation,Overflowing Bin,Medium,Resolved,1.03,Website,Parks & Rec,3.6,2025-06,2025Q2,1
RVA-10385,2025-02-11,Bon Air,Public Safety,Unsafe Structure,High,Closed,0.5,Walk-in,Police,1.6,2025-02,2025Q1,1
RVA-10386,2025-06-08,Manchester,Sanitation,Illegal Dumping,Low,Closed,2.98,Mobile App,Public Utilities,2.7,2025-06,2025Q2,1
RVA-10387,2025-05-20,Short Pump,Water & Utilities,Hydrant Issue,Medium,In Progress,4.17,Phone,Public Utilities,4.9,2025-05,2025Q2,0
RVA-10388,2024-02-05,Carytown,Water & Utilities,Sewer Problem,High,Closed,1.4,Walk-in,Police,4.5,2024-02,2024Q1,1
RVA-10389,2025-11-15,The Fan,Road & Sidewalk,Crosswalk Faded,High,Resolved,0.45,Phone,Public Works,2.6,2025-11,2025Q4,1
RVA-10390,2024-01-20,Museum District,Water & Utilities,Hydrant Issue,High,Resolved,0.14,Mobile App,Police,2.4,2024-01,2024Q1,1
RVA-10391,2024-11-16,West End,Water & Utilities,Sewer Problem,High,Open,0.38,Website,Transportation,1.5,2024-11,2024Q4,0
RVA-10392,2025-05-26,Scott's Addition,Parks & Public Spaces,Graffiti Removal,Emergency,In Progress,2.08,Mobile App,Public Works,1.1,2025-05,2025Q2,0
RVA-10393,2025-02-03,Northside,Public Safety,Traffic Signal Issue,Medium,Resolved,3.16,Walk-in,Parks & Rec,2.2,2025-02,2025Q1,1
RVA-10394,2025-10-15,Scott's Addition,Water & Utilities,Storm Drain Blocked,Medium,Resolved,10.1,Mobile App,Code Enforcement,4.8,2025-10,2025Q4,1
RVA-10395,2025-04-15,Oregon Hill,Sanitation,Overflowing Bin,Low,Closed,18.89,Mobile App,Code Enforcement,4.8,2025-04,2025Q2,1
RVA-10396,2024-05-22,Bon Air,Water & Utilities,Storm Drain Blocked,Low,Closed,7.16,Mobile App,Police,4.3,2024-05,2024Q2,1
RVA-10397,2024-04-01,Ginter Park,Parks & Public Spaces,Graffiti Removal,Low,Closed,12.27,Website,Public Utilities,2.4,2024-04,2024Q2,1
RVA-10398,2024-12-19,Short Pump,Water & Utilities,Water Main Break,Low,Resolved,2.14,Email,Police,1.6,2024-12,2024Q4,1
RVA-10399,2025-12-27,Scott's Addition,Sanitation,Illegal Dumping,Medium,Resolved,5.83,Mobile App,Public Utilities,3.4,2025-12,2025Q4,1
RVA-10400,2024-02-20,Shockoe Bottom,Road & Sidewalk,Pothole Repair,Low,Resolved,3.18,Mobile App,Police,3.6,2024-02,2024Q1,1
RVA-10401,2025-10-26,Bon Air,Water & Utilities,Sewer Problem,Low,Resolved,17.84,Phone,Police,2.7,2025-10,2025Q4,1
RVA-10402,2025-11-28,Shockoe Bottom,Parks & Public Spaces,Graffiti Removal,Emergency,Resolved,0.04,Walk-in,Code Enforcement,3.8,2025-11,2025Q4,1
RVA-10403,2025-07-28,Highland Park,Water & Utilities,Hydrant Issue,Low,Closed,14.83,Phone,Transportation,4.0,2025-07,2025Q3,1
RVA-10404,2024-07-08,Oregon Hill,Sanitation,Missed Trash Pickup,High,Resolved,0.21,Mobile App,Public Utilities,4.1,2024-07,2024Q3,1
RVA-10405,2024-05-04,Bon Air,Road & Sidewalk,Crosswalk Faded,Low,Resolved,21.3,Phone,Transportation,3.0,2024-05,2024Q2,1
RVA-10406,2024-05-29,Oregon Hill,Noise & Nuisance,Animal Control,Emergency,In Progress,0.18,Mobile App,Transportation,4.2,2024-05,2024Q2,0
RVA-10407,2024-11-09,Oregon Hill,Noise & Nuisance,Abandoned Vehicle,High,Open,2.12,Phone,Transportation,1.1,2024-11,2024Q4,0
RVA-10408,2025-07-23,Southside,Sanitation,Overflowing Bin,High,Resolved,1.34,Mobile App,Code Enforcement,3.7,2025-07,2025Q3,1
RVA-10409,2024-12-07,Bon Air,Noise & Nuisance,Animal Control,High,In Progress,0.91,Walk-in,Transportation,1.9,2024-12,2024Q4,0
RVA-10410,2024-10-31,Bon Air,Sanitation,Bulk Pickup Request,Low,Closed,10.37,Email,Public Utilities,2.1,2024-10,2024Q4,1
RVA-10411,2025-11-22,West End,Water & Utilities,Water Main Break,Emergency,In Progress,1.47,Website,Parks & Rec,1.4,2025-11,2025Q4,0
RVA-10412,2025-11-12,Highland Park,Water & Utilities,Sewer Problem,High,Closed,0.08,Phone,Transportation,1.8,2025-11,2025Q4,1
RVA-10413,2024-02-23,Northside,Water & Utilities,Hydrant Issue,High,Resolved,5.02,Phone,Transportation,5.0,2024-02,2024Q1,1
RVA-10414,2025-03-19,Highland Park,Noise & Nuisance,Noise Complaint,High,Open,1.88,Mobile App,Parks & Rec,2.7,2025-03,2025Q1,0
RVA-10415,2025-09-04,Ginter Park,Noise & Nuisance,Abandoned Vehicle,Medium,Closed,8.23,Website,Transportation,4.7,2025-09,2025Q3,1
RVA-10416,2024-09-20,Museum District,Noise & Nuisance,Animal Control,High,Resolved,0.97,Phone,Parks & Rec,1.7,2024-09,2024Q3,1
RVA-10417,2024-02-22,Southside,Road & Sidewalk,Street Light Out,Medium,Resolved,3.19,Email,Public Works,1.8,2024-02,2024Q1,1
RVA-10418,2025-07-25,Short Pump,Parks & Public Spaces,Playground Repair,Medium,Closed,10.16,Mobile App,Code Enforcement,3.2,2025-07,2025Q3,1
RVA-10419,2025-09-11,Northside,Water & Utilities,Hydrant Issue,Low,Open,5.36,Website,Code Enforcement,2.4,2025-09,2025Q3,0
RVA-10420,2024-01-05,Fulton,Water & Utilities,Sewer Problem,Emergency,Resolved,0.38,Website,Parks & Rec,3.6,2024-01,2024Q1,1
RVA-10421,2024-04-12,Oregon Hill,Parks & Public Spaces,Park Maintenance,Low,Closed,0.2,Mobile App,Police,2.7,2024-04,2024Q2,1
RVA-10422,2024-07-14,Scott's Addition,Parks & Public Spaces,Park Maintenance,Low,Closed,1.73,Website,Code Enforcement,4.2,2024-07,2024Q3,1
RVA-10423,2024-12-15,Museum District,Parks & Public Spaces,Park Maintenance,Medium,Resolved,5.13,Email,Public Utilities,2.7,2024-12,2024Q4,1
RVA-10424,2024-02-16,Scott's Addition,Parks & Public Spaces,Park Maintenance,High,Open,2.52,Email,Code Enforcement,3.3,2024-02,2024Q1,0
RVA-10425,2025-10-17,Lakeside,Noise & Nuisance,Animal Control,Medium,Closed,4.37,Website,Code Enforcement,2.3,2025-10,2025Q4,1
RVA-10426,2024-09-25,Bon Air,Public Safety,Traffic Signal Issue,Low,Resolved,1.55,Mobile App,Public Utilities,3.8,2024-09,2024Q3,1
RVA-10427,2025-01-04,Southside,Water & Utilities,Sewer Problem,Low,In Progress,5.9,Walk-in,Parks & Rec,3.6,2025-01,2025Q1,0
RVA-10428,2025-09-27,Ginter Park,Water & Utilities,Storm Drain Blocked,High,Resolved,0.88,Website,Parks & Rec,2.6,2025-09,2025Q3,1
RVA-10429,2024-04-15,Shockoe Bottom,Sanitation,Overflowing Bin,Emergency,Closed,0.34,Mobile App,Public Utilities,2.1,2024-04,2024Q2,1
RVA-10430,2025-10-31,Bon Air,Noise & Nuisance,Animal Control,High,Open,4.09,Mobile App,Code Enforcement,3.5,2025-10,2025Q4,0
RVA-10431,2025-10-20,Northside,Noise & Nuisance,Animal Control,Medium,Closed,7.48,Mobile App,Transportation,4.8,2025-10,2025Q4,1
RVA-10432,2025-10-18,The Fan,Water & Utilities,Storm Drain Blocked,Emergency,Resolved,0.04,Mobile App,Code Enforcement,1.5,2025-10,2025Q4,1
RVA-10433,2024-04-29,Southside,Road & Sidewalk,Sidewalk Damage,Medium,Resolved,11.05,Website,Parks & Rec,4.2,2024-04,2024Q2,1
RVA-10434,2025-08-26,Bon Air,Water & Utilities,Sewer Problem,Medium,Closed,3.19,Mobile App,Transportation,3.2,2025-08,2025Q3,1
RVA-10435,2024-02-27,The Fan,Public Safety,Unsafe Structure,Medium,Closed,6.81,Mobile App,Public Works,3.1,2024-02,2024Q1,1
RVA-10436,2024-12-11,Northside,Noise & Nuisance,Animal Control,Medium,Resolved,0.75,Phone,Parks & Rec,4.8,2024-12,2024Q4,1
RVA-10437,2025-04-18,Bon Air,Parks & Public Spaces,Park Maintenance,High,In Progress,2.22,Phone,Public Utilities,3.4,2025-04,2025Q2,0
RVA-10438,2024-04-26,The Fan,Water & Utilities,Storm Drain Blocked,Medium,Closed,1.35,Mobile App,Transportation,4.3,2024-04,2024Q2,1
RVA-10439,2024-05-06,Southside,Noise & Nuisance,Abandoned Vehicle,Medium,Closed,2.88,Mobile App,Public Works,3.1,2024-05,2024Q2,1
RVA-10440,2025-01-27,Museum District,Sanitation,Illegal Dumping,Medium,Resolved,0.09,Mobile App,Public Works,2.0,2025-01,2025Q1,1
RVA-10441,2025-10-02,Oregon Hill,Noise & Nuisance,Noise Complaint,Low,Resolved,1.64,Website,Public Utilities,3.8,2025-10,2025Q4,1
RVA-10442,2024-02-27,Southside,Sanitation,Overflowing Bin,Medium,Closed,0.48,Mobile App,Transportation,4.7,2024-02,2024Q1,1
RVA-10443,2025-09-25,The Fan,Sanitation,Overflowing Bin,Low,Closed,2.74,Phone,Police,4.4,2025-09,2025Q3,1
RVA-10444,2025-05-27,Highland Park,Parks & Public Spaces,Graffiti Removal,Low,Closed,1.05,Mobile App,Parks & Rec,1.8,2025-05,2025Q2,1
RVA-10445,2024-04-05,The Fan,Parks & Public Spaces,Tree Hazard,High,Resolved,2.35,Mobile App,Code Enforcement,2.3,2024-04,2024Q2,1
RVA-10446,2025-09-29,Manchester,Sanitation,Overflowing Bin,High,Resolved,0.06,Phone,Transportation,3.1,2025-09,2025Q3,1
RVA-10447,2024-04-27,Lakeside,Sanitation,Missed Trash Pickup,High,Resolved,1.92,Mobile App,Parks & Rec,3.3,2024-04,2024Q2,1
RVA-10448,2025-07-13,Oregon Hill,Road & Sidewalk,Street Light Out,Medium,Resolved,0.76,Mobile App,Public Utilities,1.8,2025-07,2025Q3,1
RVA-10449,2025-08-23,Manchester,Sanitation,Missed Trash Pickup,High,Resolved,5.81,Mobile App,Code Enforcement,1.9,2025-08,2025Q3,1
RVA-10450,2025-05-02,Ginter Park,Sanitation,Missed Trash Pickup,Emergency,Resolved,1.35,Mobile App,Police,4.0,2025-05,2025Q2,1
RVA-10451,2024-08-24,Bon Air,Noise & Nuisance,Noise Complaint,High,In Progress,0.51,Website,Public Utilities,3.9,2024-08,2024Q3,0
RVA-10452,2024-09-28,Ginter Park,Public Safety,Hazardous Condition,Medium,Resolved,4.77,Mobile App,Parks & Rec,4.4,2024-09,2024Q3,1
RVA-10453,2024-07-07,Short Pump,Noise & Nuisance,Abandoned Vehicle,Medium,Closed,0.14,Walk-in,Public Works,4.7,2024-07,2024Q3,1
RVA-10454,2025-12-04,Fulton,Water & Utilities,Sewer Problem,Emergency,Closed,1.34,Walk-in,Public Utilities,2.2,2025-12,2025Q4,1
RVA-10455,2025-03-22,Bon Air,Water & Utilities,Sewer Problem,Medium,Resolved,3.7,Website,Public Utilities,4.4,2025-03,2025Q1,1
RVA-10456,2025-08-03,Museum District,Public Safety,Traffic Signal Issue,Low,In Progress,0.44,Mobile App,Parks & Rec,3.7,2025-08,2025Q3,0
RVA-10457,2024-09-03,Scott's Addition,Sanitation,Overflowing Bin,Medium,Resolved,2.1,Walk-in,Police,4.8,2024-09,2024Q3,1
RVA-10458,2024-03-16,Carytown,Water & Utilities,Sewer Problem,Low,Closed,0.8,Mobile App,Parks & Rec,2.1,2024-03,2024Q1,1
RVA-10459,2024-06-02,Museum District,Public Safety,Missing Sign,Emergency,Resolved,0.25,Mobile App,Parks & Rec,2.1,2024-06,2024Q2,1
RVA-10460,2025-10-17,Bon Air,Parks & Public Spaces,Playground Repair,Medium,Closed,5.54,Mobile App,Police,3.8,2025-10,2025Q4,1
RVA-10461,2025-03-10,Northside,Parks & Public Spaces,Playground Repair,Medium,Resolved,3.17,Email,Police,4.7,2025-03,2025Q1,1
RVA-10462,2024-03-26,East End,Water & Utilities,Storm Drain Blocked,High,Resolved,0.97,Mobile App,Public Utilities,4.3,2024-03,2024Q1,1
RVA-10463,2025-11-27,Carytown,Noise & Nuisance,Animal Control,Medium,Closed,0.63,Email,Public Works,3.9,2025-11,2025Q4,1
RVA-10464,2024-10-11,Church Hill,Road & Sidewalk,Sidewalk Damage,Low,In Progress,2.81,Mobile App,Parks & Rec,2.5,2024-10,2024Q4,0
RVA-10465,2024-08-07,Museum District,Water & Utilities,Water Main Break,Medium,Resolved,0.53,Email,Public Works,3.9,2024-08,2024Q3,1
RVA-10466,2024-03-09,Bon Air,Sanitation,Bulk Pickup Request,High,Resolved,3.3,Email,Police,4.2,2024-03,2024Q1,1
RVA-10467,2024-02-16,Oregon Hill,Road & Sidewalk,Pothole Repair,Medium,Open,0.73,Email,Police,4.0,2024-02,2024Q1,0
RVA-10468,2024-04-03,Woodland Heights,Water & Utilities,Storm Drain Blocked,High,Resolved,1.81,Phone,Parks & Rec,3.7,2024-04,2024Q2,1
RVA-10469,2025-03-28,Carytown,Sanitation,Bulk Pickup Request,Low,Resolved,4.2,Walk-in,Public Utilities,1.2,2025-03,2025Q1,1
RVA-10470,2024-07-22,Southside,Noise & Nuisance,Abandoned Vehicle,Low,Closed,2.56,Email,Parks & Rec,3.6,2024-07,2024Q3,1
RVA-10471,2024-08-05,Northside,Noise & Nuisance,Property Maintenance,Low,Closed,10.2,Mobile App,Public Utilities,2.9,2024-08,2024Q3,1
RVA-10472,2025-04-18,Ginter Park,Sanitation,Overflowing Bin,Medium,Closed,3.05,Phone,Code Enforcement,4.8,2025-04,2025Q2,1
RVA-10473,2025-03-07,The Fan,Road & Sidewalk,Pothole Repair,High,Resolved,1.02,Website,Public Utilities,3.4,2025-03,2025Q1,1
RVA-10474,2024-12-06,Shockoe Bottom,Noise & Nuisance,Property Maintenance,High,Resolved,1.8,Mobile App,Parks & Rec,3.4,2024-12,2024Q4,1
RVA-10475,2025-07-04,Scott's Addition,Public Safety,Unsafe Structure,Medium,Resolved,3.38,Website,Parks & Rec,5.0,2025-07,2025Q3,1
RVA-10476,2025-09-03,Bon Air,Public Safety,Missing Sign,Medium,Resolved,1.81,Mobile App,Public Utilities,1.4,2025-09,2025Q3,1
RVA-10477,2024-10-15,Shockoe Bottom,Water & Utilities,Storm Drain Blocked,High,Resolved,1.64,Phone,Public Works,2.1,2024-10,2024Q4,1
RVA-10478,2024-09-10,The Fan,Public Safety,Unsafe Structure,Low,Closed,11.07,Mobile App,Public Utilities,3.6,2024-09,2024Q3,1
RVA-10479,2024-12-22,Short Pump,Public Safety,Traffic Signal Issue,Low,In Progress,0.27,Mobile App,Code Enforcement,2.3,2024-12,2024Q4,0
RVA-10480,2024-01-23,Short Pump,Noise & Nuisance,Property Maintenance,Emergency,Closed,0.31,Mobile App,Code Enforcement,2.4,2024-01,2024Q1,1
RVA-10481,2025-06-05,Ginter Park,Noise & Nuisance,Abandoned Vehicle,Medium,Open,0.3,Walk-in,Public Works,4.6,2025-06,2025Q2,0
RVA-10482,2024-04-09,Bon Air,Road & Sidewalk,Crosswalk Faded,Emergency,Resolved,0.1,Mobile App,Code Enforcement,3.3,2024-04,2024Q2,1
RVA-10483,2024-06-28,Short Pump,Public Safety,Traffic Signal Issue,Medium,Resolved,4.11,Walk-in,Parks & Rec,1.4,2024-06,2024Q2,1
RVA-10484,2024-08-10,Bon Air,Sanitation,Illegal Dumping,High,Resolved,4.02,Website,Public Works,2.2,2024-08,2024Q3,1
RVA-10485,2025-10-20,West End,Noise & Nuisance,Animal Control,Low,In Progress,21.44,Phone,Public Works,1.3,2025-10,2025Q4,0
RVA-10486,2025-03-17,Scott's Addition,Water & Utilities,Water Main Break,Medium,Closed,0.36,Mobile App,Public Works,3.2,2025-03,2025Q1,1
RVA-10487,2025-08-30,Bon Air,Road & Sidewalk,Crosswalk Faded,Medium,Closed,2.72,Mobile App,Transportation,1.7,2025-08,2025Q3,1
RVA-10488,2024-11-20,East End,Water & Utilities,Storm Drain Blocked,Medium,Closed,4.37,Phone,Public Utilities,4.4,2024-11,2024Q4,1
RVA-10489,2025-05-30,Museum District,Road & Sidewalk,Street Light Out,Low,Resolved,1.59,Mobile App,Public Utilities,3.3,2025-05,2025Q2,1
RVA-10490,2024-01-16,West End,Noise & Nuisance,Animal Control,Medium,Closed,7.25,Phone,Public Works,1.2,2024-01,2024Q1,1
RVA-10491,2024-12-01,Jackson Ward,Parks & Public Spaces,Playground Repair,Low,Closed,13.63,Email,Code Enforcement,2.2,2024-12,2024Q4,1
RVA-10492,2024-09-14,Carytown,Public Safety,Traffic Signal Issue,High,Resolved,4.67,Mobile App,Transportation,3.5,2024-09,2024Q3,1
RVA-10493,2025-05-11,West End,Public Safety,Unsafe Structure,Medium,Closed,0.04,Phone,Transportation,2.3,2025-05,2025Q2,1
RVA-10494,2024-06-08,Ginter Park,Public Safety,Unsafe Structure,Low,Resolved,2.44,Email,Parks & Rec,3.1,2024-06,2024Q2,1
RVA-10495,2025-04-19,West End,Sanitation,Illegal Dumping,Low,Resolved,17.56,Walk-in,Parks & Rec,4.6,2025-04,2025Q2,1
RVA-10496,2025-10-25,Scott's Addition,Public Safety,Hazardous Condition,Low,Resolved,11.1,Walk-in,Public Utilities,2.4,2025-10,2025Q4,1
RVA-10497,2025-11-20,Bon Air,Sanitation,Missed Trash Pickup,Medium,Resolved,11.24,Walk-in,Police,2.3,2025-11,2025Q4,1
RVA-10498,2025-11-05,The Fan,Water & Utilities,Sewer Problem,Low,Open,0.59,Mobile App,Public Works,4.3,2025-11,2025Q4,0
RVA-10499,2025-01-14,Manchester,Sanitation,Illegal Dumping,High,Resolved,1.82,Walk-in,Police,2.3,2025-01,2025Q1,1
RVA-10500,2025-06-28,Scott's Addition,Sanitation,Illegal Dumping,Low,Closed,8.42,Email,Parks & Rec,1.3,2025-06,2025Q2,1
RVA-10501,2025-11-21,The Fan,Parks & Public Spaces,Graffiti Removal,Low,Closed,0.36,Phone,Public Utilities,1.7,2025-11,2025Q4,1
RVA-10502,2025-03-02,Jackson Ward,Noise & Nuisance,Abandoned Vehicle,High,Closed,1.44,Phone,Public Utilities,4.8,2025-03,2025Q1,1
RVA-10503,2025-09-04,Southside,Road & Sidewalk,Street Light Out,High,Resolved,1.88,Phone,Public Utilities,4.7,2025-09,2025Q3,1
RVA-10504,2024-09-24,Woodland Heights,Public Safety,Traffic Signal Issue,Low,Resolved,2.12,Mobile App,Public Utilities,1.9,2024-09,2024Q3,1
RVA-10505,2025-07-30,Bon Air,Sanitation,Overflowing Bin,High,In Progress,0.64,Mobile App,Public Utilities,3.2,2025-07,2025Q3,0
RVA-10506,2025-02-20,Highland Park,Public Safety,Missing Sign,Medium,Closed,5.11,Website,Public Works,1.5,2025-02,2025Q1,1
RVA-10507,2024-06-16,Museum District,Public Safety,Unsafe Structure,High,Open,1.26,Phone,Transportation,3.7,2024-06,2024Q2,0
RVA-10508,2024-02-12,West End,Parks & Public Spaces,Tree Hazard,Medium,Resolved,9.76,Phone,Police,1.7,2024-02,2024Q1,1
RVA-10509,2025-07-09,Ginter Park,Noise & Nuisance,Animal Control,High,Closed,0.84,Mobile App,Transportation,1.2,2025-07,2025Q3,1
RVA-10510,2024-10-11,Museum District,Public Safety,Traffic Signal Issue,Emergency,Resolved,0.16,Website,Parks & Rec,4.3,2024-10,2024Q4,1
RVA-10511,2025-01-31,Highland Park,Parks & Public Spaces,Graffiti Removal,Low,Open,41.91,Mobile App,Parks & Rec,2.3,2025-01,2025Q1,0
RVA-10512,2024-01-12,Museum District,Parks & Public Spaces,Park Maintenance,Medium,Closed,12.1,Mobile App,Transportation,1.4,2024-01,2024Q1,1
RVA-10513,2025-08-29,Oregon Hill,Parks & Public Spaces,Playground Repair,Medium,Resolved,0.15,Website,Public Utilities,4.3,2025-08,2025Q3,1
RVA-10514,2024-10-28,Short Pump,Sanitation,Illegal Dumping,Low,Open,14.73,Phone,Public Utilities,4.0,2024-10,2024Q4,0
RVA-10515,2024-09-09,East End,Sanitation,Bulk Pickup Request,Low,Open,1.17,Mobile App,Transportation,3.7,2024-09,2024Q3,0
RVA-10516,2025-05-13,West End,Water & Utilities,Storm Drain Blocked,Low,Resolved,0.28,Phone,Public Utilities,4.6,2025-05,2025Q2,1
RVA-10517,2024-02-04,Oregon Hill,Parks & Public Spaces,Graffiti Removal,Medium,In Progress,1.6,Website,Transportation,3.0,2024-02,2024Q1,0
RVA-10518,2025-12-27,Northside,Sanitation,Overflowing Bin,Medium,Closed,1.57,Website,Code Enforcement,1.5,2025-12,2025Q4,1
RVA-10519,2024-03-30,Bon Air,Public Safety,Hazardous Condition,Medium,Resolved,8.56,Phone,Parks & Rec,1.2,2024-03,2024Q1,1
RVA-10520,2025-08-27,Bon Air,Sanitation,Missed Trash Pickup,Low,Closed,12.4,Mobile App,Public Utilities,2.3,2025-08,2025Q3,1
RVA-10521,2025-08-24,Scott's Addition,Sanitation,Bulk Pickup Request,Medium,In Progress,19.98,Website,Police,1.3,2025-08,2025Q3,0
RVA-10522,2025-02-21,Shockoe Bottom,Water & Utilities,Storm Drain Blocked,Emergency,Resolved,0.62,Walk-in,Code Enforcement,3.1,2025-02,2025Q1,1
RVA-10523,2024-04-24,East End,Parks & Public Spaces,Graffiti Removal,Medium,Closed,2.71,Website,Public Works,1.1,2024-04,2024Q2,1
RVA-10524,2025-09-08,Museum District,Public Safety,Hazardous Condition,Medium,Closed,6.0,Walk-in,Code Enforcement,2.8,2025-09,2025Q3,1
RVA-10525,2024-07-14,The Fan,Water & Utilities,Water Main Break,High,Resolved,15.04,Phone,Code Enforcement,1.7,2024-07,2024Q3,1
RVA-10526,2025-05-15,Oregon Hill,Sanitation,Missed Trash Pickup,High,Closed,2.48,Website,Code Enforcement,2.5,2025-05,2025Q2,1
RVA-10527,2025-09-17,Highland Park,Water & Utilities,Water Main Break,Medium,Resolved,7.17,Walk-in,Police,3.7,2025-09,2025Q3,1
RVA-10528,2025-05-07,Highland Park,Public Safety,Traffic Signal Issue,High,Resolved,5.57,Website,Parks & Rec,2.4,2025-05,2025Q2,1
RVA-10529,2024-03-15,Museum District,Noise & Nuisance,Noise Complaint,Medium,Closed,0.6,Email,Public Utilities,2.4,2024-03,2024Q1,1
RVA-10530,2025-02-16,Museum District,Water & Utilities,Hydrant Issue,High,Open,2.44,Phone,Police,5.0,2025-02,2025Q1,0
RVA-10531,2025-01-10,Northside,Noise & Nuisance,Abandoned Vehicle,Low,Open,19.03,Email,Police,3.9,2025-01,2025Q1,0
RVA-10532,2025-02-23,Scott's Addition,Parks & Public Spaces,Playground Repair,Medium,Resolved,15.44,Website,Transportation,3.1,2025-02,2025Q1,1
RVA-10533,2025-12-29,Short Pump,Sanitation,Illegal Dumping,Low,Resolved,2.37,Walk-in,Public Utilities,3.3,2025-12,2025Q4,1
RVA-10534,2024-10-03,The Fan,Water & Utilities,Sewer Problem,High,Resolved,1.4,Mobile App,Transportation,3.5,2024-10,2024Q4,1
RVA-10535,2025-11-06,Museum District,Noise & Nuisance,Noise Complaint,Medium,In Progress,5.71,Website,Transportation,1.1,2025-11,2025Q4,0
RVA-10536,2025-01-28,Manchester,Public Safety,Traffic Signal Issue,Low,Resolved,2.84,Walk-in,Code Enforcement,1.3,2025-01,2025Q1,1
RVA-10537,2025-04-01,East End,Noise & Nuisance,Abandoned Vehicle,Low,Resolved,9.17,Mobile App,Transportation,3.6,2025-04,2025Q2,1
RVA-10538,2024-07-10,Southside,Noise & Nuisance,Property Maintenance,Emergency,Resolved,0.15,Website,Public Works,2.5,2024-07,2024Q3,1
RVA-10539,2025-11-19,Oregon Hill,Public Safety,Traffic Signal Issue,High,Resolved,0.81,Walk-in,Code Enforcement,1.2,2025-11,2025Q4,1
RVA-10540,2024-04-08,The Fan,Road & Sidewalk,Pothole Repair,Medium,Resolved,2.91,Mobile App,Code Enforcement,2.2,2024-04,2024Q2,1
RVA-10541,2025-07-01,Scott's Addition,Road & Sidewalk,Sidewalk Damage,Medium,Closed,3.77,Phone,Transportation,1.5,2025-07,2025Q3,1
RVA-10542,2024-04-05,Southside,Water & Utilities,Sewer Problem,Medium,Closed,2.98,Phone,Transportation,4.7,2024-04,2024Q2,1
RVA-10543,2025-10-25,The Fan,Road & Sidewalk,Pothole Repair,Medium,Closed,3.4,Phone,Parks & Rec,1.8,2025-10,2025Q4,1
RVA-10544,2025-10-24,Carytown,Public Safety,Hazardous Condition,Emergency,Resolved,0.18,Mobile App,Code Enforcement,1.6,2025-10,2025Q4,1
RVA-10545,2024-07-08,East End,Sanitation,Bulk Pickup Request,Low,Resolved,1.73,Mobile App,Public Works,3.5,2024-07,2024Q3,1
RVA-10546,2024-02-06,Highland Park,Road & Sidewalk,Street Light Out,Medium,Resolved,0.24,Mobile App,Police,3.1,2024-02,2024Q1,1
RVA-10547,2025-01-03,Manchester,Public Safety,Hazardous Condition,Medium,Closed,1.09,Mobile App,Transportation,3.3,2025-01,2025Q1,1
RVA-10548,2025-11-25,Museum District,Water & Utilities,Sewer Problem,Medium,Resolved,4.36,Mobile App,Code Enforcement,2.7,2025-11,2025Q4,1
RVA-10549,2025-06-08,Bon Air,Sanitation,Illegal Dumping,Medium,Closed,7.71,Website,Police,2.9,2025-06,2025Q2,1
RVA-10550,2024-10-05,Bon Air,Sanitation,Bulk Pickup Request,Medium,Closed,0.93,Phone,Transportation,4.1,2024-10,2024Q4,1
RVA-10551,2024-08-04,Manchester,Noise & Nuisance,Animal Control,Low,Open,1.15,Website,Parks & Rec,1.9,2024-08,2024Q3,0
RVA-10552,2024-09-29,Highland Park,Public Safety,Missing Sign,Medium,Open,6.92,Mobile App,Transportation,2.6,2024-09,2024Q3,0
RVA-10553,2024-03-02,Northside,Water & Utilities,Water Main Break,Low,In Progress,3.64,Phone,Public Works,4.8,2024-03,2024Q1,0
RVA-10554,2025-08-18,Bon Air,Noise & Nuisance,Noise Complaint,Low,Resolved,30.26,Mobile App,Public Utilities,1.8,2025-08,2025Q3,1
RVA-10555,2025-12-29,Museum District,Noise & Nuisance,Abandoned Vehicle,Low,In Progress,12.53,Walk-in,Public Utilities,2.2,2025-12,2025Q4,0
RVA-10556,2024-12-07,Highland Park,Sanitation,Bulk Pickup Request,High,Closed,0.79,Website,Transportation,1.8,2024-12,2024Q4,1
RVA-10557,2025-01-31,Highland Park,Road & Sidewalk,Street Light Out,Medium,Open,1.71,Walk-in,Parks & Rec,1.1,2025-01,2025Q1,0
RVA-10558,2025-11-29,Museum District,Public Safety,Unsafe Structure,Medium,Resolved,3.71,Mobile App,Public Works,2.1,2025-11,2025Q4,1
RVA-10559,2024-01-19,Highland Park,Parks & Public Spaces,Playground Repair,High,In Progress,0.16,Website,Transportation,1.2,2024-01,2024Q1,0
RVA-10560,2024-06-25,Scott's Addition,Road & Sidewalk,Street Light Out,High,Closed,0.25,Phone,Police,1.6,2024-06,2024Q2,1
RVA-10561,2025-09-03,Carytown,Road & Sidewalk,Crosswalk Faded,Medium,Closed,0.97,Walk-in,Parks & Rec,2.5,2025-09,2025Q3,1
RVA-10562,2025-01-30,Museum District,Noise & Nuisance,Property Maintenance,Medium,Closed,7.45,Phone,Code Enforcement,1.1,2025-01,2025Q1,1
RVA-10563,2025-03-20,Bon Air,Parks & Public Spaces,Playground Repair,Medium,Closed,3.61,Phone,Police,4.0,2025-03,2025Q1,1
RVA-10564,2024-08-20,Lakeside,Road & Sidewalk,Crosswalk Faded,Medium,Resolved,0.05,Mobile App,Transportation,4.2,2024-08,2024Q3,1
RVA-10565,2024-03-16,Southside,Road & Sidewalk,Crosswalk Faded,Medium,Resolved,5.6,Website,Code Enforcement,2.6,2024-03,2024Q1,1
RVA-10566,2024-09-21,Southside,Public Safety,Traffic Signal Issue,High,In Progress,1.1,Mobile App,Code Enforcement,4.9,2024-09,2024Q3,0
RVA-10567,2025-03-30,Carytown,Sanitation,Overflowing Bin,High,Resolved,1.43,Mobile App,Police,3.7,2025-03,2025Q1,1
RVA-10568,2025-12-18,Oregon Hill,Road & Sidewalk,Street Light Out,Low,Closed,2.41,Mobile App,Code Enforcement,4.0,2025-12,2025Q4,1
RVA-10569,2025-01-18,West End,Sanitation,Illegal Dumping,Low,Open,8.02,Email,Public Utilities,1.8,2025-01,2025Q1,0
RVA-10570,2025-07-17,Bon Air,Sanitation,Overflowing Bin,Medium,Open,19.35,Mobile App,Police,4.3,2025-07,2025Q3,0
RVA-10571,2025-05-20,Shockoe Bottom,Noise & Nuisance,Abandoned Vehicle,Medium,Resolved,0.38,Walk-in,Parks & Rec,4.8,2025-05,2025Q2,1
RVA-10572,2025-01-01,Museum District,Sanitation,Bulk Pickup Request,Low,Resolved,3.34,Email,Public Utilities,1.9,2025-01,2025Q1,1
RVA-10573,2024-05-23,Carytown,Parks & Public Spaces,Playground Repair,High,Closed,0.56,Email,Parks & Rec,3.7,2024-05,2024Q2,1
RVA-10574,2024-03-09,Scott's Addition,Sanitation,Bulk Pickup Request,Low,Resolved,2.86,Walk-in,Public Works,4.0,2024-03,2024Q1,1
RVA-10575,2024-04-08,Oregon Hill,Water & Utilities,Storm Drain Blocked,Emergency,Closed,0.24,Walk-in,Parks & Rec,2.2,2024-04,2024Q2,1
RVA-10576,2025-01-30,Short Pump,Public Safety,Traffic Signal Issue,High,Resolved,3.41,Mobile App,Police,2.9,2025-01,2025Q1,1
RVA-10577,2024-01-25,Scott's Addition,Public Safety,Hazardous Condition,High,In Progress,4.88,Mobile App,Parks & Rec,1.4,2024-01,2024Q1,0
RVA-10578,2025-04-13,Scott's Addition,Noise & Nuisance,Property Maintenance,Low,Closed,2.26,Website,Public Works,1.7,2025-04,2025Q2,1
RVA-10579,2025-04-28,Highland Park,Sanitation,Missed Trash Pickup,Low,Closed,7.83,Phone,Code Enforcement,1.2,2025-04,2025Q2,1
RVA-10580,2025-07-18,Bon Air,Water & Utilities,Hydrant Issue,Medium,Open,5.07,Mobile App,Police,3.2,2025-07,2025Q3,0
RVA-10581,2024-05-30,Manchester,Noise & Nuisance,Animal Control,Low,Resolved,7.38,Website,Transportation,3.5,2024-05,2024Q2,1
RVA-10582,2024-05-23,West End,Road & Sidewalk,Pothole Repair,Medium,Resolved,2.85,Phone,Public Utilities,4.7,2024-05,2024Q2,1
RVA-10583,2025-07-22,Scott's Addition,Noise & Nuisance,Property Maintenance,Medium,In Progress,1.07,Walk-in,Public Utilities,3.2,2025-07,2025Q3,0
RVA-10584,2024-02-08,Bon Air,Noise & Nuisance,Abandoned Vehicle,Low,Closed,6.7,Website,Parks & Rec,2.0,2024-02,2024Q1,1
RVA-10585,2024-04-18,East End,Sanitation,Missed Trash Pickup,Low,Resolved,5.13,Phone,Public Utilities,1.2,2024-04,2024Q2,1
RVA-10586,2025-11-23,Highland Park,Noise & Nuisance,Property Maintenance,High,Closed,3.17,Phone,Public Works,4.5,2025-11,2025Q4,1
RVA-10587,2024-02-11,The Fan,Public Safety,Unsafe Structure,Low,Closed,14.42,Phone,Transportation,2.9,2024-02,2024Q1,1
RVA-10588,2024-07-04,Northside,Road & Sidewalk,Sidewalk Damage,Low,Resolved,1.44,Email,Public Utilities,3.9,2024-07,2024Q3,1
RVA-10589,2025-02-01,Short Pump,Noise & Nuisance,Animal Control,Medium,In Progress,0.46,Mobile App,Parks & Rec,1.1,2025-02,2025Q1,0
RVA-10590,2024-08-10,Scott's Addition,Parks & Public Spaces,Graffiti Removal,Emergency,Resolved,1.19,Phone,Public Utilities,3.0,2024-08,2024Q3,1
RVA-10591,2025-09-25,Scott's Addition,Sanitation,Illegal Dumping,Medium,Open,3.83,Website,Code Enforcement,2.3,2025-09,2025Q3,0
RVA-10592,2024-05-12,Northside,Water & Utilities,Water Main Break,Low,Resolved,19.51,Phone,Code Enforcement,1.1,2024-05,2024Q2,1
RVA-10593,2024-06-11,West End,Public Safety,Missing Sign,Medium,Resolved,0.3,Mobile App,Public Utilities,4.1,2024-06,2024Q2,1
RVA-10594,2024-08-02,The Fan,Sanitation,Missed Trash Pickup,Emergency,Closed,0.37,Mobile App,Police,3.1,2024-08,2024Q3,1
RVA-10595,2024-08-22,Northside,Water & Utilities,Water Main Break,High,Resolved,1.55,Mobile App,Transportation,2.3,2024-08,2024Q3,1
RVA-10596,2025-10-19,Shockoe Bottom,Parks & Public Spaces,Tree Hazard,Medium,Closed,9.86,Mobile App,Public Utilities,4.2,2025-10,2025Q4,1
RVA-10597,2025-08-10,Church Hill,Noise & Nuisance,Noise Complaint,Medium,Resolved,0.51,Walk-in,Code Enforcement,2.8,2025-08,2025Q3,1
RVA-10598,2024-01-09,Southside,Noise & Nuisance,Abandoned Vehicle,Medium,Closed,1.38,Phone,Code Enforcement,1.0,2024-01,2024Q1,1
RVA-10599,2024-03-14,Manchester,Public Safety,Traffic Signal Issue,Low,Closed,5.22,Mobile App,Public Works,4.8,2024-03,2024Q1,1
RVA-10600,2025-05-06,Museum District,Road & Sidewalk,Sidewalk Damage,High,Resolved,4.02,Phone,Parks & Rec,2.0,2025-05,2025Q2,1
RVA-10601,2024-09-09,Oregon Hill,Road & Sidewalk,Street Light Out,High,Closed,5.59,Mobile App,Public Works,4.3,2024-09,2024Q3,1
RVA-10602,2024-08-17,East End,Sanitation,Missed Trash Pickup,Emergency,Resolved,2.46,Email,Police,4.3,2024-08,2024Q3,1
RVA-10603,2025-06-02,Museum District,Water & Utilities,Storm Drain Blocked,Medium,Closed,15.99,Phone,Parks & Rec,1.6,2025-06,2025Q2,1
RVA-10604,2024-06-22,Bon Air,Public Safety,Traffic Signal Issue,Low,Closed,0.06,Email,Public Utilities,2.9,2024-06,2024Q2,1
RVA-10605,2025-10-14,Oregon Hill,Noise & Nuisance,Noise Complaint,Medium,Resolved,0.24,Mobile App,Public Utilities,1.2,2025-10,2025Q4,1
RVA-10606,2024-06-16,West End,Sanitation,Illegal Dumping,High,Resolved,0.32,Walk-in,Police,2.4,2024-06,2024Q2,1
RVA-10607,2024-06-18,Scott's Addition,Parks & Public Spaces,Playground Repair,High,Open,0.86,Mobile App,Transportation,3.9,2024-06,2024Q2,0
RVA-10608,2025-01-27,Lakeside,Parks & Public Spaces,Park Maintenance,Low,Resolved,17.71,Mobile App,Code Enforcement,1.9,2025-01,2025Q1,1
RVA-10609,2025-09-25,Northside,Noise & Nuisance,Animal Control,Medium,Closed,11.16,Mobile App,Transportation,1.5,2025-09,2025Q3,1
RVA-10610,2024-07-12,Manchester,Sanitation,Overflowing Bin,Medium,Closed,1.03,Website,Public Utilities,3.0,2024-07,2024Q3,1
RVA-10611,2025-05-31,Museum District,Sanitation,Missed Trash Pickup,Medium,Resolved,4.83,Mobile App,Public Works,3.1,2025-05,2025Q2,1
RVA-10612,2024-01-29,Scott's Addition,Parks & Public Spaces,Park Maintenance,High,Closed,4.99,Phone,Code Enforcement,3.7,2024-01,2024Q1,1
RVA-10613,2024-06-13,The Fan,Sanitation,Illegal Dumping,Medium,Closed,3.12,Walk-in,Public Utilities,4.0,2024-06,2024Q2,1
RVA-10614,2025-02-25,Scott's Addition,Water & Utilities,Storm Drain Blocked,High,Resolved,0.22,Mobile App,Code Enforcement,3.8,2025-02,2025Q1,1
RVA-10615,2024-12-04,West End,Public Safety,Unsafe Structure,Medium,Open,3.06,Mobile App,Transportation,4.4,2024-12,2024Q4,0
RVA-10616,2025-10-09,Highland Park,Water & Utilities,Water Main Break,High,In Progress,0.94,Walk-in,Parks & Rec,1.9,2025-10,2025Q4,0
RVA-10617,2025-05-10,Scott's Addition,Water & Utilities,Storm Drain Blocked,Medium,Closed,4.31,Phone,Public Utilities,3.3,2025-05,2025Q2,1
RVA-10618,2024-12-30,Jackson Ward,Public Safety,Missing Sign,High,Closed,1.15,Walk-in,Public Utilities,2.4,2024-12,2024Q4,1
RVA-10619,2024-12-07,The Fan,Parks & Public Spaces,Playground Repair,Medium,Resolved,0.09,Phone,Code Enforcement,4.8,2024-12,2024Q4,1
RVA-10620,2025-05-14,Scott's Addition,Sanitation,Illegal Dumping,Medium,Resolved,25.58,Phone,Parks & Rec,2.8,2025-05,2025Q2,1
RVA-10621,2025-10-18,Highland Park,Water & Utilities,Water Main Break,Low,Closed,7.84,Mobile App,Public Works,4.8,2025-10,2025Q4,1
RVA-10622,2025-05-25,Northside,Sanitation,Bulk Pickup Request,Medium,Closed,3.21,Email,Parks & Rec,4.1,2025-05,2025Q2,1
RVA-10623,2024-11-22,Scott's Addition,Sanitation,Bulk Pickup Request,Medium,Closed,15.46,Walk-in,Public Works,3.9,2024-11,2024Q4,1
RVA-10624,2024-08-04,Scott's Addition,Road & Sidewalk,Street Light Out,Medium,Resolved,0.85,Email,Police,3.0,2024-08,2024Q3,1
RVA-10625,2024-10-27,Highland Park,Parks & Public Spaces,Graffiti Removal,Emergency,Resolved,0.1,Phone,Transportation,2.8,2024-10,2024Q4,1
RVA-10626,2024-05-11,Scott's Addition,Noise & Nuisance,Animal Control,Low,Resolved,16.5,Walk-in,Parks & Rec,3.1,2024-05,2024Q2,1
RVA-10627,2024-03-10,Manchester,Sanitation,Illegal Dumping,High,Resolved,0.6,Phone,Public Works,2.2,2024-03,2024Q1,1
RVA-10628,2024-09-08,East End,Sanitation,Bulk Pickup Request,Emergency,Closed,0.8,Phone,Code Enforcement,4.6,2024-09,2024Q3,1
RVA-10629,2025-02-18,Northside,Water & Utilities,Storm Drain Blocked,Low,Resolved,3.17,Walk-in,Public Works,4.2,2025-02,2025Q1,1
RVA-10630,2025-03-20,Museum District,Parks & Public Spaces,Tree Hazard,High,Closed,0.07,Mobile App,Police,4.2,2025-03,2025Q1,1
RVA-10631,2024-06-30,Bon Air,Public Safety,Missing Sign,Medium,Resolved,3.64,Mobile App,Public Works,2.7,2024-06,2024Q2,1
RVA-10632,2024-06-15,Scott's Addition,Sanitation,Bulk Pickup Request,Low,Closed,2.19,Mobile App,Transportation,1.3,2024-06,2024Q2,1
RVA-10633,2024-03-31,West End,Noise & Nuisance,Animal Control,Medium,Resolved,7.09,Website,Parks & Rec,3.7,2024-03,2024Q1,1
RVA-10634,2025-12-14,Shockoe Bottom,Public Safety,Missing Sign,Emergency,Resolved,0.51,Phone,Public Works,2.5,2025-12,2025Q4,1
RVA-10635,2025-06-14,Southside,Sanitation,Illegal Dumping,Low,Resolved,25.72,Phone,Parks & Rec,4.5,2025-06,2025Q2,1
RVA-10636,2024-02-08,Ginter Park,Road & Sidewalk,Crosswalk Faded,Medium,Open,7.64,Email,Police,4.1,2024-02,2024Q1,0
RVA-10637,2024-05-05,Museum District,Parks & Public Spaces,Tree Hazard,Medium,Closed,1.0,Phone,Public Works,1.6,2024-05,2024Q2,1
RVA-10638,2025-03-26,West End,Sanitation,Overflowing Bin,High,Resolved,3.22,Mobile App,Public Works,3.4,2025-03,2025Q1,1
RVA-10639,2024-06-21,Ginter Park,Sanitation,Bulk Pickup Request,Low,Resolved,10.26,Website,Police,3.8,2024-06,2024Q2,1
RVA-10640,2025-10-14,Church Hill,Sanitation,Bulk Pickup Request,High,Closed,2.21,Walk-in,Transportation,3.3,2025-10,2025Q4,1
RVA-10641,2024-08-07,West End,Parks & Public Spaces,Park Maintenance,High,Closed,3.57,Mobile App,Public Works,3.1,2024-08,2024Q3,1
RVA-10642,2025-09-29,Bon Air,Parks & Public Spaces,Tree Hazard,High,Resolved,1.71,Website,Parks & Rec,1.9,2025-09,2025Q3,1
RVA-10643,2024-02-27,Northside,Water & Utilities,Sewer Problem,Emergency,Closed,0.31,Mobile App,Transportation,1.9,2024-02,2024Q1,1
RVA-10644,2025-10-21,Shockoe Bottom,Sanitation,Overflowing Bin,High,Open,2.02,Phone,Public Utilities,4.1,2025-10,2025Q4,0
RVA-10645,2025-04-20,Carytown,Public Safety,Missing Sign,Low,In Progress,3.54,Mobile App,Transportation,1.1,2025-04,2025Q2,0
RVA-10646,2025-03-31,Scott's Addition,Public Safety,Hazardous Condition,Medium,Resolved,1.01,Mobile App,Public Utilities,4.1,2025-03,2025Q1,1
RVA-10647,2024-12-26,Carytown,Public Safety,Missing Sign,Medium,Resolved,4.79,Phone,Parks & Rec,3.1,2024-12,2024Q4,1
RVA-10648,2024-01-01,Short Pump,Public Safety,Traffic Signal Issue,Medium,Resolved,1.33,Email,Public Works,4.7,2024-01,2024Q1,1
RVA-10649,2025-01-21,The Fan,Parks & Public Spaces,Park Maintenance,Medium,Resolved,0.42,Website,Parks & Rec,5.0,2025-01,2025Q1,1
RVA-10650,2024-12-13,Scott's Addition,Public Safety,Traffic Signal Issue,Medium,Resolved,0.0,Email,Police,3.7,2024-12,2024Q4,1
RVA-10651,2024-07-08,Museum District,Public Safety,Unsafe Structure,Medium,Closed,4.69,Website,Parks & Rec,2.6,2024-07,2024Q3,1
RVA-10652,2025-05-19,Museum District,Parks & Public Spaces,Park Maintenance,Emergency,Resolved,0.22,Mobile App,Public Utilities,2.9,2025-05,2025Q2,1
RVA-10653,2024-07-09,Northside,Water & Utilities,Water Main Break,Low,Closed,13.96,Mobile App,Transportation,1.8,2024-07,2024Q3,1
RVA-10654,2025-05-22,West End,Noise & Nuisance,Animal Control,Emergency,Closed,0.24,Email,Code Enforcement,1.4,2025-05,2025Q2,1
RVA-10655,2025-01-03,The Fan,Road & Sidewalk,Sidewalk Damage,Medium,Resolved,3.33,Website,Police,3.3,2025-01,2025Q1,1
RVA-10656,2025-02-12,The Fan,Parks & Public Spaces,Tree Hazard,Medium,Resolved,2.61,Email,Public Works,4.2,2025-02,2025Q1,1
RVA-10657,2024-04-26,The Fan,Parks & Public Spaces,Tree Hazard,High,Resolved,2.1,Mobile App,Transportation,2.0,2024-04,2024Q2,1
RVA-10658,2024-05-13,Museum District,Water & Utilities,Water Main Break,Medium,Closed,2.2,Mobile App,Parks & Rec,2.7,2024-05,2024Q2,1
RVA-10659,2024-02-27,The Fan,Public Safety,Hazardous Condition,Medium,Open,16.59,Phone,Police,3.2,2024-02,2024Q1,0
RVA-10660,2025-07-09,West End,Parks & Public Spaces,Park Maintenance,Medium,Resolved,13.76,Mobile App,Public Utilities,4.6,2025-07,2025Q3,1
RVA-10661,2025-11-15,Scott's Addition,Road & Sidewalk,Street Light Out,Medium,Closed,9.42,Mobile App,Public Works,1.6,2025-11,2025Q4,1
RVA-10662,2025-11-02,Bon Air,Noise & Nuisance,Property Maintenance,Emergency,Resolved,1.26,Phone,Parks & Rec,1.9,2025-11,2025Q4,1
RVA-10663,2024-06-21,Museum District,Parks & Public Spaces,Playground Repair,High,Resolved,1.19,Website,Transportation,4.7,2024-06,2024Q2,1
RVA-10664,2024-05-28,Museum District,Public Safety,Unsafe Structure,Low,Resolved,7.69,Mobile App,Parks & Rec,1.2,2024-05,2024Q2,1
RVA-10665,2024-03-20,Highland Park,Noise & Nuisance,Animal Control,Low,Closed,13.55,Mobile App,Public Works,3.6,2024-03,2024Q1,1
RVA-10666,2024-07-31,West End,Sanitation,Overflowing Bin,Medium,Closed,5.96,Website,Transportation,3.6,2024-07,2024Q3,1
RVA-10667,2024-07-21,Northside,Public Safety,Traffic Signal Issue,Low,Resolved,22.13,Phone,Code Enforcement,2.5,2024-07,2024Q3,1
RVA-10668,2024-08-16,Bon Air,Public Safety,Traffic Signal Issue,Medium,Resolved,6.3,Phone,Code Enforcement,2.9,2024-08,2024Q3,1
RVA-10669,2025-11-06,Museum District,Public Safety,Missing Sign,Low,Closed,61.59,Phone,Police,4.4,2025-11,2025Q4,1
RVA-10670,2024-08-14,Highland Park,Noise & Nuisance,Property Maintenance,Medium,Closed,2.14,Walk-in,Parks & Rec,1.7,2024-08,2024Q3,1
RVA-10671,2025-10-20,Oregon Hill,Noise & Nuisance,Property Maintenance,Low,Closed,17.9,Phone,Police,1.9,2025-10,2025Q4,1
RVA-10672,2025-06-15,Ginter Park,Public Safety,Hazardous Condition,Medium,Resolved,5.98,Email,Public Works,3.0,2025-06,2025Q2,1
RVA-10673,2025-03-16,Scott's Addition,Public Safety,Missing Sign,High,Closed,2.35,Phone,Transportation,2.6,2025-03,2025Q1,1
RVA-10674,2025-02-05,Scott's Addition,Sanitation,Overflowing Bin,Medium,Resolved,1.97,Mobile App,Police,3.3,2025-02,2025Q1,1
RVA-10675,2024-02-16,East End,Parks & Public Spaces,Graffiti Removal,Emergency,In Progress,0.77,Phone,Parks & Rec,4.7,2024-02,2024Q1,0
RVA-10676,2024-08-20,Scott's Addition,Parks & Public Spaces,Graffiti Removal,High,Closed,4.61,Phone,Code Enforcement,4.7,2024-08,2024Q3,1
RVA-10677,2024-10-31,Scott's Addition,Parks & Public Spaces,Park Maintenance,Medium,Resolved,1.23,Phone,Code Enforcement,1.9,2024-10,2024Q4,1
RVA-10678,2025-06-09,Manchester,Noise & Nuisance,Animal Control,Low,Closed,9.82,Website,Public Works,2.2,2025-06,2025Q2,1
RVA-10679,2024-05-22,East End,Public Safety,Unsafe Structure,High,In Progress,1.0,Mobile App,Public Utilities,1.6,2024-05,2024Q2,0
RVA-10680,2025-02-18,Fulton,Road & Sidewalk,Pothole Repair,Emergency,Closed,2.28,Website,Police,4.7,2025-02,2025Q1,1
RVA-10681,2025-05-27,East End,Road & Sidewalk,Sidewalk Damage,High,Resolved,1.3,Website,Public Works,2.6,2025-05,2025Q2,1
RVA-10682,2025-01-07,Ginter Park,Sanitation,Missed Trash Pickup,Low,Closed,2.59,Website,Code Enforcement,2.8,2025-01,2025Q1,1
RVA-10683,2025-07-19,Short Pump,Parks & Public Spaces,Tree Hazard,Emergency,Open,0.24,Phone,Parks & Rec,4.2,2025-07,2025Q3,0
RVA-10684,2024-09-15,The Fan,Noise & Nuisance,Noise Complaint,Medium,Resolved,5.3,Email,Parks & Rec,3.1,2024-09,2024Q3,1
RVA-10685,2025-10-17,Carytown,Sanitation,Illegal Dumping,High,Closed,0.16,Phone,Transportation,1.5,2025-10,2025Q4,1
RVA-10686,2025-04-15,Northside,Sanitation,Overflowing Bin,Emergency,Resolved,0.46,Mobile App,Public Utilities,2.8,2025-04,2025Q2,1
RVA-10687,2024-01-12,Manchester,Water & Utilities,Hydrant Issue,Low,Resolved,26.77,Walk-in,Public Utilities,3.5,2024-01,2024Q1,1
RVA-10688,2024-11-25,Scott's Addition,Parks & Public Spaces,Graffiti Removal,Emergency,Resolved,0.95,Mobile App,Code Enforcement,3.9,2024-11,2024Q4,1
RVA-10689,2024-12-23,Museum District,Public Safety,Hazardous Condition,Medium,Closed,0.35,Website,Public Utilities,3.6,2024-12,2024Q4,1
RVA-10690,2025-02-11,East End,Sanitation,Overflowing Bin,Emergency,Resolved,2.51,Mobile App,Public Utilities,1.5,2025-02,2025Q1,1
RVA-10691,2025-10-29,Oregon Hill,Water & Utilities,Sewer Problem,Medium,Resolved,6.0,Mobile App,Parks & Rec,2.2,2025-10,2025Q4,1
RVA-10692,2025-01-07,Highland Park,Water & Utilities,Water Main Break,Emergency,Resolved,0.09,Mobile App,Transportation,3.9,2025-01,2025Q1,1
RVA-10693,2024-01-08,West End,Water & Utilities,Water Main Break,Low,Closed,0.12,Phone,Police,4.5,2024-01,2024Q1,1
RVA-10694,2024-05-01,West End,Noise & Nuisance,Animal Control,High,Resolved,0.38,Mobile App,Parks & Rec,1.2,2024-05,2024Q2,1
RVA-10695,2024-12-13,Bon Air,Noise & Nuisance,Animal Control,Medium,Open,9.11,Mobile App,Transportation,1.2,2024-12,2024Q4,0
RVA-10696,2025-11-06,Scott's Addition,Public Safety,Unsafe Structure,Medium,Closed,0.11,Website,Parks & Rec,3.6,2025-11,2025Q4,1
RVA-10697,2024-03-30,East End,Public Safety,Hazardous Condition,Low,Closed,2.65,Website,Code Enforcement,3.2,2024-03,2024Q1,1
RVA-10698,2025-10-09,Ginter Park,Public Safety,Traffic Signal Issue,High,In Progress,2.83,Walk-in,Transportation,1.6,2025-10,2025Q4,0
RVA-10699,2025-11-28,Northside,Parks & Public Spaces,Park Maintenance,Low,Closed,8.82,Walk-in,Transportation,3.2,2025-11,2025Q4,1
RVA-10700,2024-11-11,Highland Park,Parks & Public Spaces,Tree Hazard,Medium,Resolved,7.63,Phone,Code Enforcement,4.9,2024-11,2024Q4,1
RVA-10701,2024-06-26,Museum District,Water & Utilities,Storm Drain Blocked,Medium,Resolved,6.86,Walk-in,Transportation,3.5,2024-06,2024Q2,1
RVA-10702,2025-06-23,Northside,Road & Sidewalk,Sidewalk Damage,Emergency,Resolved,0.03,Phone,Police,2.8,2025-06,2025Q2,1
RVA-10703,2024-02-10,The Fan,Public Safety,Traffic Signal Issue,Low,Closed,22.3,Phone,Public Works,4.3,2024-02,2024Q1,1
RVA-10704,2025-12-04,Bon Air,Parks & Public Spaces,Tree Hazard,Low,Resolved,2.58,Website,Public Utilities,1.9,2025-12,2025Q4,1
RVA-10705,2025-05-16,Highland Park,Sanitation,Missed Trash Pickup,Low,Resolved,8.06,Mobile App,Transportation,2.7,2025-05,2025Q2,1
RVA-10706,2024-05-24,Ginter Park,Parks & Public Spaces,Graffiti Removal,Medium,In Progress,5.17,Website,Public Utilities,3.1,2024-05,2024Q2,0
RVA-10707,2024-07-19,West End,Road & Sidewalk,Sidewalk Damage,Low,Closed,1.85,Phone,Parks & Rec,3.0,2024-07,2024Q3,1
RVA-10708,2025-12-24,Shockoe Bottom,Sanitation,Bulk Pickup Request,Medium,Resolved,18.7,Mobile App,Parks & Rec,4.7,2025-12,2025Q4,1
RVA-10709,2025-04-05,The Fan,Noise & Nuisance,Abandoned Vehicle,High,Resolved,1.34,Mobile App,Transportation,2.2,2025-04,2025Q2,1
RVA-10710,2025-07-11,Ginter Park,Sanitation,Missed Trash Pickup,High,Resolved,0.12,Mobile App,Transportation,1.2,2025-07,2025Q3,1
RVA-10711,2025-06-30,Oregon Hill,Road & Sidewalk,Crosswalk Faded,Medium,Closed,13.84,Walk-in,Transportation,4.7,2025-06,2025Q2,1
RVA-10712,2024-09-09,Scott's Addition,Parks & Public Spaces,Tree Hazard,Low,Closed,8.83,Email,Police,1.9,2024-09,2024Q3,1
RVA-10713,2025-01-24,Northside,Parks & Public Spaces,Graffiti Removal,High,Resolved,2.4,Phone,Transportation,2.5,2025-01,2025Q1,1
RVA-10714,2025-08-16,Museum District,Road & Sidewalk,Crosswalk Faded,Low,Closed,7.45,Mobile App,Public Utilities,3.1,2025-08,2025Q3,1
RVA-10715,2024-09-12,East End,Road & Sidewalk,Pothole Repair,High,Resolved,3.6,Mobile App,Parks & Rec,4.9,2024-09,2024Q3,1
RVA-10716,2025-12-09,Museum District,Noise & Nuisance,Property Maintenance,Medium,Closed,0.17,Walk-in,Parks & Rec,3.1,2025-12,2025Q4,1
RVA-10717,2025-03-25,West End,Sanitation,Bulk Pickup Request,Medium,Open,1.56,Mobile App,Transportation,2.8,2025-03,2025Q1,0
RVA-10718,2024-01-10,Ginter Park,Sanitation,Missed Trash Pickup,Medium,Resolved,3.17,Email,Code Enforcement,3.3,2024-01,2024Q1,1
RVA-10719,2024-08-29,Shockoe Bottom,Public Safety,Missing Sign,High,Closed,0.16,Website,Public Works,4.9,2024-08,2024Q3,1
RVA-10720,2024-09-07,Manchester,Road & Sidewalk,Pothole Repair,Low,Closed,12.24,Walk-in,Transportation,4.3,2024-09,2024Q3,1
RVA-10721,2024-01-05,Museum District,Road & Sidewalk,Pothole Repair,Medium,Resolved,2.5,Phone,Police,1.7,2024-01,2024Q1,1
RVA-10722,2024-04-28,Bon Air,Water & Utilities,Storm Drain Blocked,Low,Resolved,3.18,Website,Public Works,4.2,2024-04,2024Q2,1
RVA-10723,2025-01-08,Oregon Hill,Parks & Public Spaces,Tree Hazard,High,Open,0.01,Website,Public Works,4.4,2025-01,2025Q1,0
RVA-10724,2024-03-05,Oregon Hill,Road & Sidewalk,Sidewalk Damage,Emergency,Closed,0.64,Walk-in,Transportation,3.8,2024-03,2024Q1,1
RVA-10725,2024-05-25,East End,Water & Utilities,Hydrant Issue,Medium,Resolved,8.97,Walk-in,Police,3.6,2024-05,2024Q2,1
RVA-10726,2024-08-11,Museum District,Road & Sidewalk,Street Light Out,Medium,Resolved,2.51,Phone,Public Utilities,2.8,2024-08,2024Q3,1
RVA-10727,2024-08-26,Bon Air,Noise & Nuisance,Abandoned Vehicle,Emergency,In Progress,0.42,Website,Transportation,3.6,2024-08,2024Q3,0
RVA-10728,2024-06-25,Bon Air,Sanitation,Bulk Pickup Request,Medium,Closed,1.29,Email,Parks & Rec,4.0,2024-06,2024Q2,1
RVA-10729,2024-10-08,Short Pump,Water & Utilities,Water Main Break,Medium,Resolved,4.87,Email,Police,1.5,2024-10,2024Q4,1
RVA-10730,2024-03-03,East End,Parks & Public Spaces,Tree Hazard,Medium,Resolved,0.06,Website,Parks & Rec,2.0,2024-03,2024Q1,1
RVA-10731,2024-08-04,The Fan,Water & Utilities,Storm Drain Blocked,High,Resolved,1.34,Mobile App,Transportation,1.8,2024-08,2024Q3,1
RVA-10732,2025-11-19,West End,Parks & Public Spaces,Playground Repair,Low,Resolved,10.33,Mobile App,Transportation,4.4,2025-11,2025Q4,1
RVA-10733,2025-04-05,West End,Road & Sidewalk,Crosswalk Faded,High,Resolved,5.01,Walk-in,Code Enforcement,3.7,2025-04,2025Q2,1
RVA-10734,2025-09-01,Oregon Hill,Water & Utilities,Water Main Break,Medium,Closed,2.4,Mobile App,Public Works,2.8,2025-09,2025Q3,1
RVA-10735,2024-04-14,Scott's Addition,Road & Sidewalk,Sidewalk Damage,Low,Closed,14.49,Mobile App,Code Enforcement,4.3,2024-04,2024Q2,1
RVA-10736,2024-04-08,Bon Air,Noise & Nuisance,Noise Complaint,High,Resolved,1.82,Mobile App,Public Works,3.9,2024-04,2024Q2,1
RVA-10737,2025-05-25,Museum District,Road & Sidewalk,Crosswalk Faded,Medium,Closed,13.09,Website,Public Utilities,4.7,2025-05,2025Q2,1
RVA-10738,2025-01-19,East End,Public Safety,Missing Sign,Low,Resolved,5.08,Phone,Police,1.3,2025-01,2025Q1,1
RVA-10739,2025-02-08,The Fan,Noise & Nuisance,Property Maintenance,Medium,Resolved,1.92,Mobile App,Public Utilities,3.0,2025-02,2025Q1,1
RVA-10740,2025-06-01,Museum District,Water & Utilities,Hydrant Issue,High,Closed,4.36,Mobile App,Public Works,3.8,2025-06,2025Q2,1
RVA-10741,2025-04-20,Highland Park,Public Safety,Hazardous Condition,High,Resolved,0.1,Website,Transportation,1.8,2025-04,2025Q2,1
RVA-10742,2025-12-09,Oregon Hill,Public Safety,Traffic Signal Issue,Emergency,Resolved,0.07,Email,Code Enforcement,2.3,2025-12,2025Q4,1
RVA-10743,2025-10-06,Northside,Road & Sidewalk,Street Light Out,High,Closed,0.17,Mobile App,Public Works,2.7,2025-10,2025Q4,1
RVA-10744,2025-03-12,Scott's Addition,Parks & Public Spaces,Graffiti Removal,Low,In Progress,18.52,Mobile App,Transportation,4.2,2025-03,2025Q1,0
RVA-10745,2024-01-23,Museum District,Water & Utilities,Hydrant Issue,Medium,Closed,0.05,Website,Public Utilities,3.0,2024-01,2024Q1,1
RVA-10746,2025-07-18,Bon Air,Parks & Public Spaces,Playground Repair,High,Closed,3.96,Walk-in,Transportation,3.0,2025-07,2025Q3,1
RVA-10747,2025-11-07,Northside,Parks & Public Spaces,Tree Hazard,Medium,Resolved,3.0,Website,Transportation,2.7,2025-11,2025Q4,1
RVA-10748,2025-12-14,Bon Air,Sanitation,Overflowing Bin,Medium,Open,0.02,Website,Public Utilities,1.9,2025-12,2025Q4,0
RVA-10749,2025-04-02,Bon Air,Water & Utilities,Sewer Problem,Medium,Resolved,2.57,Walk-in,Code Enforcement,4.7,2025-04,2025Q2,1
RVA-10750,2024-03-23,Bon Air,Public Safety,Missing Sign,Medium,In Progress,1.03,Mobile App,Transportation,2.3,2024-03,2024Q1,0
RVA-10751,2024-05-24,Bon Air,Public Safety,Traffic Signal Issue,Emergency,Resolved,0.49,Mobile App,Code Enforcement,3.3,2024-05,2024Q2,1
RVA-10752,2024-03-25,The Fan,Sanitation,Bulk Pickup Request,Medium,Closed,5.69,Website,Transportation,1.6,2024-03,2024Q1,1
RVA-10753,2024-03-18,Bon Air,Road & Sidewalk,Sidewalk Damage,Medium,Resolved,3.34,Walk-in,Transportation,2.7,2024-03,2024Q1,1
RVA-10754,2025-04-01,Church Hill,Road & Sidewalk,Sidewalk Damage,Emergency,Resolved,0.02,Phone,Public Utilities,4.6,2025-04,2025Q2,1
RVA-10755,2024-01-01,The Fan,Parks & Public Spaces,Park Maintenance,Medium,Resolved,5.34,Email,Public Works,5.0,2024-01,2024Q1,1
RVA-10756,2024-02-20,The Fan,Parks & Public Spaces,Playground Repair,Low,Resolved,18.45,Website,Public Works,2.4,2024-02,2024Q1,1
RVA-10757,2025-11-15,Oregon Hill,Sanitation,Bulk Pickup Request,Medium,Closed,6.37,Website,Police,1.6,2025-11,2025Q4,1
RVA-10758,2025-12-17,Southside,Sanitation,Bulk Pickup Request,High,Resolved,3.54,Mobile App,Public Utilities,2.3,2025-12,2025Q4,1
RVA-10759,2025-03-21,Jackson Ward,Noise & Nuisance,Noise Complaint,High,Closed,0.45,Mobile App,Police,2.3,2025-03,2025Q1,1
RVA-10760,2025-03-24,The Fan,Sanitation,Bulk Pickup Request,High,Resolved,4.39,Website,Transportation,3.6,2025-03,2025Q1,1
RVA-10761,2025-05-02,Museum District,Road & Sidewalk,Crosswalk Faded,High,Resolved,0.78,Mobile App,Public Utilities,3.0,2025-05,2025Q2,1
RVA-10762,2024-02-03,Museum District,Parks & Public Spaces,Graffiti Removal,Medium,Resolved,0.07,Mobile App,Police,4.1,2024-02,2024Q1,1
RVA-10763,2024-12-13,Highland Park,Noise & Nuisance,Noise Complaint,High,Resolved,3.71,Email,Parks & Rec,3.8,2024-12,2024Q4,1
RVA-10764,2024-04-04,Scott's Addition,Water & Utilities,Sewer Problem,High,Resolved,5.69,Walk-in,Public Works,2.0,2024-04,2024Q2,1
RVA-10765,2024-03-12,Scott's Addition,Sanitation,Bulk Pickup Request,Low,Resolved,10.66,Mobile App,Public Works,4.1,2024-03,2024Q1,1
RVA-10766,2025-07-04,Scott's Addition,Road & Sidewalk,Pothole Repair,Low,Closed,2.63,Website,Parks & Rec,4.4,2025-07,2025Q3,1
RVA-10767,2024-06-02,Manchester,Road & Sidewalk,Street Light Out,Emergency,Resolved,0.15,Mobile App,Code Enforcement,3.4,2024-06,2024Q2,1
RVA-10768,2024-09-06,Northside,Parks & Public Spaces,Playground Repair,High,Closed,1.26,Mobile App,Parks & Rec,4.7,2024-09,2024Q3,1
RVA-10769,2025-11-04,Museum District,Water & Utilities,Storm Drain Blocked,High,Open,4.56,Website,Public Works,4.1,2025-11,2025Q4,0
RVA-10770,2025-03-13,Manchester,Noise & Nuisance,Noise Complaint,High,Resolved,0.32,Website,Public Utilities,3.4,2025-03,2025Q1,1
RVA-10771,2024-04-27,Oregon Hill,Sanitation,Illegal Dumping,Medium,Open,8.74,Mobile App,Police,4.6,2024-04,2024Q2,0
RVA-10772,2024-11-01,Oregon Hill,Sanitation,Overflowing Bin,Medium,Resolved,1.72,Mobile App,Public Works,3.4,2024-11,2024Q4,1
RVA-10773,2024-09-24,Bon Air,Public Safety,Hazardous Condition,Medium,Closed,8.27,Mobile App,Parks & Rec,3.1,2024-09,2024Q3,1
RVA-10774,2024-02-23,Scott's Addition,Sanitation,Bulk Pickup Request,Low,Open,25.29,Email,Public Utilities,2.4,2024-02,2024Q1,0
RVA-10775,2024-08-23,Highland Park,Road & Sidewalk,Pothole Repair,High,Resolved,1.12,Website,Public Works,4.5,2024-08,2024Q3,1
RVA-10776,2025-01-23,West End,Sanitation,Overflowing Bin,Medium,In Progress,2.27,Phone,Parks & Rec,1.5,2025-01,2025Q1,0
RVA-10777,2025-02-04,The Fan,Sanitation,Illegal Dumping,Medium,Resolved,8.1,Mobile App,Public Works,2.9,2025-02,2025Q1,1
RVA-10778,2025-09-15,Bon Air,Parks & Public Spaces,Graffiti Removal,Medium,Closed,3.77,Phone,Parks & Rec,3.1,2025-09,2025Q3,1
RVA-10779,2024-10-29,Highland Park,Road & Sidewalk,Street Light Out,Medium,Resolved,5.77,Website,Transportation,3.2,2024-10,2024Q4,1
RVA-10780,2024-07-25,West End,Noise & Nuisance,Property Maintenance,Low,Closed,9.75,Walk-in,Parks & Rec,3.6,2024-07,2024Q3,1
RVA-10781,2024-08-16,Jackson Ward,Noise & Nuisance,Animal Control,Medium,Resolved,0.83,Mobile App,Public Works,3.0,2024-08,2024Q3,1
RVA-10782,2025-07-31,Northside,Road & Sidewalk,Street Light Out,Low,Closed,18.63,Email,Public Utilities,2.0,2025-07,2025Q3,1
RVA-10783,2024-03-15,Scott's Addition,Road & Sidewalk,Crosswalk Faded,Low,Closed,2.18,Phone,Public Works,4.4,2024-03,2024Q1,1
RVA-10784,2025-03-10,The Fan,Public Safety,Traffic Signal Issue,Emergency,Resolved,1.35,Mobile App,Public Works,3.6,2025-03,2025Q1,1
RVA-10785,2024-04-12,Ginter Park,Road & Sidewalk,Crosswalk Faded,Low,Resolved,2.88,Mobile App,Transportation,4.4,2024-04,2024Q2,1
RVA-10786,2025-02-25,Bon Air,Noise & Nuisance,Noise Complaint,Medium,Closed,6.62,Phone,Public Utilities,2.1,2025-02,2025Q1,1
RVA-10787,2025-12-04,Shockoe Bottom,Road & Sidewalk,Sidewalk Damage,Medium,Resolved,1.67,Email,Transportation,3.5,2025-12,2025Q4,1
RVA-10788,2024-11-01,Highland Park,Road & Sidewalk,Pothole Repair,Medium,Closed,1.91,Website,Public Works,3.9,2024-11,2024Q4,1
RVA-10789,2024-04-07,West End,Water & Utilities,Storm Drain Blocked,Low,Resolved,3.71,Phone,Transportation,2.5,2024-04,2024Q2,1
RVA-10790,2024-11-30,Shockoe Bottom,Parks & Public Spaces,Playground Repair,High,Resolved,2.76,Mobile App,Police,4.2,2024-11,2024Q4,1
RVA-10791,2025-03-10,Museum District,Noise & Nuisance,Animal Control,High,Closed,1.63,Mobile App,Police,1.0,2025-03,2025Q1,1
RVA-10792,2025-03-22,Museum District,Public Safety,Hazardous Condition,Low,Resolved,21.45,Phone,Police,3.4,2025-03,2025Q1,1
RVA-10793,2024-11-03,Highland Park,Public Safety,Missing Sign,Medium,Resolved,1.84,Website,Parks & Rec,3.5,2024-11,2024Q4,1
RVA-10794,2024-09-05,Ginter Park,Parks & Public Spaces,Park Maintenance,Emergency,Resolved,0.59,Website,Code Enforcement,3.1,2024-09,2024Q3,1
RVA-10795,2024-06-14,Carytown,Water & Utilities,Storm Drain Blocked,High,Resolved,2.8,Mobile App,Transportation,3.5,2024-06,2024Q2,1
RVA-10796,2025-04-25,Northside,Water & Utilities,Sewer Problem,High,Closed,0.33,Mobile App,Public Works,1.7,2025-04,2025Q2,1
RVA-10797,2024-11-30,Highland Park,Public Safety,Hazardous Condition,Low,Closed,5.12,Phone,Code Enforcement,3.7,2024-11,2024Q4,1
RVA-10798,2025-06-25,Highland Park,Water & Utilities,Storm Drain Blocked,Medium,Closed,3.3,Email,Transportation,2.3,2025-06,2025Q2,1
RVA-10799,2024-04-15,Church Hill,Parks & Public Spaces,Playground Repair,Medium,Resolved,2.2,Phone,Police,2.8,2024-04,2024Q2,1
RVA-10800,2025-07-16,Short Pump,Noise & Nuisance,Abandoned Vehicle,Low,Resolved,3.89,Mobile App,Public Utilities,2.3,2025-07,2025Q3,1
RVA-10801,2024-03-21,Ginter Park,Noise & Nuisance,Animal Control,Medium,Closed,5.8,Mobile App,Police,2.9,2024-03,2024Q1,1
RVA-10802,2024-05-12,Manchester,Sanitation,Bulk Pickup Request,Medium,Resolved,1.22,Mobile App,Public Works,3.5,2024-05,2024Q2,1
RVA-10803,2024-05-17,Museum District,Public Safety,Traffic Signal Issue,Medium,Resolved,6.18,Phone,Code Enforcement,4.4,2024-05,2024Q2,1
RVA-10804,2024-07-02,Highland Park,Water & Utilities,Water Main Break,High,Closed,5.47,Website,Code Enforcement,2.9,2024-07,2024Q3,1
RVA-10805,2025-02-04,The Fan,Water & Utilities,Storm Drain Blocked,High,Resolved,1.67,Email,Transportation,2.3,2025-02,2025Q1,1
RVA-10806,2024-11-25,Ginter Park,Water & Utilities,Water Main Break,Medium,Resolved,4.73,Phone,Parks & Rec,3.0,2024-11,2024Q4,1
RVA-10807,2025-05-22,Manchester,Road & Sidewalk,Crosswalk Faded,High,Open,0.14,Mobile App,Public Utilities,3.8,2025-05,2025Q2,0
RVA-10808,2024-03-09,The Fan,Public Safety,Unsafe Structure,Low,Open,19.99,Website,Police,2.4,2024-03,2024Q1,0
RVA-10809,2025-06-29,Scott's Addition,Public Safety,Hazardous Condition,High,Open,0.67,Website,Public Utilities,2.7,2025-06,2025Q2,0
RVA-10810,2024-02-22,Carytown,Sanitation,Missed Trash Pickup,Low,Closed,9.55,Mobile App,Public Works,3.3,2024-02,2024Q1,1
RVA-10811,2025-03-25,Carytown,Water & Utilities,Sewer Problem,Low,Resolved,38.69,Walk-in,Parks & Rec,2.2,2025-03,2025Q1,1
RVA-10812,2024-07-23,West End,Road & Sidewalk,Sidewalk Damage,Medium,Resolved,4.53,Walk-in,Police,1.8,2024-07,2024Q3,1
RVA-10813,2024-05-05,Scott's Addition,Public Safety,Hazardous Condition,Medium,Closed,6.45,Phone,Public Works,1.6,2024-05,2024Q2,1
RVA-10814,2024-02-12,Bon Air,Noise & Nuisance,Abandoned Vehicle,Emergency,Resolved,0.29,Phone,Public Utilities,2.4,2024-02,2024Q1,1
RVA-10815,2024-04-20,Short Pump,Noise & Nuisance,Abandoned Vehicle,Medium,Resolved,0.31,Website,Parks & Rec,1.2,2024-04,2024Q2,1
RVA-10816,2025-10-24,Museum District,Parks & Public Spaces,Park Maintenance,Medium,Resolved,7.99,Website,Police,3.3,2025-10,2025Q4,1
RVA-10817,2024-07-01,Museum District,Parks & Public Spaces,Playground Repair,Medium,Closed,0.18,Mobile App,Public Utilities,1.7,2024-07,2024Q3,1
RVA-10818,2024-04-04,West End,Public Safety,Unsafe Structure,Medium,In Progress,6.03,Mobile App,Police,2.5,2024-04,2024Q2,0
RVA-10819,2025-01-08,Museum District,Road & Sidewalk,Crosswalk Faded,Medium,Open,0.12,Mobile App,Parks & Rec,2.1,2025-01,2025Q1,0
RVA-10820,2025-06-03,Carytown,Water & Utilities,Storm Drain Blocked,High,In Progress,3.97,Website,Parks & Rec,3.5,2025-06,2025Q2,0
RVA-10821,2024-12-25,Woodland Heights,Water & Utilities,Water Main Break,High,Resolved,0.34,Phone,Public Utilities,4.4,2024-12,2024Q4,1
RVA-10822,2025-11-26,Museum District,Sanitation,Illegal Dumping,High,Resolved,1.44,Phone,Police,3.5,2025-11,2025Q4,1
RVA-10823,2024-10-07,The Fan,Parks & Public Spaces,Graffiti Removal,Emergency,Closed,0.45,Website,Code Enforcement,3.2,2024-10,2024Q4,1
RVA-10824,2024-07-13,Short Pump,Road & Sidewalk,Street Light Out,Medium,Resolved,3.06,Mobile App,Public Works,3.7,2024-07,2024Q3,1
RVA-10825,2024-07-13,East End,Sanitation,Missed Trash Pickup,High,Closed,0.83,Website,Parks & Rec,1.1,2024-07,2024Q3,1
RVA-10826,2025-10-28,Scott's Addition,Water & Utilities,Storm Drain Blocked,Medium,In Progress,3.15,Phone,Police,1.5,2025-10,2025Q4,0
RVA-10827,2024-04-02,Highland Park,Sanitation,Missed Trash Pickup,High,In Progress,0.75,Phone,Public Utilities,1.4,2024-04,2024Q2,0
RVA-10828,2025-11-02,East End,Road & Sidewalk,Pothole Repair,Medium,Resolved,2.88,Mobile App,Public Utilities,1.4,2025-11,2025Q4,1
RVA-10829,2024-03-01,East End,Public Safety,Traffic Signal Issue,Emergency,Closed,0.22,Email,Parks & Rec,2.0,2024-03,2024Q1,1
RVA-10830,2025-09-25,Museum District,Parks & Public Spaces,Playground Repair,High,Closed,1.67,Website,Transportation,3.1,2025-09,2025Q3,1
RVA-10831,2024-02-20,Bon Air,Road & Sidewalk,Street Light Out,Emergency,Closed,0.14,Mobile App,Parks & Rec,1.5,2024-02,2024Q1,1
RVA-10832,2025-02-06,Scott's Addition,Road & Sidewalk,Crosswalk Faded,High,Closed,8.96,Email,Transportation,4.7,2025-02,2025Q1,1
RVA-10833,2024-01-05,Northside,Noise & Nuisance,Abandoned Vehicle,Emergency,Closed,0.35,Website,Code Enforcement,4.4,2024-01,2024Q1,1
RVA-10834,2025-04-10,Manchester,Water & Utilities,Hydrant Issue,High,Resolved,0.43,Mobile App,Public Utilities,4.9,2025-04,2025Q2,1
RVA-10835,2025-08-26,West End,Public Safety,Traffic Signal Issue,Medium,Resolved,3.24,Mobile App,Police,1.2,2025-08,2025Q3,1
RVA-10836,2025-11-12,The Fan,Water & Utilities,Storm Drain Blocked,Medium,In Progress,10.07,Mobile App,Transportation,4.4,2025-11,2025Q4,0
RVA-10837,2025-06-17,The Fan,Road & Sidewalk,Street Light Out,Medium,Resolved,0.11,Website,Public Works,4.2,2025-06,2025Q2,1
RVA-10838,2025-02-08,Highland Park,Sanitation,Illegal Dumping,Low,Resolved,11.38,Website,Public Works,4.6,2025-02,2025Q1,1
RVA-10839,2025-05-27,Museum District,Parks & Public Spaces,Park Maintenance,Medium,Resolved,3.97,Mobile App,Code Enforcement,3.1,2025-05,2025Q2,1
RVA-10840,2025-10-06,Manchester,Road & Sidewalk,Street Light Out,Medium,Resolved,0.93,Phone,Transportation,4.2,2025-10,2025Q4,1
RVA-10841,2024-08-20,Northside,Water & Utilities,Storm Drain Blocked,Medium,In Progress,8.5,Mobile App,Transportation,1.2,2024-08,2024Q3,0
RVA-10842,2025-06-07,West End,Water & Utilities,Water Main Break,Emergency,Resolved,0.23,Mobile App,Police,1.3,2025-06,2025Q2,1
RVA-10843,2024-12-11,Shockoe Bottom,Noise & Nuisance,Abandoned Vehicle,Emergency,Open,0.17,Phone,Public Works,1.5,2024-12,2024Q4,0
RVA-10844,2024-02-15,Shockoe Bottom,Water & Utilities,Water Main Break,Low,Closed,17.61,Mobile App,Public Works,4.7,2024-02,2024Q1,1
RVA-10845,2025-06-29,Bon Air,Road & Sidewalk,Crosswalk Faded,Medium,In Progress,5.09,Phone,Police,1.2,2025-06,2025Q2,0
RVA-10846,2024-03-18,Northside,Noise & Nuisance,Abandoned Vehicle,Medium,Resolved,11.43,Email,Transportation,1.4,2024-03,2024Q1,1
RVA-10847,2025-12-30,Oregon Hill,Road & Sidewalk,Pothole Repair,Medium,Closed,4.97,Mobile App,Police,4.7,2025-12,2025Q4,1
RVA-10848,2024-03-13,Highland Park,Parks & Public Spaces,Park Maintenance,High,Resolved,2.7,Mobile App,Parks & Rec,1.4,2024-03,2024Q1,1
RVA-10849,2024-09-05,Short Pump,Sanitation,Bulk Pickup Request,Medium,In Progress,9.05,Mobile App,Public Works,4.5,2024-09,2024Q3,0
RVA-10850,2024-02-16,Scott's Addition,Road & Sidewalk,Sidewalk Damage,Medium,Resolved,0.28,Phone,Transportation,4.2,2024-02,2024Q1,1
RVA-10851,2024-04-30,Scott's Addition,Sanitation,Illegal Dumping,High,In Progress,2.99,Website,Public Works,1.2,2024-04,2024Q2,0
RVA-10852,2024-08-01,Oregon Hill,Water & Utilities,Water Main Break,High,Resolved,1.9,Phone,Code Enforcement,1.1,2024-08,2024Q3,1
RVA-10853,2024-08-26,Ginter Park,Noise & Nuisance,Property Maintenance,Low,Open,0.72,Phone,Parks & Rec,3.1,2024-08,2024Q3,0
RVA-10854,2024-02-25,The Fan,Noise & Nuisance,Animal Control,High,Resolved,1.42,Phone,Parks & Rec,5.0,2024-02,2024Q1,1
RVA-10855,2024-12-15,Scott's Addition,Water & Utilities,Hydrant Issue,Medium,Closed,0.43,Mobile App,Public Works,4.5,2024-12,2024Q4,1
RVA-10856,2024-04-16,Bon Air,Parks & Public Spaces,Tree Hazard,Medium,Resolved,6.66,Phone,Public Utilities,2.2,2024-04,2024Q2,1
RVA-10857,2024-02-17,Carytown,Parks & Public Spaces,Playground Repair,Low,Resolved,7.91,Website,Public Utilities,2.5,2024-02,2024Q1,1
RVA-10858,2025-07-26,Southside,Parks & Public Spaces,Graffiti Removal,Medium,Resolved,15.35,Mobile App,Police,2.6,2025-07,2025Q3,1
RVA-10859,2024-12-02,Scott's Addition,Parks & Public Spaces,Tree Hazard,Medium,Resolved,1.01,Website,Parks & Rec,3.9,2024-12,2024Q4,1
RVA-10860,2024-01-26,Northside,Public Safety,Traffic Signal Issue,Medium,Closed,4.66,Phone,Public Works,2.4,2024-01,2024Q1,1
RVA-10861,2024-09-13,Oregon Hill,Parks & Public Spaces,Playground Repair,High,In Progress,0.48,Mobile App,Transportation,1.6,2024-09,2024Q3,0
RVA-10862,2024-01-08,Carytown,Water & Utilities,Hydrant Issue,High,Closed,1.9,Phone,Public Works,4.0,2024-01,2024Q1,1
RVA-10863,2025-09-16,Northside,Public Safety,Traffic Signal Issue,Low,Resolved,12.82,Email,Public Works,2.8,2025-09,2025Q3,1
RVA-10864,2024-09-09,West End,Public Safety,Unsafe Structure,Low,Closed,12.81,Mobile App,Transportation,1.3,2024-09,2024Q3,1
RVA-10865,2025-11-22,West End,Noise & Nuisance,Abandoned Vehicle,High,Resolved,3.38,Mobile App,Transportation,4.2,2025-11,2025Q4,1
RVA-10866,2025-12-19,Southside,Sanitation,Bulk Pickup Request,Low,Resolved,19.21,Phone,Code Enforcement,3.3,2025-12,2025Q4,1
RVA-10867,2024-10-29,Lakeside,Road & Sidewalk,Street Light Out,Emergency,Closed,0.04,Website,Public Utilities,3.0,2024-10,2024Q4,1
RVA-10868,2025-09-30,Short Pump,Road & Sidewalk,Pothole Repair,Medium,Closed,2.1,Mobile App,Code Enforcement,3.7,2025-09,2025Q3,1
RVA-10869,2024-02-25,Southside,Sanitation,Illegal Dumping,Medium,Resolved,5.81,Email,Public Works,3.0,2024-02,2024Q1,1
RVA-10870,2025-12-26,West End,Water & Utilities,Hydrant Issue,Low,Closed,6.9,Website,Public Works,3.6,2025-12,2025Q4,1
RVA-10871,2025-06-09,East End,Noise & Nuisance,Property Maintenance,Low,In Progress,2.12,Walk-in,Parks & Rec,4.5,2025-06,2025Q2,0
RVA-10872,2025-04-18,Northside,Parks & Public Spaces,Park Maintenance,Low,Open,8.05,Mobile App,Parks & Rec,3.5,2025-04,2025Q2,0
RVA-10873,2024-01-28,Shockoe Bottom,Public Safety,Hazardous Condition,Low,Resolved,5.23,Walk-in,Public Utilities,3.6,2024-01,2024Q1,1
RVA-10874,2024-03-18,Scott's Addition,Sanitation,Overflowing Bin,Medium,Closed,2.47,Phone,Transportation,3.5,2024-03,2024Q1,1
RVA-10875,2024-08-03,Scott's Addition,Sanitation,Missed Trash Pickup,Low,Closed,16.59,Mobile App,Police,3.1,2024-08,2024Q3,1
RVA-10876,2025-01-20,Bon Air,Sanitation,Bulk Pickup Request,Medium,Resolved,2.62,Email,Public Works,1.7,2025-01,2025Q1,1
RVA-10877,2024-12-30,Highland Park,Parks & Public Spaces,Tree Hazard,Medium,Open,0.13,Mobile App,Parks & Rec,2.3,2024-12,2024Q4,0
RVA-10878,2025-10-27,Northside,Road & Sidewalk,Pothole Repair,Medium,Resolved,0.3,Email,Public Utilities,3.8,2025-10,2025Q4,1
RVA-10879,2025-06-09,Scott's Addition,Parks & Public Spaces,Playground Repair,Low,Resolved,19.4,Phone,Code Enforcement,2.7,2025-06,2025Q2,1
RVA-10880,2025-11-29,Carytown,Noise & Nuisance,Noise Complaint,Low,Resolved,32.34,Email,Public Works,2.6,2025-11,2025Q4,1
RVA-10881,2024-11-07,Bon Air,Water & Utilities,Sewer Problem,Low,Resolved,11.66,Phone,Police,4.0,2024-11,2024Q4,1
RVA-10882,2024-01-07,Bon Air,Road & Sidewalk,Crosswalk Faded,High,Open,0.91,Website,Public Utilities,1.0,2024-01,2024Q1,0
RVA-10883,2024-01-03,Carytown,Parks & Public Spaces,Playground Repair,Medium,Resolved,13.95,Mobile App,Transportation,3.7,2024-01,2024Q1,1
RVA-10884,2025-09-14,Highland Park,Public Safety,Missing Sign,High,Resolved,2.17,Phone,Police,3.0,2025-09,2025Q3,1
RVA-10885,2024-12-28,Museum District,Road & Sidewalk,Pothole Repair,Medium,Closed,9.3,Website,Public Works,2.5,2024-12,2024Q4,1
RVA-10886,2025-05-22,Manchester,Parks & Public Spaces,Graffiti Removal,Medium,Resolved,7.26,Website,Public Utilities,2.4,2025-05,2025Q2,1
RVA-10887,2024-09-30,West End,Water & Utilities,Sewer Problem,Medium,In Progress,2.38,Mobile App,Transportation,1.7,2024-09,2024Q3,0
RVA-10888,2025-05-20,Northside,Noise & Nuisance,Animal Control,High,Resolved,1.3,Phone,Parks & Rec,2.3,2025-05,2025Q2,1
RVA-10889,2024-01-15,Highland Park,Public Safety,Missing Sign,Medium,Resolved,1.03,Phone,Police,2.6,2024-01,2024Q1,1
RVA-10890,2024-07-10,The Fan,Sanitation,Overflowing Bin,Low,In Progress,3.45,Mobile App,Code Enforcement,2.7,2024-07,2024Q3,0
RVA-10891,2025-09-22,Manchester,Noise & Nuisance,Noise Complaint,Medium,Closed,7.53,Phone,Code Enforcement,3.7,2025-09,2025Q3,1
RVA-10892,2025-04-29,Manchester,Water & Utilities,Water Main Break,Medium,Closed,11.22,Walk-in,Police,2.8,2025-04,2025Q2,1
RVA-10893,2024-01-28,Manchester,Water & Utilities,Water Main Break,Medium,Closed,6.45,Mobile App,Public Works,4.2,2024-01,2024Q1,1
RVA-10894,2025-12-14,Lakeside,Noise & Nuisance,Noise Complaint,Medium,Resolved,3.13,Phone,Public Works,3.6,2025-12,2025Q4,1
RVA-10895,2024-02-08,Scott's Addition,Sanitation,Bulk Pickup Request,Medium,Resolved,0.45,Email,Public Works,1.8,2024-02,2024Q1,1
RVA-10896,2024-09-29,Museum District,Water & Utilities,Water Main Break,Medium,Resolved,0.29,Mobile App,Code Enforcement,2.1,2024-09,2024Q3,1
RVA-10897,2024-08-18,Oregon Hill,Noise & Nuisance,Abandoned Vehicle,Medium,Closed,2.34,Phone,Code Enforcement,1.3,2024-08,2024Q3,1
RVA-10898,2024-03-26,West End,Water & Utilities,Storm Drain Blocked,High,Closed,1.25,Website,Parks & Rec,4.8,2024-03,2024Q1,1
RVA-10899,2025-04-18,Northside,Public Safety,Traffic Signal Issue,High,Resolved,1.88,Website,Public Works,4.5,2025-04,2025Q2,1
RVA-10900,2024-05-05,East End,Water & Utilities,Storm Drain Blocked,Medium,Resolved,0.03,Website,Code Enforcement,1.3,2024-05,2024Q2,1
RVA-10901,2025-06-20,Scott's Addition,Water & Utilities,Storm Drain Blocked,High,Closed,9.16,Website,Code Enforcement,3.3,2025-06,2025Q2,1
RVA-10902,2024-05-24,Manchester,Road & Sidewalk,Pothole Repair,High,In Progress,0.9,Mobile App,Public Works,4.8,2024-05,2024Q2,0
RVA-10903,2025-06-08,The Fan,Public Safety,Missing Sign,Medium,Closed,9.42,Phone,Public Works,4.0,2025-06,2025Q2,1
RVA-10904,2024-07-30,Carytown,Parks & Public Spaces,Graffiti Removal,Medium,Closed,3.83,Website,Code Enforcement,3.0,2024-07,2024Q3,1
RVA-10905,2024-01-25,Scott's Addition,Public Safety,Unsafe Structure,High,In Progress,0.28,Mobile App,Transportation,2.0,2024-01,2024Q1,0
RVA-10906,2025-08-02,The Fan,Sanitation,Missed Trash Pickup,Medium,Closed,7.99,Mobile App,Police,2.1,2025-08,2025Q3,1
RVA-10907,2025-01-28,Northside,Road & Sidewalk,Crosswalk Faded,Low,Closed,12.37,Walk-in,Code Enforcement,3.9,2025-01,2025Q1,1
RVA-10908,2024-03-07,Bon Air,Sanitation,Illegal Dumping,High,Closed,1.5,Website,Parks & Rec,4.1,2024-03,2024Q1,1
RVA-10909,2024-08-20,Carytown,Road & Sidewalk,Sidewalk Damage,Low,Resolved,7.23,Phone,Public Utilities,3.1,2024-08,2024Q3,1
RVA-10910,2024-04-18,Ginter Park,Public Safety,Unsafe Structure,High,Resolved,0.18,Email,Transportation,1.5,2024-04,2024Q2,1
RVA-10911,2024-05-25,Carytown,Public Safety,Missing Sign,High,Resolved,2.13,Website,Public Works,4.7,2024-05,2024Q2,1
RVA-10912,2024-04-20,East End,Sanitation,Missed Trash Pickup,Emergency,Resolved,1.21,Email,Parks & Rec,4.4,2024-04,2024Q2,1
RVA-10913,2024-08-15,Southside,Parks & Public Spaces,Graffiti Removal,Low,Resolved,0.98,Email,Police,1.6,2024-08,2024Q3,1
RVA-10914,2024-04-20,Bon Air,Water & Utilities,Water Main Break,Medium,Resolved,1.53,Phone,Public Utilities,1.2,2024-04,2024Q2,1
RVA-10915,2025-04-14,Carytown,Sanitation,Overflowing Bin,Medium,Closed,11.63,Website,Transportation,3.1,2025-04,2025Q2,1
RVA-10916,2024-02-03,Manchester,Road & Sidewalk,Pothole Repair,Medium,Open,1.67,Website,Code Enforcement,2.1,2024-02,2024Q1,0
RVA-10917,2025-09-14,Carytown,Sanitation,Overflowing Bin,Low,Resolved,10.61,Walk-in,Public Works,2.1,2025-09,2025Q3,1
RVA-10918,2025-01-03,Jackson Ward,Public Safety,Unsafe Structure,Medium,Open,3.83,Website,Code Enforcement,1.3,2025-01,2025Q1,0
RVA-10919,2025-08-17,Bon Air,Public Safety,Traffic Signal Issue,Medium,Closed,4.54,Mobile App,Parks & Rec,4.8,2025-08,2025Q3,1
RVA-10920,2025-07-07,Highland Park,Noise & Nuisance,Noise Complaint,Low,Resolved,5.37,Mobile App,Public Works,4.3,2025-07,2025Q3,1
RVA-10921,2025-02-28,West End,Sanitation,Illegal Dumping,Medium,Open,1.78,Mobile App,Code Enforcement,1.5,2025-02,2025Q1,0
RVA-10922,2025-09-04,Short Pump,Water & Utilities,Sewer Problem,High,Closed,0.1,Walk-in,Public Works,4.5,2025-09,2025Q3,1
RVA-10923,2025-06-01,Fulton,Sanitation,Missed Trash Pickup,High,Open,2.73,Walk-in,Parks & Rec,3.7,2025-06,2025Q2,0
RVA-10924,2025-11-22,Museum District,Water & Utilities,Hydrant Issue,Emergency,Resolved,0.69,Phone,Code Enforcement,2.3,2025-11,2025Q4,1
RVA-10925,2024-10-08,Church Hill,Noise & Nuisance,Property Maintenance,Medium,Closed,5.55,Phone,Public Utilities,4.5,2024-10,2024Q4,1
RVA-10926,2024-11-15,Ginter Park,Sanitation,Missed Trash Pickup,Emergency,Closed,0.52,Walk-in,Police,3.4,2024-11,2024Q4,1
RVA-10927,2025-03-18,Scott's Addition,Road & Sidewalk,Sidewalk Damage,High,Open,0.56,Mobile App,Code Enforcement,4.4,2025-03,2025Q1,0
RVA-10928,2024-11-10,The Fan,Public Safety,Hazardous Condition,Medium,Closed,0.11,Mobile App,Public Works,2.9,2024-11,2024Q4,1
RVA-10929,2025-01-11,Carytown,Noise & Nuisance,Abandoned Vehicle,Low,Closed,16.54,Phone,Transportation,3.0,2025-01,2025Q1,1
RVA-10930,2024-10-15,Northside,Parks & Public Spaces,Tree Hazard,Medium,Resolved,3.38,Email,Code Enforcement,2.2,2024-10,2024Q4,1
RVA-10931,2025-03-12,Northside,Road & Sidewalk,Pothole Repair,Medium,Resolved,1.83,Website,Public Works,2.6,2025-03,2025Q1,1
RVA-10932,2025-10-23,Scott's Addition,Noise & Nuisance,Animal Control,Medium,Open,0.54,Phone,Transportation,3.3,2025-10,2025Q4,0
RVA-10933,2024-10-03,West End,Noise & Nuisance,Abandoned Vehicle,Medium,Resolved,0.32,Mobile App,Parks & Rec,4.8,2024-10,2024Q4,1
RVA-10934,2025-12-10,Highland Park,Water & Utilities,Sewer Problem,High,Resolved,0.86,Website,Transportation,3.4,2025-12,2025Q4,1
RVA-10935,2025-08-04,Bon Air,Water & Utilities,Sewer Problem,Medium,Closed,8.17,Walk-in,Police,1.6,2025-08,2025Q3,1
RVA-10936,2025-05-17,Northside,Public Safety,Missing Sign,Low,Resolved,25.1,Website,Public Works,1.0,2025-05,2025Q2,1
RVA-10937,2025-09-15,Highland Park,Water & Utilities,Water Main Break,High,Closed,4.54,Phone,Code Enforcement,4.4,2025-09,2025Q3,1
RVA-10938,2025-05-30,Highland Park,Parks & Public Spaces,Park Maintenance,Medium,In Progress,12.63,Mobile App,Transportation,2.5,2025-05,2025Q2,0
RVA-10939,2024-12-15,Scott's Addition,Water & Utilities,Water Main Break,Emergency,In Progress,1.19,Email,Parks & Rec,2.3,2024-12,2024Q4,0
RVA-10940,2025-03-21,Manchester,Parks & Public Spaces,Playground Repair,Low,In Progress,7.49,Mobile App,Transportation,4.2,2025-03,2025Q1,0
RVA-10941,2024-12-15,Museum District,Water & Utilities,Water Main Break,Emergency,Open,0.12,Mobile App,Public Utilities,4.8,2024-12,2024Q4,0
RVA-10942,2025-08-29,The Fan,Public Safety,Unsafe Structure,Low,Resolved,16.0,Walk-in,Code Enforcement,4.0,2025-08,2025Q3,1
RVA-10943,2025-10-25,Manchester,Public Safety,Missing Sign,Low,Closed,2.4,Email,Police,1.7,2025-10,2025Q4,1
RVA-10944,2024-05-16,Museum District,Road & Sidewalk,Street Light Out,Low,Resolved,3.11,Website,Parks & Rec,2.6,2024-05,2024Q2,1
RVA-10945,2024-08-30,Carytown,Water & Utilities,Sewer Problem,High,Resolved,0.53,Website,Code Enforcement,4.0,2024-08,2024Q3,1
RVA-10946,2025-06-26,Carytown,Water & Utilities,Hydrant Issue,High,Closed,1.45,Mobile App,Public Works,4.6,2025-06,2025Q2,1
RVA-10947,2024-02-09,Museum District,Sanitation,Bulk Pickup Request,Medium,Resolved,1.94,Mobile App,Public Works,5.0,2024-02,2024Q1,1
RVA-10948,2024-08-16,West End,Sanitation,Overflowing Bin,Emergency,Resolved,0.08,Mobile App,Public Works,3.0,2024-08,2024Q3,1
RVA-10949,2025-07-01,Ginter Park,Parks & Public Spaces,Tree Hazard,Medium,Resolved,3.02,Phone,Code Enforcement,4.3,2025-07,2025Q3,1
RVA-10950,2024-08-10,Northside,Noise & Nuisance,Noise Complaint,Medium,Closed,10.35,Mobile App,Police,1.2,2024-08,2024Q3,1
RVA-10951,2024-01-06,Museum District,Road & Sidewalk,Sidewalk Damage,High,In Progress,1.69,Walk-in,Public Works,2.1,2024-01,2024Q1,0
RVA-10952,2024-11-17,Oregon Hill,Road & Sidewalk,Street Light Out,Medium,Open,10.53,Mobile App,Code Enforcement,2.5,2024-11,2024Q4,0
RVA-10953,2025-04-12,Shockoe Bottom,Sanitation,Bulk Pickup Request,Medium,Resolved,1.09,Phone,Code Enforcement,4.9,2025-04,2025Q2,1
RVA-10954,2024-03-15,Church Hill,Water & Utilities,Storm Drain Blocked,Emergency,Closed,0.09,Phone,Police,1.0,2024-03,2024Q1,1
RVA-10955,2024-01-04,Highland Park,Water & Utilities,Storm Drain Blocked,Emergency,Resolved,0.43,Website,Parks & Rec,2.2,2024-01,2024Q1,1
RVA-10956,2025-10-07,Museum District,Public Safety,Unsafe Structure,Emergency,Closed,0.31,Mobile App,Parks & Rec,4.7,2025-10,2025Q4,1
RVA-10957,2024-04-27,Highland Park,Public Safety,Unsafe Structure,Emergency,Closed,0.54,Walk-in,Code Enforcement,2.2,2024-04,2024Q2,1
RVA-10958,2025-08-28,West End,Noise & Nuisance,Noise Complaint,Low,Resolved,15.83,Phone,Parks & Rec,1.9,2025-08,2025Q3,1
RVA-10959,2025-05-18,Shockoe Bottom,Noise & Nuisance,Noise Complaint,High,Closed,2.78,Website,Public Utilities,3.9,2025-05,2025Q2,1
RVA-10960,2025-07-27,Short Pump,Public Safety,Hazardous Condition,Medium,Closed,14.26,Website,Police,4.0,2025-07,2025Q3,1
RVA-10961,2025-03-16,Museum District,Sanitation,Overflowing Bin,Emergency,Resolved,0.25,Mobile App,Code Enforcement,2.9,2025-03,2025Q1,1
RVA-10962,2024-07-12,Museum District,Parks & Public Spaces,Park Maintenance,Medium,Resolved,1.16,Website,Parks & Rec,4.8,2024-07,2024Q3,1
RVA-10963,2025-12-15,Short Pump,Public Safety,Traffic Signal Issue,Medium,Resolved,4.0,Phone,Transportation,1.8,2025-12,2025Q4,1
RVA-10964,2025-01-26,Bon Air,Road & Sidewalk,Sidewalk Damage,Medium,Resolved,0.59,Walk-in,Parks & Rec,4.7,2025-01,2025Q1,1
RVA-10965,2024-01-26,Highland Park,Public Safety,Unsafe Structure,Medium,Closed,1.7,Walk-in,Police,4.0,2024-01,2024Q1,1
RVA-10966,2025-03-10,Bon Air,Road & Sidewalk,Street Light Out,Low,Resolved,2.33,Mobile App,Transportation,2.5,2025-03,2025Q1,1
RVA-10967,2024-06-21,The Fan,Road & Sidewalk,Pothole Repair,High,Resolved,1.01,Mobile App,Public Works,4.2,2024-06,2024Q2,1
RVA-10968,2024-10-26,Church Hill,Public Safety,Traffic Signal Issue,High,Closed,0.24,Mobile App,Parks & Rec,1.5,2024-10,2024Q4,1
RVA-10969,2025-10-06,The Fan,Public Safety,Unsafe Structure,Low,Resolved,0.32,Email,Transportation,1.5,2025-10,2025Q4,1
RVA-10970,2024-11-21,Scott's Addition,Public Safety,Traffic Signal Issue,High,Resolved,2.14,Mobile App,Police,4.7,2024-11,2024Q4,1
RVA-10971,2025-02-13,Museum District,Sanitation,Illegal Dumping,Medium,Closed,4.71,Website,Transportation,1.4,2025-02,2025Q1,1
RVA-10972,2024-04-27,Southside,Noise & Nuisance,Animal Control,Medium,Resolved,6.16,Website,Public Works,1.0,2024-04,2024Q2,1
RVA-10973,2025-12-24,Lakeside,Water & Utilities,Sewer Problem,Medium,Closed,5.4,Website,Transportation,2.6,2025-12,2025Q4,1
RVA-10974,2024-08-12,Bon Air,Water & Utilities,Sewer Problem,High,In Progress,0.24,Mobile App,Code Enforcement,1.4,2024-08,2024Q3,0
RVA-10975,2025-06-15,Bon Air,Noise & Nuisance,Property Maintenance,High,In Progress,0.69,Mobile App,Public Works,4.5,2025-06,2025Q2,0
RVA-10976,2024-04-22,Shockoe Bottom,Noise & Nuisance,Abandoned Vehicle,Medium,Resolved,0.69,Phone,Parks & Rec,4.7,2024-04,2024Q2,1
RVA-10977,2024-05-19,Ginter Park,Parks & Public Spaces,Park Maintenance,Medium,Resolved,9.26,Mobile App,Code Enforcement,2.9,2024-05,2024Q2,1
RVA-10978,2025-07-12,Museum District,Sanitation,Bulk Pickup Request,Low,Closed,13.74,Mobile App,Code Enforcement,2.7,2025-07,2025Q3,1
RVA-10979,2024-01-01,Museum District,Parks & Public Spaces,Playground Repair,Medium,Closed,1.13,Mobile App,Public Works,3.2,2024-01,2024Q1,1
RVA-10980,2024-03-30,Highland Park,Road & Sidewalk,Crosswalk Faded,Low,Closed,4.18,Phone,Code Enforcement,1.9,2024-03,2024Q1,1
RVA-10981,2025-10-15,Carytown,Water & Utilities,Hydrant Issue,Low,Resolved,34.0,Phone,Public Works,2.2,2025-10,2025Q4,1
RVA-10982,2024-11-15,Woodland Heights,Road & Sidewalk,Street Light Out,High,Closed,1.8,Mobile App,Public Works,1.4,2024-11,2024Q4,1
RVA-10983,2025-07-03,East End,Sanitation,Missed Trash Pickup,Emergency,Closed,0.81,Mobile App,Transportation,2.8,2025-07,2025Q3,1
RVA-10984,2024-05-18,Ginter Park,Noise & Nuisance,Abandoned Vehicle,Medium,Resolved,1.54,Mobile App,Public Works,3.4,2024-05,2024Q2,1
RVA-10985,2025-05-25,Bon Air,Noise & Nuisance,Noise Complaint,Low,Closed,2.36,Phone,Police,4.7,2025-05,2025Q2,1
RVA-10986,2024-09-15,Short Pump,Road & Sidewalk,Crosswalk Faded,Medium,Open,7.66,Mobile App,Parks & Rec,4.0,2024-09,2024Q3,0
RVA-10987,2025-11-03,Carytown,Noise & Nuisance,Abandoned Vehicle,High,In Progress,2.32,Website,Code Enforcement,3.9,2025-11,2025Q4,0
RVA-10988,2025-11-20,Shockoe Bottom,Noise & Nuisance,Animal Control,High,Closed,2.28,Mobile App,Public Utilities,2.2,2025-11,2025Q4,1
RVA-10989,2024-01-10,Manchester,Water & Utilities,Hydrant Issue,High,Resolved,1.61,Email,Transportation,4.6,2024-01,2024Q1,1
RVA-10990,2024-09-17,Carytown,Road & Sidewalk,Street Light Out,Medium,Resolved,4.15,Mobile App,Parks & Rec,4.8,2024-09,2024Q3,1
RVA-10991,2025-10-11,Highland Park,Sanitation,Bulk Pickup Request,High,Resolved,2.66,Email,Public Utilities,4.7,2025-10,2025Q4,1
RVA-10992,2024-06-20,Manchester,Parks & Public Spaces,Playground Repair,Low,Closed,3.15,Walk-in,Public Works,1.2,2024-06,2024Q2,1
RVA-10993,2024-01-13,Bon Air,Sanitation,Missed Trash Pickup,Medium,Resolved,2.18,Website,Code Enforcement,3.4,2024-01,2024Q1,1
RVA-10994,2024-06-16,West End,Public Safety,Unsafe Structure,Medium,Resolved,10.26,Email,Transportation,3.6,2024-06,2024Q2,1
RVA-10995,2025-10-03,Shockoe Bottom,Noise & Nuisance,Abandoned Vehicle,Medium,In Progress,1.85,Mobile App,Parks & Rec,2.2,2025-10,2025Q4,0
RVA-10996,2025-08-18,Museum District,Road & Sidewalk,Crosswalk Faded,Emergency,Resolved,0.4,Mobile App,Public Utilities,5.0,2025-08,2025Q3,1
RVA-10997,2024-11-16,Museum District,Noise & Nuisance,Noise Complaint,High,Closed,2.43,Mobile App,Public Utilities,2.2,2024-11,2024Q4,1
RVA-10998,2024-11-14,Museum District,Public Safety,Missing Sign,Low,Resolved,94.96,Mobile App,Public Utilities,1.9,2024-11,2024Q4,1
RVA-10999,2025-09-04,Short Pump,Public Safety,Unsafe Structure,Low,Resolved,5.71,Mobile App,Parks & Rec,2.9,2025-09,2025Q3,1
RVA-11000,2024-11-24,The Fan,Parks & Public Spaces,Park Maintenance,Medium,Resolved,2.79,Phone,Police,2.3,2024-11,2024Q4,1
RVA-11001,2025-07-03,West End,Parks & Public Spaces,Graffiti Removal,Medium,Closed,9.24,Mobile App,Public Works,4.7,2025-07,2025Q3,1
RVA-11002,2025-02-22,Museum District,Water & Utilities,Hydrant Issue,Medium,Resolved,8.19,Phone,Code Enforcement,2.8,2025-02,2025Q1,1
RVA-11003,2025-08-28,Highland Park,Public Safety,Hazardous Condition,Emergency,Closed,0.66,Mobile App,Public Utilities,2.6,2025-08,2025Q3,1
RVA-11004,2024-04-04,Highland Park,Sanitation,Illegal Dumping,Emergency,Resolved,0.31,Website,Transportation,3.5,2024-04,2024Q2,1
RVA-11005,2025-08-03,Scott's Addition,Public Safety,Traffic Signal Issue,High,Open,0.78,Email,Parks & Rec,1.3,2025-08,2025Q3,0
RVA-11006,2024-11-13,The Fan,Public Safety,Missing Sign,High,Closed,1.88,Phone,Transportation,4.0,2024-11,2024Q4,1
RVA-11007,2024-08-23,West End,Public Safety,Missing Sign,Medium,Closed,10.45,Phone,Public Utilities,4.1,2024-08,2024Q3,1
RVA-11008,2024-11-29,Bon Air,Road & Sidewalk,Crosswalk Faded,Low,Closed,21.52,Phone,Parks & Rec,2.9,2024-11,2024Q4,1
RVA-11009,2025-01-10,Museum District,Water & Utilities,Water Main Break,Medium,Closed,0.57,Website,Transportation,4.8,2025-01,2025Q1,1
RVA-11010,2025-04-03,Scott's Addition,Parks & Public Spaces,Tree Hazard,Medium,Closed,2.8,Mobile App,Police,3.3,2025-04,2025Q2,1
RVA-11011,2024-05-16,Shockoe Bottom,Sanitation,Missed Trash Pickup,High,Closed,1.25,Email,Public Utilities,3.8,2024-05,2024Q2,1
RVA-11012,2025-08-10,Scott's Addition,Road & Sidewalk,Street Light Out,Low,Closed,37.99,Phone,Public Utilities,4.7,2025-08,2025Q3,1
RVA-11013,2025-06-30,Manchester,Water & Utilities,Hydrant Issue,Medium,Resolved,5.67,Mobile App,Code Enforcement,3.7,2025-06,2025Q2,1
RVA-11014,2025-05-27,Museum District,Road & Sidewalk,Pothole Repair,Medium,In Progress,2.61,Email,Parks & Rec,2.7,2025-05,2025Q2,0
RVA-11015,2024-10-22,East End,Public Safety,Missing Sign,Emergency,Resolved,0.01,Email,Parks & Rec,1.1,2024-10,2024Q4,1
RVA-11016,2024-11-15,Scott's Addition,Water & Utilities,Water Main Break,Medium,Closed,4.17,Website,Police,3.9,2024-11,2024Q4,1
RVA-11017,2025-07-25,The Fan,Water & Utilities,Storm Drain Blocked,High,Resolved,0.2,Mobile App,Public Utilities,4.9,2025-07,2025Q3,1
RVA-11018,2024-12-14,Oregon Hill,Public Safety,Missing Sign,High,Closed,3.6,Website,Code Enforcement,2.9,2024-12,2024Q4,1
RVA-11019,2024-08-16,Ginter Park,Parks & Public Spaces,Park Maintenance,Medium,In Progress,6.98,Mobile App,Transportation,2.4,2024-08,2024Q3,0
RVA-11020,2024-09-26,Lakeside,Road & Sidewalk,Pothole Repair,Medium,Resolved,3.09,Phone,Public Works,3.1,2024-09,2024Q3,1
RVA-11021,2024-10-17,Bon Air,Parks & Public Spaces,Park Maintenance,High,Resolved,1.12,Mobile App,Code Enforcement,3.9,2024-10,2024Q4,1
RVA-11022,2025-12-25,Lakeside,Parks & Public Spaces,Playground Repair,Medium,Open,11.38,Phone,Transportation,1.0,2025-12,2025Q4,0
RVA-11023,2024-06-13,Scott's Addition,Parks & Public Spaces,Graffiti Removal,Emergency,In Progress,0.17,Website,Code Enforcement,4.5,2024-06,2024Q2,0
RVA-11024,2024-01-05,Shockoe Bottom,Noise & Nuisance,Property Maintenance,Low,In Progress,2.86,Mobile App,Transportation,4.5,2024-01,2024Q1,0
RVA-11025,2025-01-13,West End,Noise & Nuisance,Noise Complaint,Low,Closed,28.0,Email,Code Enforcement,3.2,2025-01,2025Q1,1
RVA-11026,2024-03-18,Short Pump,Public Safety,Traffic Signal Issue,High,Open,3.31,Mobile App,Code Enforcement,1.5,2024-03,2024Q1,0
RVA-11027,2025-02-13,Northside,Noise & Nuisance,Animal Control,High,Resolved,3.44,Mobile App,Public Utilities,3.7,2025-02,2025Q1,1
RVA-11028,2025-07-27,Highland Park,Parks & Public Spaces,Playground Repair,Emergency,Open,0.11,Website,Code Enforcement,1.6,2025-07,2025Q3,0
RVA-11029,2024-05-11,West End,Noise & Nuisance,Property Maintenance,High,Closed,0.31,Walk-in,Transportation,3.0,2024-05,2024Q2,1
RVA-11030,2025-08-23,The Fan,Road & Sidewalk,Street Light Out,Emergency,Resolved,0.01,Email,Transportation,1.4,2025-08,2025Q3,1
RVA-11031,2024-02-11,Highland Park,Road & Sidewalk,Street Light Out,High,Resolved,0.54,Website,Parks & Rec,3.4,2024-02,2024Q1,1
RVA-11032,2024-03-29,Short Pump,Parks & Public Spaces,Playground Repair,High,Resolved,2.98,Mobile App,Transportation,2.3,2024-03,2024Q1,1
RVA-11033,2025-02-05,Oregon Hill,Sanitation,Overflowing Bin,Medium,Resolved,1.37,Email,Parks & Rec,4.3,2025-02,2025Q1,1
RVA-11034,2024-10-22,Short Pump,Road & Sidewalk,Pothole Repair,Medium,Closed,6.53,Email,Transportation,4.2,2024-10,2024Q4,1
RVA-11035,2024-10-21,Northside,Public Safety,Unsafe Structure,Emergency,Closed,0.15,Mobile App,Code Enforcement,5.0,2024-10,2024Q4,1
RVA-11036,2025-09-07,Church Hill,Sanitation,Overflowing Bin,Medium,In Progress,2.52,Phone,Transportation,2.0,2025-09,2025Q3,0
RVA-11037,2025-06-09,Museum District,Public Safety,Unsafe Structure,Medium,Resolved,20.42,Phone,Parks & Rec,1.2,2025-06,2025Q2,1
RVA-11038,2025-11-21,Manchester,Water & Utilities,Sewer Problem,Medium,Resolved,1.4,Phone,Public Utilities,2.8,2025-11,2025Q4,1
RVA-11039,2025-09-28,Oregon Hill,Water & Utilities,Storm Drain Blocked,Medium,In Progress,2.36,Email,Public Works,1.3,2025-09,2025Q3,0
RVA-11040,2025-02-25,Carytown,Noise & Nuisance,Property Maintenance,Medium,Closed,1.79,Mobile App,Code Enforcement,1.7,2025-02,2025Q1,1
RVA-11041,2024-01-23,Shockoe Bottom,Public Safety,Unsafe Structure,Low,Resolved,1.16,Website,Transportation,3.4,2024-01,2024Q1,1
RVA-11042,2025-07-28,Shockoe Bottom,Road & Sidewalk,Pothole Repair,High,Resolved,1.35,Mobile App,Parks & Rec,3.4,2025-07,2025Q3,1
RVA-11043,2024-05-22,Oregon Hill,Water & Utilities,Storm Drain Blocked,Medium,Resolved,2.38,Phone,Parks & Rec,1.2,2024-05,2024Q2,1
RVA-11044,2025-10-26,Bon Air,Sanitation,Illegal Dumping,Medium,Closed,5.94,Website,Public Utilities,2.8,2025-10,2025Q4,1
RVA-11045,2024-05-24,Scott's Addition,Parks & Public Spaces,Playground Repair,Low,Closed,17.02,Mobile App,Transportation,3.1,2024-05,2024Q2,1
RVA-11046,2024-08-12,Museum District,Road & Sidewalk,Pothole Repair,Low,Closed,7.86,Phone,Public Utilities,2.1,2024-08,2024Q3,1
RVA-11047,2025-05-17,Manchester,Water & Utilities,Hydrant Issue,Low,Resolved,0.33,Email,Public Works,4.5,2025-05,2025Q2,1
RVA-11048,2025-09-07,Highland Park,Parks & Public Spaces,Park Maintenance,High,Resolved,1.93,Website,Transportation,1.6,2025-09,2025Q3,1
RVA-11049,2024-04-13,The Fan,Sanitation,Missed Trash Pickup,Low,Resolved,0.57,Phone,Police,2.0,2024-04,2024Q2,1
RVA-11050,2024-02-08,Shockoe Bottom,Water & Utilities,Storm Drain Blocked,Emergency,Open,0.48,Mobile App,Police,1.6,2024-02,2024Q1,0
RVA-11051,2024-07-16,Scott's Addition,Road & Sidewalk,Pothole Repair,Low,Resolved,11.55,Phone,Transportation,1.5,2024-07,2024Q3,1
RVA-11052,2025-10-07,Bon Air,Water & Utilities,Storm Drain Blocked,Low,Resolved,2.2,Website,Police,4.5,2025-10,2025Q4,1
RVA-11053,2025-08-01,Northside,Public Safety,Missing Sign,Low,Resolved,17.11,Walk-in,Public Works,2.1,2025-08,2025Q3,1
RVA-11054,2025-01-25,Church Hill,Road & Sidewalk,Sidewalk Damage,Low,Closed,24.2,Mobile App,Code Enforcement,3.9,2025-01,2025Q1,1
RVA-11055,2024-06-27,Scott's Addition,Parks & Public Spaces,Tree Hazard,High,In Progress,3.35,Website,Police,2.7,2024-06,2024Q2,0
RVA-11056,2025-07-07,Shockoe Bottom,Road & Sidewalk,Street Light Out,High,Resolved,0.73,Mobile App,Police,3.5,2025-07,2025Q3,1
RVA-11057,2025-03-23,Carytown,Water & Utilities,Storm Drain Blocked,Medium,In Progress,4.42,Mobile App,Transportation,4.7,2025-03,2025Q1,0
RVA-11058,2025-05-14,Highland Park,Road & Sidewalk,Pothole Repair,Low,Resolved,24.63,Phone,Parks & Rec,4.4,2025-05,2025Q2,1
RVA-11059,2024-01-15,Museum District,Noise & Nuisance,Abandoned Vehicle,Medium,Open,1.93,Mobile App,Parks & Rec,1.3,2024-01,2024Q1,0
RVA-11060,2025-09-14,Southside,Public Safety,Traffic Signal Issue,Medium,Resolved,8.57,Mobile App,Code Enforcement,4.4,2025-09,2025Q3,1
RVA-11061,2025-10-30,Manchester,Public Safety,Traffic Signal Issue,Emergency,Resolved,0.0,Website,Transportation,2.8,2025-10,2025Q4,1
RVA-11062,2024-10-15,Northside,Parks & Public Spaces,Park Maintenance,Low,Resolved,0.04,Phone,Public Utilities,2.4,2024-10,2024Q4,1
RVA-11063,2025-04-22,Scott's Addition,Public Safety,Missing Sign,High,Resolved,2.85,Website,Public Works,3.7,2025-04,2025Q2,1
RVA-11064,2024-08-18,Manchester,Public Safety,Traffic Signal Issue,Medium,Resolved,7.17,Website,Police,4.8,2024-08,2024Q3,1
RVA-11065,2025-02-23,East End,Parks & Public Spaces,Graffiti Removal,Medium,Resolved,7.78,Website,Transportation,1.4,2025-02,2025Q1,1
RVA-11066,2024-06-05,Shockoe Bottom,Noise & Nuisance,Abandoned Vehicle,Medium,Resolved,13.3,Mobile App,Transportation,4.1,2024-06,2024Q2,1
RVA-11067,2025-07-03,Southside,Parks & Public Spaces,Graffiti Removal,Low,Resolved,1.25,Mobile App,Public Works,1.8,2025-07,2025Q3,1
RVA-11068,2025-03-16,Ginter Park,Water & Utilities,Sewer Problem,High,Closed,0.53,Website,Parks & Rec,2.5,2025-03,2025Q1,1
RVA-11069,2024-04-06,Carytown,Noise & Nuisance,Animal Control,Low,Resolved,23.41,Mobile App,Public Works,4.5,2024-04,2024Q2,1
RVA-11070,2025-02-14,Bon Air,Sanitation,Missed Trash Pickup,High,Resolved,0.39,Walk-in,Parks & Rec,3.2,2025-02,2025Q1,1
RVA-11071,2024-10-15,The Fan,Water & Utilities,Water Main Break,Low,Closed,11.46,Phone,Public Works,1.3,2024-10,2024Q4,1
RVA-11072,2024-09-10,Oregon Hill,Sanitation,Overflowing Bin,Emergency,Closed,0.38,Mobile App,Parks & Rec,3.0,2024-09,2024Q3,1
RVA-11073,2024-07-14,Northside,Water & Utilities,Storm Drain Blocked,Low,Closed,0.87,Website,Public Works,4.2,2024-07,2024Q3,1
RVA-11074,2025-08-20,Northside,Road & Sidewalk,Crosswalk Faded,High,Closed,0.67,Email,Police,3.1,2025-08,2025Q3,1
RVA-11075,2025-06-05,Carytown,Sanitation,Illegal Dumping,High,Resolved,1.47,Mobile App,Police,1.7,2025-06,2025Q2,1
RVA-11076,2025-05-31,Highland Park,Water & Utilities,Hydrant Issue,Emergency,Resolved,0.96,Mobile App,Code Enforcement,2.8,2025-05,2025Q2,1
RVA-11077,2025-09-26,Bon Air,Public Safety,Missing Sign,Medium,Closed,6.15,Walk-in,Public Works,4.7,2025-09,2025Q3,1
RVA-11078,2024-04-27,Shockoe Bottom,Parks & Public Spaces,Playground Repair,High,Closed,1.95,Mobile App,Public Utilities,3.6,2024-04,2024Q2,1
RVA-11079,2024-06-07,Bon Air,Sanitation,Bulk Pickup Request,Medium,Resolved,3.43,Mobile App,Code Enforcement,3.9,2024-06,2024Q2,1
RVA-11080,2024-08-15,Northside,Sanitation,Overflowing Bin,Low,Closed,3.55,Mobile App,Public Works,4.1,2024-08,2024Q3,1
RVA-11081,2024-08-03,Bon Air,Noise & Nuisance,Property Maintenance,Medium,Resolved,0.63,Phone,Public Utilities,1.4,2024-08,2024Q3,1
RVA-11082,2025-11-26,Shockoe Bottom,Road & Sidewalk,Crosswalk Faded,Low,Resolved,5.26,Phone,Police,3.3,2025-11,2025Q4,1
RVA-11083,2024-01-15,Highland Park,Parks & Public Spaces,Tree Hazard,Emergency,Closed,0.01,Phone,Police,2.5,2024-01,2024Q1,1
RVA-11084,2024-06-05,The Fan,Public Safety,Missing Sign,Low,Closed,2.37,Email,Transportation,1.6,2024-06,2024Q2,1
RVA-11085,2025-10-09,Fulton,Sanitation,Illegal Dumping,Medium,Closed,2.83,Website,Police,1.8,2025-10,2025Q4,1
RVA-11086,2024-09-17,East End,Water & Utilities,Hydrant Issue,Medium,Closed,2.71,Email,Transportation,4.1,2024-09,2024Q3,1
RVA-11087,2024-06-05,Oregon Hill,Public Safety,Missing Sign,Medium,Resolved,0.23,Phone,Public Utilities,1.6,2024-06,2024Q2,1
RVA-11088,2024-02-16,Shockoe Bottom,Parks & Public Spaces,Park Maintenance,High,Resolved,1.78,Mobile App,Parks & Rec,2.2,2024-02,2024Q1,1
RVA-11089,2024-11-19,Highland Park,Public Safety,Missing Sign,Low,Closed,7.98,Email,Public Works,2.1,2024-11,2024Q4,1
RVA-11090,2025-11-15,Northside,Noise & Nuisance,Abandoned Vehicle,Medium,Resolved,0.41,Mobile App,Code Enforcement,1.2,2025-11,2025Q4,1
RVA-11091,2024-05-09,Oregon Hill,Parks & Public Spaces,Playground Repair,Medium,Resolved,14.34,Website,Transportation,2.8,2024-05,2024Q2,1
RVA-11092,2025-02-14,Museum District,Parks & Public Spaces,Tree Hazard,Emergency,Resolved,0.05,Mobile App,Code Enforcement,4.1,2025-02,2025Q1,1
RVA-11093,2024-04-04,Ginter Park,Water & Utilities,Sewer Problem,High,Resolved,3.86,Website,Police,1.1,2024-04,2024Q2,1
RVA-11094,2025-09-18,Manchester,Public Safety,Traffic Signal Issue,Emergency,In Progress,0.0,Email,Parks & Rec,1.5,2025-09,2025Q3,0
RVA-11095,2024-10-18,Carytown,Parks & Public Spaces,Playground Repair,Low,Closed,21.39,Phone,Transportation,3.9,2024-10,2024Q4,1
RVA-11096,2024-10-09,Bon Air,Road & Sidewalk,Sidewalk Damage,Medium,In Progress,0.1,Mobile App,Public Works,3.4,2024-10,2024Q4,0
RVA-11097,2024-03-09,Oregon Hill,Parks & Public Spaces,Park Maintenance,Low,Resolved,14.18,Mobile App,Transportation,3.9,2024-03,2024Q1,1
RVA-11098,2025-10-21,Oregon Hill,Noise & Nuisance,Property Maintenance,Low,Closed,4.49,Phone,Public Works,1.9,2025-10,2025Q4,1
RVA-11099,2024-01-11,Scott's Addition,Public Safety,Hazardous Condition,Low,Resolved,13.4,Mobile App,Code Enforcement,4.2,2024-01,2024Q1,1
RVA-11100,2024-09-10,Bon Air,Parks & Public Spaces,Park Maintenance,High,Closed,1.03,Website,Code Enforcement,2.9,2024-09,2024Q3,1
RVA-11101,2025-07-03,Scott's Addition,Public Safety,Hazardous Condition,Low,Resolved,0.74,Phone,Code Enforcement,3.4,2025-07,2025Q3,1
RVA-11102,2024-05-13,Southside,Road & Sidewalk,Street Light Out,Medium,Closed,7.29,Mobile App,Public Works,1.4,2024-05,2024Q2,1
RVA-11103,2025-12-12,Woodland Heights,Public Safety,Missing Sign,High,Resolved,0.15,Phone,Transportation,1.8,2025-12,2025Q4,1
RVA-11104,2024-01-23,The Fan,Sanitation,Illegal Dumping,High,Open,5.11,Phone,Code Enforcement,4.1,2024-01,2024Q1,0
RVA-11105,2024-12-11,Ginter Park,Parks & Public Spaces,Graffiti Removal,Medium,Closed,0.26,Mobile App,Public Works,1.9,2024-12,2024Q4,1
RVA-11106,2024-10-28,Museum District,Sanitation,Bulk Pickup Request,Medium,Closed,3.26,Website,Police,1.4,2024-10,2024Q4,1
RVA-11107,2024-12-28,East End,Road & Sidewalk,Crosswalk Faded,Medium,Resolved,6.42,Walk-in,Transportation,3.4,2024-12,2024Q4,1
RVA-11108,2025-01-30,Oregon Hill,Road & Sidewalk,Street Light Out,Low,Closed,5.0,Mobile App,Transportation,3.2,2025-01,2025Q1,1
RVA-11109,2024-08-05,West End,Road & Sidewalk,Pothole Repair,Medium,Resolved,1.22,Mobile App,Transportation,3.4,2024-08,2024Q3,1
RVA-11110,2024-05-20,Scott's Addition,Noise & Nuisance,Animal Control,Medium,Closed,7.12,Website,Parks & Rec,3.5,2024-05,2024Q2,1
RVA-11111,2025-09-07,The Fan,Public Safety,Missing Sign,High,Resolved,3.07,Mobile App,Code Enforcement,3.0,2025-09,2025Q3,1
RVA-11112,2024-07-28,Bon Air,Road & Sidewalk,Street Light Out,High,Resolved,5.12,Mobile App,Public Works,3.0,2024-07,2024Q3,1
RVA-11113,2025-09-14,The Fan,Water & Utilities,Storm Drain Blocked,Medium,Resolved,2.36,Website,Police,4.7,2025-09,2025Q3,1
RVA-11114,2025-09-07,Ginter Park,Water & Utilities,Sewer Problem,Medium,Resolved,3.53,Mobile App,Public Utilities,3.1,2025-09,2025Q3,1
RVA-11115,2025-11-13,Shockoe Bottom,Noise & Nuisance,Property Maintenance,Low,Resolved,4.51,Mobile App,Police,3.5,2025-11,2025Q4,1
RVA-11116,2025-04-04,Oregon Hill,Road & Sidewalk,Pothole Repair,High,Resolved,0.59,Email,Parks & Rec,2.1,2025-04,2025Q2,1
RVA-11117,2024-12-21,Ginter Park,Noise & Nuisance,Noise Complaint,Medium,Open,6.95,Mobile App,Police,4.5,2024-12,2024Q4,0
RVA-11118,2024-11-19,Scott's Addition,Noise & Nuisance,Property Maintenance,Low,Resolved,4.15,Email,Code Enforcement,1.1,2024-11,2024Q4,1
RVA-11119,2024-05-12,Ginter Park,Public Safety,Missing Sign,Low,Resolved,5.59,Mobile App,Code Enforcement,3.2,2024-05,2024Q2,1
RVA-11120,2024-05-06,Lakeside,Water & Utilities,Water Main Break,Low,Closed,5.17,Walk-in,Public Utilities,2.5,2024-05,2024Q2,1
RVA-11121,2024-04-15,Oregon Hill,Water & Utilities,Sewer Problem,High,Resolved,2.49,Phone,Transportation,3.4,2024-04,2024Q2,1
RVA-11122,2025-08-26,East End,Public Safety,Hazardous Condition,Low,Closed,24.99,Mobile App,Public Works,2.4,2025-08,2025Q3,1
RVA-11123,2025-01-12,Manchester,Parks & Public Spaces,Park Maintenance,Medium,Closed,5.49,Website,Police,3.9,2025-01,2025Q1,1
RVA-11124,2024-02-20,Oregon Hill,Parks & Public Spaces,Park Maintenance,Medium,Resolved,3.19,Walk-in,Public Utilities,1.1,2024-02,2024Q1,1
RVA-11125,2024-01-29,West End,Noise & Nuisance,Abandoned Vehicle,Medium,Closed,7.55,Mobile App,Code Enforcement,2.6,2024-01,2024Q1,1
RVA-11126,2025-04-06,Manchester,Noise & Nuisance,Abandoned Vehicle,High,Resolved,2.05,Website,Transportation,4.3,2025-04,2025Q2,1
RVA-11127,2024-10-22,Shockoe Bottom,Noise & Nuisance,Noise Complaint,High,In Progress,0.13,Phone,Public Works,2.0,2024-10,2024Q4,0
RVA-11128,2024-10-23,Highland Park,Parks & Public Spaces,Graffiti Removal,Medium,Resolved,0.5,Website,Public Works,1.2,2024-10,2024Q4,1
RVA-11129,2025-12-26,Highland Park,Noise & Nuisance,Noise Complaint,Low,Resolved,0.39,Website,Parks & Rec,3.0,2025-12,2025Q4,1
RVA-11130,2025-02-10,Museum District,Sanitation,Overflowing Bin,Medium,Closed,3.05,Mobile App,Transportation,4.9,2025-02,2025Q1,1
RVA-11131,2025-09-04,Short Pump,Public Safety,Hazardous Condition,Medium,Resolved,8.74,Mobile App,Code Enforcement,1.3,2025-09,2025Q3,1
RVA-11132,2025-02-08,West End,Water & Utilities,Water Main Break,Medium,Resolved,1.88,Phone,Public Works,1.3,2025-02,2025Q1,1
RVA-11133,2024-12-11,Lakeside,Road & Sidewalk,Sidewalk Damage,High,Closed,0.97,Email,Parks & Rec,3.4,2024-12,2024Q4,1
RVA-11134,2025-09-13,Museum District,Public Safety,Missing Sign,Low,Resolved,24.02,Mobile App,Parks & Rec,2.0,2025-09,2025Q3,1
RVA-11135,2025-02-23,Bon Air,Public Safety,Missing Sign,Medium,In Progress,9.07,Website,Code Enforcement,2.6,2025-02,2025Q1,0
RVA-11136,2024-06-30,Church Hill,Public Safety,Hazardous Condition,Low,Resolved,10.94,Mobile App,Public Works,4.3,2024-06,2024Q2,1
RVA-11137,2024-01-01,Northside,Noise & Nuisance,Abandoned Vehicle,High,Closed,0.62,Website,Transportation,1.8,2024-01,2024Q1,1
RVA-11138,2025-07-20,Fulton,Road & Sidewalk,Crosswalk Faded,Medium,Closed,0.62,Website,Public Works,3.9,2025-07,2025Q3,1
RVA-11139,2025-01-05,West End,Noise & Nuisance,Abandoned Vehicle,High,Resolved,0.03,Website,Police,3.0,2025-01,2025Q1,1
RVA-11140,2025-10-22,Woodland Heights,Water & Utilities,Hydrant Issue,Low,Resolved,1.13,Email,Public Works,4.6,2025-10,2025Q4,1
RVA-11141,2025-03-06,Manchester,Water & Utilities,Water Main Break,Medium,In Progress,1.73,Mobile App,Parks & Rec,4.9,2025-03,2025Q1,0
RVA-11142,2024-11-04,Scott's Addition,Public Safety,Unsafe Structure,High,Resolved,1.6,Mobile App,Public Utilities,2.9,2024-11,2024Q4,1
RVA-11143,2024-05-16,Ginter Park,Water & Utilities,Hydrant Issue,Low,Closed,0.66,Email,Code Enforcement,3.3,2024-05,2024Q2,1
RVA-11144,2024-07-20,Oregon Hill,Public Safety,Unsafe Structure,High,Resolved,0.29,Mobile App,Public Utilities,4.0,2024-07,2024Q3,1
RVA-11145,2025-03-11,West End,Noise & Nuisance,Abandoned Vehicle,Medium,Resolved,1.0,Website,Public Works,2.3,2025-03,2025Q1,1
RVA-11146,2024-11-08,Church Hill,Road & Sidewalk,Crosswalk Faded,Medium,Closed,5.0,Website,Transportation,1.9,2024-11,2024Q4,1
RVA-11147,2024-04-26,Highland Park,Water & Utilities,Water Main Break,Medium,Closed,4.78,Website,Transportation,4.9,2024-04,2024Q2,1
RVA-11148,2025-10-27,Northside,Noise & Nuisance,Property Maintenance,Medium,Resolved,4.0,Mobile App,Parks & Rec,2.7,2025-10,2025Q4,1
RVA-11149,2025-07-28,Scott's Addition,Sanitation,Illegal Dumping,Medium,In Progress,1.44,Mobile App,Public Utilities,1.0,2025-07,2025Q3,0
RVA-11150,2024-08-31,Museum District,Parks & Public Spaces,Tree Hazard,Medium,In Progress,2.32,Website,Code Enforcement,4.4,2024-08,2024Q3,0
RVA-11151,2025-06-20,West End,Public Safety,Traffic Signal Issue,High,In Progress,0.2,Mobile App,Police,3.4,2025-06,2025Q2,0
RVA-11152,2025-08-24,The Fan,Road & Sidewalk,Sidewalk Damage,Medium,Resolved,1.28,Website,Public Utilities,1.7,2025-08,2025Q3,1
RVA-11153,2024-03-15,Southside,Noise & Nuisance,Abandoned Vehicle,Low,In Progress,22.8,Phone,Transportation,1.1,2024-03,2024Q1,0
RVA-11154,2025-01-20,Short Pump,Water & Utilities,Hydrant Issue,Low,Closed,38.97,Phone,Police,2.2,2025-01,2025Q1,1
RVA-11155,2024-07-28,Scott's Addition,Sanitation,Overflowing Bin,Low,Closed,10.43,Mobile App,Transportation,4.7,2024-07,2024Q3,1
RVA-11156,2025-04-19,Highland Park,Parks & Public Spaces,Park Maintenance,Medium,Resolved,12.43,Email,Public Works,4.7,2025-04,2025Q2,1
RVA-11157,2025-02-21,Manchester,Road & Sidewalk,Crosswalk Faded,High,Resolved,2.06,Phone,Public Works,2.2,2025-02,2025Q1,1
RVA-11158,2024-12-12,Scott's Addition,Sanitation,Illegal Dumping,High,Closed,0.07,Phone,Code Enforcement,4.3,2024-12,2024Q4,1
RVA-11159,2025-06-12,Museum District,Noise & Nuisance,Noise Complaint,Low,Closed,57.33,Email,Police,2.8,2025-06,2025Q2,1
RVA-11160,2025-10-01,East End,Water & Utilities,Water Main Break,Emergency,Closed,0.05,Website,Police,3.6,2025-10,2025Q4,1
RVA-11161,2024-06-27,Bon Air,Water & Utilities,Storm Drain Blocked,Medium,Open,5.74,Email,Code Enforcement,2.3,2024-06,2024Q2,0
RVA-11162,2024-06-30,Church Hill,Public Safety,Missing Sign,Emergency,In Progress,0.15,Mobile App,Transportation,3.1,2024-06,2024Q2,0
RVA-11163,2025-10-25,Oregon Hill,Parks & Public Spaces,Graffiti Removal,High,Closed,1.0,Walk-in,Public Utilities,2.2,2025-10,2025Q4,1
RVA-11164,2024-01-25,The Fan,Water & Utilities,Sewer Problem,High,Closed,2.08,Mobile App,Code Enforcement,1.2,2024-01,2024Q1,1
RVA-11165,2024-06-28,Highland Park,Parks & Public Spaces,Graffiti Removal,Low,In Progress,5.74,Walk-in,Public Works,1.6,2024-06,2024Q2,0
RVA-11166,2025-12-10,Museum District,Water & Utilities,Water Main Break,Low,Resolved,2.88,Walk-in,Police,2.2,2025-12,2025Q4,1
RVA-11167,2025-05-15,West End,Public Safety,Hazardous Condition,Low,Closed,4.07,Mobile App,Parks & Rec,4.9,2025-05,2025Q2,1
RVA-11168,2024-06-09,Manchester,Parks & Public Spaces,Park Maintenance,High,Resolved,0.84,Phone,Transportation,4.9,2024-06,2024Q2,1
RVA-11169,2024-06-25,Ginter Park,Road & Sidewalk,Street Light Out,Medium,Closed,16.01,Website,Parks & Rec,4.3,2024-06,2024Q2,1
RVA-11170,2024-10-11,Short Pump,Parks & Public Spaces,Tree Hazard,High,Open,3.21,Mobile App,Public Works,1.9,2024-10,2024Q4,0
RVA-11171,2024-03-03,Bon Air,Public Safety,Hazardous Condition,Medium,Closed,3.07,Website,Police,2.8,2024-03,2024Q1,1
RVA-11172,2025-10-23,The Fan,Noise & Nuisance,Abandoned Vehicle,High,Resolved,0.45,Mobile App,Police,2.8,2025-10,2025Q4,1
RVA-11173,2025-10-27,Short Pump,Parks & Public Spaces,Graffiti Removal,Low,Resolved,16.66,Email,Code Enforcement,2.5,2025-10,2025Q4,1
RVA-11174,2024-06-04,Highland Park,Water & Utilities,Sewer Problem,Low,Closed,1.71,Mobile App,Public Utilities,1.2,2024-06,2024Q2,1
RVA-11175,2025-04-13,Northside,Public Safety,Hazardous Condition,Medium,Closed,1.18,Phone,Code Enforcement,3.1,2025-04,2025Q2,1
RVA-11176,2024-02-18,The Fan,Water & Utilities,Water Main Break,Medium,Closed,2.28,Mobile App,Parks & Rec,1.3,2024-02,2024Q1,1
RVA-11177,2024-03-24,Bon Air,Road & Sidewalk,Street Light Out,Medium,Resolved,10.62,Mobile App,Police,4.2,2024-03,2024Q1,1
RVA-11178,2024-12-26,Manchester,Public Safety,Traffic Signal Issue,High,Closed,0.28,Phone,Public Utilities,3.8,2024-12,2024Q4,1
RVA-11179,2025-11-19,Scott's Addition,Public Safety,Unsafe Structure,Low,Resolved,1.3,Phone,Code Enforcement,2.4,2025-11,2025Q4,1
RVA-11180,2024-05-27,Museum District,Sanitation,Illegal Dumping,Medium,Resolved,3.41,Mobile App,Public Utilities,3.6,2024-05,2024Q2,1
RVA-11181,2025-09-21,Short Pump,Sanitation,Illegal Dumping,High,Closed,0.65,Walk-in,Transportation,1.9,2025-09,2025Q3,1
RVA-11182,2024-12-07,Highland Park,Public Safety,Hazardous Condition,Low,Open,8.41,Mobile App,Transportation,2.1,2024-12,2024Q4,0
RVA-11183,2025-04-20,Oregon Hill,Water & Utilities,Hydrant Issue,Emergency,Resolved,0.3,Website,Parks & Rec,2.3,2025-04,2025Q2,1
RVA-11184,2024-03-03,Museum District,Road & Sidewalk,Crosswalk Faded,Emergency,Resolved,0.29,Phone,Public Utilities,4.2,2024-03,2024Q1,1
RVA-11185,2025-12-01,Short Pump,Noise & Nuisance,Property Maintenance,Low,In Progress,1.19,Phone,Transportation,1.8,2025-12,2025Q4,0
RVA-11186,2024-12-25,Oregon Hill,Noise & Nuisance,Animal Control,Medium,Closed,0.76,Mobile App,Police,3.3,2024-12,2024Q4,1
RVA-11187,2025-07-14,Bon Air,Parks & Public Spaces,Park Maintenance,Medium,Resolved,8.6,Website,Transportation,1.8,2025-07,2025Q3,1
RVA-11188,2024-11-22,Ginter Park,Water & Utilities,Hydrant Issue,High,Resolved,4.34,Phone,Public Utilities,2.1,2024-11,2024Q4,1
RVA-11189,2024-05-20,Museum District,Water & Utilities,Hydrant Issue,Medium,Closed,1.34,Mobile App,Public Utilities,1.9,2024-05,2024Q2,1
RVA-11190,2024-08-02,The Fan,Sanitation,Missed Trash Pickup,Medium,Resolved,0.6,Mobile App,Code Enforcement,3.6,2024-08,2024Q3,1
RVA-11191,2025-03-10,Bon Air,Noise & Nuisance,Property Maintenance,High,Resolved,0.11,Mobile App,Public Utilities,3.1,2025-03,2025Q1,1
RVA-11192,2025-12-23,Carytown,Public Safety,Unsafe Structure,Low,Open,9.37,Mobile App,Public Utilities,3.9,2025-12,2025Q4,0
RVA-11193,2024-11-13,Scott's Addition,Road & Sidewalk,Street Light Out,High,Resolved,2.51,Mobile App,Parks & Rec,1.9,2024-11,2024Q4,1
RVA-11194,2024-02-01,Shockoe Bottom,Road & Sidewalk,Crosswalk Faded,High,In Progress,0.93,Mobile App,Public Utilities,1.0,2024-02,2024Q1,0
RVA-11195,2025-10-31,Shockoe Bottom,Parks & Public Spaces,Graffiti Removal,Medium,Closed,5.69,Website,Code Enforcement,3.7,2025-10,2025Q4,1
RVA-11196,2024-10-11,Highland Park,Water & Utilities,Hydrant Issue,High,Resolved,2.5,Mobile App,Code Enforcement,1.5,2024-10,2024Q4,1
RVA-11197,2024-10-31,Northside,Parks & Public Spaces,Park Maintenance,High,Resolved,5.48,Mobile App,Police,2.0,2024-10,2024Q4,1
RVA-11198,2025-03-04,Bon Air,Water & Utilities,Storm Drain Blocked,Low,Resolved,0.67,Mobile App,Transportation,2.2,2025-03,2025Q1,1
RVA-11199,2025-04-21,Scott's Addition,Parks & Public Spaces,Tree Hazard,Medium,Resolved,1.07,Phone,Parks & Rec,4.0,2025-04,2025Q2,1
RVA-11200,2024-10-12,Museum District,Noise & Nuisance,Abandoned Vehicle,Medium,Closed,0.35,Mobile App,Public Works,3.5,2024-10,2024Q4,1
RVA-11201,2024-05-23,Bon Air,Parks & Public Spaces,Tree Hazard,Low,Open,20.25,Website,Police,1.7,2024-05,2024Q2,0
RVA-11202,2025-02-27,Ginter Park,Sanitation,Overflowing Bin,Emergency,Closed,0.79,Website,Public Utilities,3.4,2025-02,2025Q1,1
RVA-11203,2024-01-19,West End,Parks & Public Spaces,Graffiti Removal,Low,Resolved,8.55,Phone,Transportation,3.8,2024-01,2024Q1,1
RVA-11204,2024-01-18,Shockoe Bottom,Noise & Nuisance,Animal Control,High,Resolved,0.17,Mobile App,Parks & Rec,2.6,2024-01,2024Q1,1
RVA-11205,2025-08-12,Highland Park,Water & Utilities,Storm Drain Blocked,Medium,Resolved,1.6,Phone,Police,2.0,2025-08,2025Q3,1
RVA-11206,2025-01-05,Oregon Hill,Parks & Public Spaces,Graffiti Removal,Low,Closed,3.53,Mobile App,Code Enforcement,3.7,2025-01,2025Q1,1
RVA-11207,2024-06-23,Short Pump,Noise & Nuisance,Noise Complaint,Emergency,Resolved,0.41,Email,Parks & Rec,3.4,2024-06,2024Q2,1
RVA-11208,2024-07-12,Northside,Noise & Nuisance,Animal Control,High,Resolved,0.6,Website,Parks & Rec,1.3,2024-07,2024Q3,1
RVA-11209,2025-05-16,Northside,Parks & Public Spaces,Graffiti Removal,Medium,Closed,0.38,Phone,Public Utilities,3.7,2025-05,2025Q2,1
RVA-11210,2024-04-22,West End,Water & Utilities,Sewer Problem,Low,Closed,13.12,Email,Parks & Rec,3.0,2024-04,2024Q2,1
RVA-11211,2024-04-23,East End,Water & Utilities,Storm Drain Blocked,Low,Resolved,3.55,Phone,Transportation,4.0,2024-04,2024Q2,1
RVA-11212,2024-08-09,The Fan,Road & Sidewalk,Street Light Out,Medium,Closed,3.01,Mobile App,Transportation,1.8,2024-08,2024Q3,1
RVA-11213,2025-11-08,Museum District,Road & Sidewalk,Sidewalk Damage,Medium,Closed,0.68,Mobile App,Parks & Rec,2.0,2025-11,2025Q4,1
RVA-11214,2025-10-05,East End,Sanitation,Overflowing Bin,Medium,Resolved,8.11,Phone,Public Works,3.2,2025-10,2025Q4,1
RVA-11215,2024-09-20,Scott's Addition,Parks & Public Spaces,Playground Repair,Emergency,Resolved,0.42,Walk-in,Public Utilities,2.9,2024-09,2024Q3,1
RVA-11216,2024-02-24,Manchester,Water & Utilities,Hydrant Issue,Medium,Resolved,11.59,Walk-in,Parks & Rec,2.5,2024-02,2024Q1,1
RVA-11217,2025-10-04,Carytown,Sanitation,Overflowing Bin,High,Resolved,1.37,Website,Parks & Rec,4.0,2025-10,2025Q4,1
RVA-11218,2025-04-02,Museum District,Parks & Public Spaces,Tree Hazard,High,Closed,5.67,Phone,Public Works,3.3,2025-04,2025Q2,1
RVA-11219,2024-06-10,Bon Air,Road & Sidewalk,Sidewalk Damage,Medium,Resolved,11.12,Website,Public Works,3.8,2024-06,2024Q2,1
RVA-11220,2025-01-14,Scott's Addition,Sanitation,Bulk Pickup Request,High,Open,1.72,Website,Code Enforcement,1.6,2025-01,2025Q1,0
RVA-11221,2024-03-27,Short Pump,Parks & Public Spaces,Park Maintenance,Medium,Closed,13.58,Phone,Public Utilities,3.9,2024-03,2024Q1,1
RVA-11222,2024-02-24,West End,Road & Sidewalk,Pothole Repair,High,Resolved,0.78,Phone,Public Works,2.8,2024-02,2024Q1,1
RVA-11223,2025-04-20,The Fan,Public Safety,Unsafe Structure,Medium,Closed,2.28,Website,Parks & Rec,1.1,2025-04,2025Q2,1
RVA-11224,2024-06-26,Bon Air,Road & Sidewalk,Sidewalk Damage,Low,Closed,0.47,Walk-in,Public Works,1.9,2024-06,2024Q2,1
RVA-11225,2025-01-25,Oregon Hill,Road & Sidewalk,Pothole Repair,High,Closed,1.78,Website,Police,1.1,2025-01,2025Q1,1
RVA-11226,2024-12-14,Ginter Park,Water & Utilities,Storm Drain Blocked,Medium,Closed,6.4,Mobile App,Code Enforcement,2.8,2024-12,2024Q4,1
RVA-11227,2024-01-08,The Fan,Parks & Public Spaces,Park Maintenance,High,Resolved,2.97,Mobile App,Code Enforcement,2.3,2024-01,2024Q1,1
RVA-11228,2024-11-08,Church Hill,Public Safety,Unsafe Structure,Emergency,Resolved,0.08,Walk-in,Transportation,4.9,2024-11,2024Q4,1
RVA-11229,2025-03-18,Manchester,Noise & Nuisance,Property Maintenance,Low,Resolved,5.87,Walk-in,Public Utilities,4.5,2025-03,2025Q1,1
RVA-11230,2024-11-23,Manchester,Water & Utilities,Sewer Problem,Medium,Resolved,0.97,Phone,Code Enforcement,4.3,2024-11,2024Q4,1
RVA-11231,2024-02-23,Ginter Park,Parks & Public Spaces,Graffiti Removal,Medium,Resolved,5.43,Phone,Public Utilities,3.0,2024-02,2024Q1,1
RVA-11232,2024-08-26,The Fan,Water & Utilities,Sewer Problem,Medium,Open,0.86,Email,Police,4.2,2024-08,2024Q3,0
RVA-11233,2024-08-16,Southside,Road & Sidewalk,Pothole Repair,High,Closed,4.69,Email,Transportation,2.1,2024-08,2024Q3,1
RVA-11234,2025-08-01,Carytown,Noise & Nuisance,Property Maintenance,Medium,Closed,1.31,Website,Parks & Rec,3.2,2025-08,2025Q3,1
RVA-11235,2024-02-20,Ginter Park,Road & Sidewalk,Pothole Repair,Medium,Resolved,1.72,Mobile App,Police,2.6,2024-02,2024Q1,1
RVA-11236,2025-08-31,Highland Park,Sanitation,Missed Trash Pickup,High,Resolved,3.81,Website,Public Utilities,1.7,2025-08,2025Q3,1
RVA-11237,2025-08-26,Lakeside,Water & Utilities,Hydrant Issue,Low,Resolved,6.13,Mobile App,Public Utilities,1.3,2025-08,2025Q3,1
RVA-11238,2024-09-20,Scott's Addition,Water & Utilities,Water Main Break,High,Closed,0.05,Walk-in,Public Utilities,3.2,2024-09,2024Q3,1
RVA-11239,2025-02-21,Southside,Water & Utilities,Hydrant Issue,Medium,Closed,3.41,Mobile App,Parks & Rec,1.4,2025-02,2025Q1,1
RVA-11240,2024-04-05,Shockoe Bottom,Public Safety,Unsafe Structure,Emergency,Resolved,0.04,Website,Transportation,3.9,2024-04,2024Q2,1
RVA-11241,2024-03-28,Shockoe Bottom,Noise & Nuisance,Abandoned Vehicle,Medium,Resolved,21.11,Website,Transportation,4.7,2024-03,2024Q1,1
RVA-11242,2024-03-18,Southside,Parks & Public Spaces,Park Maintenance,Low,Resolved,8.87,Website,Public Utilities,1.6,2024-03,2024Q1,1
RVA-11243,2024-10-14,Bon Air,Parks & Public Spaces,Park Maintenance,Medium,Closed,1.48,Phone,Police,2.9,2024-10,2024Q4,1
RVA-11244,2024-04-29,Fulton,Sanitation,Overflowing Bin,Low,In Progress,8.29,Mobile App,Transportation,4.0,2024-04,2024Q2,0
RVA-11245,2025-05-05,Northside,Public Safety,Hazardous Condition,Emergency,In Progress,0.04,Website,Parks & Rec,2.1,2025-05,2025Q2,0
RVA-11246,2025-03-27,Short Pump,Parks & Public Spaces,Graffiti Removal,Low,Closed,16.09,Phone,Police,4.7,2025-03,2025Q1,1
RVA-11247,2025-05-14,Bon Air,Water & Utilities,Hydrant Issue,High,Closed,5.19,Mobile App,Parks & Rec,4.6,2025-05,2025Q2,1
RVA-11248,2024-06-13,Northside,Noise & Nuisance,Noise Complaint,Medium,Closed,10.38,Email,Public Utilities,1.4,2024-06,2024Q2,1
RVA-11249,2024-06-30,Museum District,Noise & Nuisance,Property Maintenance,Medium,Resolved,2.09,Phone,Transportation,1.1,2024-06,2024Q2,1
RVA-11250,2025-04-13,Bon Air,Sanitation,Missed Trash Pickup,Low,Closed,3.94,Website,Parks & Rec,4.9,2025-04,2025Q2,1
RVA-11251,2024-01-07,Scott's Addition,Road & Sidewalk,Crosswalk Faded,Medium,Resolved,0.18,Phone,Public Works,4.8,2024-01,2024Q1,1
RVA-11252,2024-11-25,Carytown,Sanitation,Missed Trash Pickup,Medium,Open,5.27,Website,Police,2.7,2024-11,2024Q4,0
RVA-11253,2025-11-03,Southside,Public Safety,Hazardous Condition,Medium,Resolved,3.83,Website,Public Works,1.2,2025-11,2025Q4,1
RVA-11254,2024-05-30,Carytown,Noise & Nuisance,Abandoned Vehicle,Emergency,Open,0.31,Website,Public Works,3.5,2024-05,2024Q2,0
RVA-11255,2024-03-25,Oregon Hill,Public Safety,Missing Sign,Medium,Resolved,11.91,Email,Public Utilities,2.2,2024-03,2024Q1,1
RVA-11256,2024-05-26,Museum District,Road & Sidewalk,Sidewalk Damage,Medium,Closed,0.92,Phone,Public Utilities,4.7,2024-05,2024Q2,1
RVA-11257,2025-09-15,Northside,Water & Utilities,Sewer Problem,Medium,Resolved,0.05,Website,Public Works,4.2,2025-09,2025Q3,1
RVA-11258,2025-01-15,Bon Air,Water & Utilities,Hydrant Issue,Low,Closed,0.76,Website,Parks & Rec,3.6,2025-01,2025Q1,1
RVA-11259,2025-07-01,Scott's Addition,Parks & Public Spaces,Playground Repair,Emergency,Resolved,0.13,Phone,Public Utilities,2.1,2025-07,2025Q3,1
RVA-11260,2024-10-11,Oregon Hill,Sanitation,Bulk Pickup Request,Medium,Resolved,0.17,Phone,Police,3.8,2024-10,2024Q4,1
RVA-11261,2025-11-30,Carytown,Noise & Nuisance,Noise Complaint,Low,Resolved,6.99,Email,Public Works,2.2,2025-11,2025Q4,1
RVA-11262,2024-03-22,Northside,Noise & Nuisance,Property Maintenance,Medium,Closed,1.89,Mobile App,Police,1.2,2024-03,2024Q1,1
RVA-11263,2025-05-28,West End,Road & Sidewalk,Street Light Out,Medium,Resolved,1.0,Mobile App,Transportation,3.0,2025-05,2025Q2,1
RVA-11264,2025-12-09,Museum District,Parks & Public Spaces,Park Maintenance,Medium,Closed,6.93,Phone,Police,3.0,2025-12,2025Q4,1
RVA-11265,2025-06-06,Scott's Addition,Water & Utilities,Hydrant Issue,High,Open,0.46,Mobile App,Police,4.1,2025-06,2025Q2,0
RVA-11266,2025-01-20,Southside,Public Safety,Missing Sign,Low,Closed,11.63,Walk-in,Public Works,4.5,2025-01,2025Q1,1
RVA-11267,2025-12-07,Short Pump,Noise & Nuisance,Animal Control,Medium,In Progress,2.15,Mobile App,Code Enforcement,2.4,2025-12,2025Q4,0
RVA-11268,2025-04-15,Shockoe Bottom,Sanitation,Overflowing Bin,High,Closed,1.43,Mobile App,Transportation,2.8,2025-04,2025Q2,1
RVA-11269,2024-04-28,Jackson Ward,Noise & Nuisance,Noise Complaint,Low,Resolved,27.16,Walk-in,Public Utilities,2.9,2024-04,2024Q2,1
RVA-11270,2025-01-30,Museum District,Parks & Public Spaces,Park Maintenance,High,Closed,0.08,Mobile App,Police,2.3,2025-01,2025Q1,1
RVA-11271,2025-06-15,Bon Air,Noise & Nuisance,Abandoned Vehicle,Low,Closed,6.94,Website,Public Works,4.0,2025-06,2025Q2,1
RVA-11272,2024-09-17,Ginter Park,Noise & Nuisance,Property Maintenance,High,In Progress,3.85,Walk-in,Code Enforcement,3.1,2024-09,2024Q3,0
RVA-11273,2024-09-12,West End,Water & Utilities,Hydrant Issue,Medium,Closed,4.43,Website,Public Works,4.7,2024-09,2024Q3,1
RVA-11274,2024-08-13,Fulton,Noise & Nuisance,Abandoned Vehicle,Medium,Resolved,1.62,Website,Public Utilities,3.6,2024-08,2024Q3,1
RVA-11275,2024-02-22,West End,Sanitation,Bulk Pickup Request,Low,Resolved,5.07,Mobile App,Public Works,1.8,2024-02,2024Q1,1
RVA-11276,2025-05-14,Bon Air,Sanitation,Illegal Dumping,Low,Closed,11.4,Mobile App,Parks & Rec,1.7,2025-05,2025Q2,1
RVA-11277,2025-05-20,The Fan,Sanitation,Overflowing Bin,Low,In Progress,22.15,Mobile App,Transportation,2.5,2025-05,2025Q2,0
RVA-11278,2024-12-29,Museum District,Public Safety,Unsafe Structure,Low,Resolved,0.42,Mobile App,Parks & Rec,2.4,2024-12,2024Q4,1
RVA-11279,2024-10-06,West End,Parks & Public Spaces,Tree Hazard,Medium,Resolved,0.37,Phone,Police,2.6,2024-10,2024Q4,1
RVA-11280,2025-08-15,Northside,Water & Utilities,Sewer Problem,Medium,Closed,1.97,Phone,Public Works,1.7,2025-08,2025Q3,1
RVA-11281,2025-12-14,Shockoe Bottom,Public Safety,Missing Sign,Medium,In Progress,1.32,Phone,Public Works,4.9,2025-12,2025Q4,0
RVA-11282,2024-06-06,Manchester,Water & Utilities,Hydrant Issue,High,Resolved,0.62,Mobile App,Police,1.6,2024-06,2024Q2,1
RVA-11283,2025-09-23,Manchester,Noise & Nuisance,Property Maintenance,High,Closed,0.5,Phone,Police,3.6,2025-09,2025Q3,1
RVA-11284,2024-02-28,Scott's Addition,Water & Utilities,Water Main Break,Medium,Closed,1.09,Mobile App,Transportation,1.1,2024-02,2024Q1,1
RVA-11285,2025-12-27,Manchester,Water & Utilities,Hydrant Issue,Medium,Closed,0.7,Mobile App,Code Enforcement,2.6,2025-12,2025Q4,1
RVA-11286,2024-05-07,Short Pump,Road & Sidewalk,Street Light Out,Medium,Closed,13.59,Website,Public Works,2.2,2024-05,2024Q2,1
RVA-11287,2025-12-21,Ginter Park,Public Safety,Traffic Signal Issue,Medium,Closed,0.78,Website,Public Utilities,2.5,2025-12,2025Q4,1
RVA-11288,2024-04-24,West End,Parks & Public Spaces,Graffiti Removal,High,Resolved,0.46,Walk-in,Public Utilities,3.0,2024-04,2024Q2,1
RVA-11289,2024-07-27,Ginter Park,Water & Utilities,Water Main Break,Low,In Progress,2.83,Walk-in,Public Utilities,3.4,2024-07,2024Q3,0
RVA-11290,2025-06-09,Fulton,Sanitation,Bulk Pickup Request,Low,Closed,27.03,Website,Police,3.3,2025-06,2025Q2,1
RVA-11291,2025-06-04,Museum District,Public Safety,Hazardous Condition,High,Closed,2.82,Website,Police,3.5,2025-06,2025Q2,1
RVA-11292,2025-07-05,Manchester,Noise & Nuisance,Abandoned Vehicle,Low,Closed,15.59,Mobile App,Police,4.4,2025-07,2025Q3,1
RVA-11293,2024-08-24,The Fan,Public Safety,Unsafe Structure,High,Open,0.22,Mobile App,Public Utilities,4.5,2024-08,2024Q3,0
RVA-11294,2024-10-07,Bon Air,Road & Sidewalk,Crosswalk Faded,High,Resolved,3.62,Walk-in,Code Enforcement,3.9,2024-10,2024Q4,1
RVA-11295,2024-12-24,The Fan,Noise & Nuisance,Property Maintenance,Low,Resolved,5.25,Mobile App,Transportation,1.3,2024-12,2024Q4,1
RVA-11296,2024-07-19,West End,Noise & Nuisance,Abandoned Vehicle,Low,Closed,3.05,Phone,Parks & Rec,4.8,2024-07,2024Q3,1
RVA-11297,2024-10-04,Oregon Hill,Parks & Public Spaces,Playground Repair,Medium,Closed,4.29,Mobile App,Public Works,4.8,2024-10,2024Q4,1
RVA-11298,2024-08-22,Bon Air,Water & Utilities,Sewer Problem,Medium,Resolved,8.63,Mobile App,Parks & Rec,3.8,2024-08,2024Q3,1
RVA-11299,2025-05-08,Museum District,Public Safety,Missing Sign,Medium,Resolved,7.54,Website,Public Works,3.1,2025-05,2025Q2,1
RVA-11300,2024-01-04,Highland Park,Public Safety,Missing Sign,High,Closed,4.41,Mobile App,Police,2.0,2024-01,2024Q1,1
RVA-11301,2025-10-27,Scott's Addition,Road & Sidewalk,Sidewalk Damage,Medium,Closed,13.16,Phone,Public Utilities,4.0,2025-10,2025Q4,1
RVA-11302,2025-03-17,Manchester,Parks & Public Spaces,Playground Repair,Medium,Resolved,1.36,Mobile App,Parks & Rec,4.5,2025-03,2025Q1,1
RVA-11303,2024-01-29,Northside,Parks & Public Spaces,Playground Repair,Low,Resolved,5.51,Website,Police,3.7,2024-01,2024Q1,1
RVA-11304,2024-04-18,Bon Air,Noise & Nuisance,Animal Control,High,Closed,0.03,Website,Public Works,3.5,2024-04,2024Q2,1
RVA-11305,2025-09-01,Short Pump,Noise & Nuisance,Animal Control,Low,Closed,21.15,Phone,Transportation,1.8,2025-09,2025Q3,1
RVA-11306,2025-12-27,Bon Air,Noise & Nuisance,Abandoned Vehicle,High,Resolved,0.34,Website,Transportation,2.4,2025-12,2025Q4,1
RVA-11307,2024-03-15,Highland Park,Road & Sidewalk,Pothole Repair,Medium,Open,9.88,Mobile App,Parks & Rec,3.9,2024-03,2024Q1,0
RVA-11308,2024-05-25,Highland Park,Parks & Public Spaces,Tree Hazard,Medium,Open,2.0,Website,Parks & Rec,1.1,2024-05,2024Q2,0
RVA-11309,2024-05-07,Museum District,Noise & Nuisance,Abandoned Vehicle,High,Resolved,0.92,Website,Parks & Rec,3.6,2024-05,2024Q2,1
RVA-11310,2024-02-11,Oregon Hill,Sanitation,Overflowing Bin,High,Resolved,0.08,Email,Parks & Rec,4.1,2024-02,2024Q1,1
RVA-11311,2024-12-21,Shockoe Bottom,Road & Sidewalk,Street Light Out,Medium,Resolved,1.98,Mobile App,Parks & Rec,2.3,2024-12,2024Q4,1
RVA-11312,2024-02-10,Bon Air,Road & Sidewalk,Crosswalk Faded,Low,Resolved,21.93,Mobile App,Police,1.3,2024-02,2024Q1,1
RVA-11313,2024-02-03,Bon Air,Parks & Public Spaces,Tree Hazard,High,Closed,0.05,Mobile App,Public Works,4.3,2024-02,2024Q1,1
RVA-11314,2024-01-17,Highland Park,Sanitation,Bulk Pickup Request,Medium,Open,2.61,Mobile App,Public Works,1.6,2024-01,2024Q1,0
RVA-11315,2025-11-07,Scott's Addition,Public Safety,Traffic Signal Issue,Low,In Progress,0.32,Mobile App,Code Enforcement,2.5,2025-11,2025Q4,0
RVA-11316,2024-06-01,Scott's Addition,Noise & Nuisance,Property Maintenance,Emergency,Resolved,0.23,Mobile App,Public Utilities,3.8,2024-06,2024Q2,1
RVA-11317,2025-01-12,Bon Air,Parks & Public Spaces,Playground Repair,Low,In Progress,1.9,Phone,Transportation,4.3,2025-01,2025Q1,0
RVA-11318,2025-08-10,The Fan,Parks & Public Spaces,Graffiti Removal,Low,Open,2.91,Email,Parks & Rec,4.4,2025-08,2025Q3,0
RVA-11319,2025-08-21,Ginter Park,Public Safety,Unsafe Structure,Low,Resolved,21.0,Mobile App,Transportation,3.1,2025-08,2025Q3,1
RVA-11320,2025-09-20,Oregon Hill,Road & Sidewalk,Street Light Out,Medium,Closed,2.86,Email,Public Works,2.9,2025-09,2025Q3,1
RVA-11321,2024-12-07,Museum District,Sanitation,Overflowing Bin,High,Closed,0.64,Walk-in,Public Utilities,4.4,2024-12,2024Q4,1
RVA-11322,2024-01-27,Ginter Park,Water & Utilities,Water Main Break,Medium,Closed,4.45,Walk-in,Public Utilities,3.3,2024-01,2024Q1,1
RVA-11323,2024-10-13,Carytown,Public Safety,Hazardous Condition,Medium,Closed,0.77,Email,Police,3.3,2024-10,2024Q4,1
RVA-11324,2025-10-07,Oregon Hill,Noise & Nuisance,Animal Control,Medium,Closed,1.5,Website,Parks & Rec,2.7,2025-10,2025Q4,1
RVA-11325,2024-06-16,Bon Air,Sanitation,Bulk Pickup Request,High,Resolved,1.58,Website,Code Enforcement,2.5,2024-06,2024Q2,1
RVA-11326,2025-09-01,West End,Parks & Public Spaces,Tree Hazard,Low,Closed,2.71,Phone,Public Utilities,2.9,2025-09,2025Q3,1
RVA-11327,2024-09-24,Highland Park,Noise & Nuisance,Property Maintenance,Emergency,In Progress,0.57,Phone,Police,2.5,2024-09,2024Q3,0
RVA-11328,2025-03-30,Highland Park,Sanitation,Illegal Dumping,Low,Resolved,6.76,Email,Parks & Rec,2.4,2025-03,2025Q1,1
RVA-11329,2025-11-15,The Fan,Water & Utilities,Hydrant Issue,Emergency,Resolved,0.74,Phone,Public Works,5.0,2025-11,2025Q4,1
RVA-11330,2025-02-04,Scott's Addition,Road & Sidewalk,Street Light Out,Low,Closed,29.61,Mobile App,Code Enforcement,2.3,2025-02,2025Q1,1
RVA-11331,2025-04-20,Museum District,Road & Sidewalk,Sidewalk Damage,High,Closed,0.25,Website,Parks & Rec,2.0,2025-04,2025Q2,1
RVA-11332,2025-12-02,Oregon Hill,Sanitation,Overflowing Bin,Low,Closed,4.07,Phone,Police,2.4,2025-12,2025Q4,1
RVA-11333,2025-09-25,Museum District,Sanitation,Illegal Dumping,Low,Resolved,3.85,Walk-in,Transportation,3.4,2025-09,2025Q3,1
RVA-11334,2025-07-11,Highland Park,Sanitation,Illegal Dumping,High,Resolved,0.33,Mobile App,Police,4.6,2025-07,2025Q3,1
RVA-11335,2025-07-29,The Fan,Road & Sidewalk,Street Light Out,High,Closed,3.32,Website,Police,4.2,2025-07,2025Q3,1
RVA-11336,2024-05-09,East End,Noise & Nuisance,Abandoned Vehicle,Medium,Closed,7.13,Mobile App,Police,4.4,2024-05,2024Q2,1
RVA-11337,2024-12-28,The Fan,Water & Utilities,Sewer Problem,High,Closed,1.32,Email,Police,4.4,2024-12,2024Q4,1
RVA-11338,2025-12-05,The Fan,Noise & Nuisance,Property Maintenance,Medium,Resolved,3.86,Mobile App,Code Enforcement,4.7,2025-12,2025Q4,1
RVA-11339,2025-11-23,Museum District,Water & Utilities,Sewer Problem,High,Resolved,0.12,Walk-in,Public Utilities,1.9,2025-11,2025Q4,1
RVA-11340,2024-10-18,Ginter Park,Public Safety,Traffic Signal Issue,Medium,Closed,4.05,Mobile App,Public Utilities,2.8,2024-10,2024Q4,1
RVA-11341,2025-01-05,Church Hill,Parks & Public Spaces,Tree Hazard,Medium,In Progress,7.84,Mobile App,Public Works,2.5,2025-01,2025Q1,0
RVA-11342,2024-01-29,Northside,Parks & Public Spaces,Park Maintenance,Medium,Closed,4.26,Mobile App,Public Utilities,2.5,2024-01,2024Q1,1
RVA-11343,2024-05-28,East End,Water & Utilities,Sewer Problem,Medium,Resolved,1.54,Mobile App,Police,3.6,2024-05,2024Q2,1
RVA-11344,2024-10-22,Scott's Addition,Public Safety,Traffic Signal Issue,High,Closed,2.2,Website,Public Utilities,2.6,2024-10,2024Q4,1
RVA-11345,2024-01-11,Short Pump,Noise & Nuisance,Noise Complaint,Low,Resolved,4.49,Mobile App,Transportation,3.5,2024-01,2024Q1,1
RVA-11346,2025-05-26,Bon Air,Water & Utilities,Hydrant Issue,Low,Closed,7.87,Phone,Transportation,2.5,2025-05,2025Q2,1
RVA-11347,2025-11-06,Short Pump,Parks & Public Spaces,Playground Repair,Medium,Resolved,3.34,Mobile App,Public Utilities,2.2,2025-11,2025Q4,1
RVA-11348,2024-04-22,Shockoe Bottom,Sanitation,Illegal Dumping,High,Resolved,0.96,Walk-in,Police,2.4,2024-04,2024Q2,1
RVA-11349,2024-07-05,Southside,Water & Utilities,Water Main Break,Low,Resolved,12.69,Mobile App,Code Enforcement,4.2,2024-07,2024Q3,1
RVA-11350,2024-08-14,Northside,Water & Utilities,Sewer Problem,Medium,Closed,10.77,Phone,Police,3.4,2024-08,2024Q3,1
RVA-11351,2024-11-05,The Fan,Parks & Public Spaces,Park Maintenance,Emergency,Closed,0.0,Website,Public Utilities,4.9,2024-11,2024Q4,1
RVA-11352,2024-04-07,Carytown,Parks & Public Spaces,Playground Repair,Low,Resolved,27.12,Email,Public Utilities,4.3,2024-04,2024Q2,1
RVA-11353,2024-02-24,Shockoe Bottom,Sanitation,Overflowing Bin,High,Closed,1.43,Walk-in,Public Works,2.9,2024-02,2024Q1,1
RVA-11354,2025-09-14,Church Hill,Parks & Public Spaces,Park Maintenance,High,Resolved,2.41,Walk-in,Police,2.0,2025-09,2025Q3,1
RVA-11355,2025-10-25,Scott's Addition,Road & Sidewalk,Crosswalk Faded,Medium,Resolved,9.68,Mobile App,Public Works,3.7,2025-10,2025Q4,1
RVA-11356,2025-02-09,Museum District,Parks & Public Spaces,Tree Hazard,Emergency,In Progress,0.31,Walk-in,Public Works,3.9,2025-02,2025Q1,0
RVA-11357,2024-03-09,Oregon Hill,Water & Utilities,Water Main Break,High,Closed,3.6,Website,Parks & Rec,2.9,2024-03,2024Q1,1
RVA-11358,2024-11-07,Fulton,Public Safety,Hazardous Condition,Medium,Resolved,0.98,Email,Transportation,1.9,2024-11,2024Q4,1
RVA-11359,2024-10-15,Northside,Road & Sidewalk,Crosswalk Faded,Medium,Resolved,0.87,Mobile App,Public Works,3.2,2024-10,2024Q4,1
RVA-11360,2025-07-01,Ginter Park,Noise & Nuisance,Property Maintenance,High,Closed,2.14,Email,Transportation,2.0,2025-07,2025Q3,1
RVA-11361,2024-05-27,Short Pump,Public Safety,Missing Sign,Medium,Closed,10.21,Phone,Public Utilities,4.8,2024-05,2024Q2,1
RVA-11362,2025-04-11,Carytown,Sanitation,Illegal Dumping,High,In Progress,4.46,Website,Public Utilities,3.5,2025-04,2025Q2,0
RVA-11363,2024-08-31,Museum District,Parks & Public Spaces,Playground Repair,Medium,Closed,5.16,Phone,Parks & Rec,2.2,2024-08,2024Q3,1
RVA-11364,2025-05-05,Ginter Park,Public Safety,Missing Sign,Medium,Closed,3.73,Phone,Parks & Rec,1.9,2025-05,2025Q2,1
RVA-11365,2025-05-21,Shockoe Bottom,Parks & Public Spaces,Playground Repair,Low,Open,4.03,Phone,Police,3.9,2025-05,2025Q2,0
RVA-11366,2024-12-30,Carytown,Public Safety,Hazardous Condition,Low,Closed,39.12,Phone,Parks & Rec,3.8,2024-12,2024Q4,1
RVA-11367,2025-04-26,Manchester,Road & Sidewalk,Sidewalk Damage,Low,Resolved,3.85,Website,Code Enforcement,3.4,2025-04,2025Q2,1
RVA-11368,2024-07-19,Oregon Hill,Sanitation,Bulk Pickup Request,High,Closed,2.73,Website,Public Utilities,3.5,2024-07,2024Q3,1
RVA-11369,2024-06-02,Manchester,Noise & Nuisance,Abandoned Vehicle,High,Resolved,1.52,Website,Public Utilities,3.4,2024-06,2024Q2,1
RVA-11370,2025-03-25,Church Hill,Parks & Public Spaces,Graffiti Removal,High,Closed,1.88,Mobile App,Transportation,2.4,2025-03,2025Q1,1
RVA-11371,2025-05-15,Scott's Addition,Road & Sidewalk,Street Light Out,Medium,Open,2.5,Email,Parks & Rec,4.7,2025-05,2025Q2,0
RVA-11372,2024-03-13,West End,Public Safety,Unsafe Structure,High,Closed,6.69,Website,Transportation,2.9,2024-03,2024Q1,1
RVA-11373,2025-12-13,Oregon Hill,Road & Sidewalk,Street Light Out,Medium,Open,4.24,Mobile App,Parks & Rec,1.1,2025-12,2025Q4,0
RVA-11374,2024-10-22,Southside,Water & Utilities,Sewer Problem,High,Resolved,5.55,Website,Public Utilities,2.4,2024-10,2024Q4,1
RVA-11375,2024-01-17,Short Pump,Water & Utilities,Hydrant Issue,Medium,In Progress,0.04,Mobile App,Parks & Rec,1.5,2024-01,2024Q1,0
RVA-11376,2025-10-02,Northside,Noise & Nuisance,Abandoned Vehicle,Emergency,Closed,0.43,Mobile App,Police,2.5,2025-10,2025Q4,1
RVA-11377,2024-08-04,Scott's Addition,Road & Sidewalk,Street Light Out,High,Resolved,2.53,Phone,Parks & Rec,3.4,2024-08,2024Q3,1
RVA-11378,2024-03-01,Short Pump,Noise & Nuisance,Animal Control,Medium,Resolved,6.83,Phone,Parks & Rec,1.1,2024-03,2024Q1,1
RVA-11379,2025-09-07,The Fan,Noise & Nuisance,Noise Complaint,Medium,Resolved,11.77,Mobile App,Police,4.5,2025-09,2025Q3,1
RVA-11380,2024-02-11,Museum District,Sanitation,Bulk Pickup Request,Medium,Closed,0.02,Mobile App,Police,3.4,2024-02,2024Q1,1
RVA-11381,2024-01-25,Northside,Public Safety,Unsafe Structure,Low,Resolved,0.0,Email,Police,2.2,2024-01,2024Q1,1
RVA-11382,2024-02-08,Shockoe Bottom,Parks & Public Spaces,Park Maintenance,Medium,Closed,3.2,Mobile App,Transportation,2.2,2024-02,2024Q1,1
RVA-11383,2024-05-10,Scott's Addition,Road & Sidewalk,Sidewalk Damage,Medium,Open,0.15,Mobile App,Public Utilities,2.9,2024-05,2024Q2,0
RVA-11384,2025-05-12,Scott's Addition,Noise & Nuisance,Property Maintenance,Low,In Progress,36.7,Email,Parks & Rec,2.0,2025-05,2025Q2,0
RVA-11385,2024-08-16,The Fan,Road & Sidewalk,Sidewalk Damage,Emergency,Resolved,0.13,Mobile App,Police,1.0,2024-08,2024Q3,1
RVA-11386,2024-04-17,Oregon Hill,Parks & Public Spaces,Graffiti Removal,Medium,Closed,3.2,Website,Police,1.1,2024-04,2024Q2,1
RVA-11387,2024-06-20,Bon Air,Parks & Public Spaces,Playground Repair,High,Open,0.13,Mobile App,Public Utilities,2.4,2024-06,2024Q2,0
RVA-11388,2025-03-10,Oregon Hill,Public Safety,Missing Sign,High,Open,1.48,Phone,Code Enforcement,1.5,2025-03,2025Q1,0
RVA-11389,2025-04-22,Museum District,Water & Utilities,Storm Drain Blocked,Medium,In Progress,2.39,Phone,Parks & Rec,1.1,2025-04,2025Q2,0
RVA-11390,2024-04-11,East End,Road & Sidewalk,Crosswalk Faded,Medium,Resolved,0.23,Email,Code Enforcement,4.4,2024-04,2024Q2,1
RVA-11391,2025-06-07,East End,Noise & Nuisance,Animal Control,High,Resolved,0.82,Phone,Code Enforcement,2.1,2025-06,2025Q2,1
RVA-11392,2024-10-01,Bon Air,Sanitation,Overflowing Bin,Emergency,Closed,0.25,Phone,Police,3.0,2024-10,2024Q4,1
RVA-11393,2025-09-04,Ginter Park,Road & Sidewalk,Crosswalk Faded,Medium,Open,22.99,Email,Transportation,1.7,2025-09,2025Q3,0
RVA-11394,2024-02-13,Highland Park,Water & Utilities,Sewer Problem,High,In Progress,0.47,Email,Public Utilities,1.2,2024-02,2024Q1,0
RVA-11395,2024-01-17,Bon Air,Parks & Public Spaces,Graffiti Removal,Emergency,Resolved,0.39,Mobile App,Parks & Rec,4.0,2024-01,2024Q1,1
RVA-11396,2024-11-25,Scott's Addition,Parks & Public Spaces,Park Maintenance,High,Resolved,8.73,Walk-in,Parks & Rec,1.5,2024-11,2024Q4,1
RVA-11397,2025-07-22,Southside,Water & Utilities,Storm Drain Blocked,Emergency,Closed,0.79,Phone,Parks & Rec,1.1,2025-07,2025Q3,1
RVA-11398,2025-05-11,Fulton,Road & Sidewalk,Crosswalk Faded,Medium,In Progress,25.08,Phone,Transportation,3.3,2025-05,2025Q2,0
RVA-11399,2024-01-12,Southside,Water & Utilities,Hydrant Issue,Emergency,Closed,1.73,Phone,Code Enforcement,1.1,2024-01,2024Q1,1
RVA-11400,2024-11-13,Bon Air,Sanitation,Illegal Dumping,High,Resolved,1.34,Phone,Public Works,2.7,2024-11,2024Q4,1
RVA-11401,2025-08-14,Carytown,Public Safety,Hazardous Condition,Low,Closed,11.92,Mobile App,Public Utilities,2.2,2025-08,2025Q3,1
RVA-11402,2024-08-03,Museum District,Noise & Nuisance,Abandoned Vehicle,Emergency,Resolved,0.06,Phone,Public Works,2.3,2024-08,2024Q3,1
RVA-11403,2024-12-04,Bon Air,Public Safety,Traffic Signal Issue,Medium,Resolved,2.91,Phone,Code Enforcement,1.0,2024-12,2024Q4,1
RVA-11404,2025-10-22,Oregon Hill,Sanitation,Illegal Dumping,Medium,Closed,8.28,Mobile App,Police,4.9,2025-10,2025Q4,1
RVA-11405,2024-03-21,West End,Road & Sidewalk,Pothole Repair,Medium,Closed,3.52,Phone,Public Works,3.1,2024-03,2024Q1,1
RVA-11406,2025-12-27,The Fan,Road & Sidewalk,Pothole Repair,Low,Resolved,12.13,Email,Public Works,3.3,2025-12,2025Q4,1
RVA-11407,2025-04-29,West End,Public Safety,Missing Sign,Medium,Resolved,6.85,Website,Public Utilities,3.7,2025-04,2025Q2,1
RVA-11408,2025-01-08,Bon Air,Public Safety,Missing Sign,High,Resolved,0.58,Phone,Code Enforcement,4.2,2025-01,2025Q1,1
RVA-11409,2025-12-10,Oregon Hill,Sanitation,Illegal Dumping,Low,Closed,20.85,Email,Public Utilities,3.4,2025-12,2025Q4,1
RVA-11410,2024-07-18,The Fan,Road & Sidewalk,Street Light Out,Medium,Resolved,3.08,Phone,Police,4.0,2024-07,2024Q3,1
RVA-11411,2025-06-20,The Fan,Sanitation,Bulk Pickup Request,Low,Closed,2.36,Mobile App,Transportation,2.8,2025-06,2025Q2,1
RVA-11412,2025-04-10,Fulton,Noise & Nuisance,Animal Control,Medium,Resolved,10.03,Phone,Transportation,2.5,2025-04,2025Q2,1
RVA-11413,2024-03-29,West End,Sanitation,Overflowing Bin,High,Open,1.08,Mobile App,Transportation,4.3,2024-03,2024Q1,0
RVA-11414,2024-09-24,Carytown,Road & Sidewalk,Crosswalk Faded,High,Resolved,2.78,Website,Parks & Rec,4.5,2024-09,2024Q3,1
RVA-11415,2025-10-16,The Fan,Sanitation,Overflowing Bin,Emergency,In Progress,0.4,Email,Transportation,1.6,2025-10,2025Q4,0
RVA-11416,2025-07-24,Highland Park,Water & Utilities,Storm Drain Blocked,Medium,Resolved,2.41,Phone,Transportation,3.2,2025-07,2025Q3,1
RVA-11417,2025-05-03,Highland Park,Public Safety,Unsafe Structure,Medium,Resolved,8.3,Phone,Code Enforcement,3.7,2025-05,2025Q2,1
RVA-11418,2025-06-21,Carytown,Parks & Public Spaces,Park Maintenance,Emergency,Closed,0.44,Phone,Transportation,1.3,2025-06,2025Q2,1
RVA-11419,2024-02-16,Manchester,Road & Sidewalk,Pothole Repair,High,Resolved,0.99,Mobile App,Transportation,4.7,2024-02,2024Q1,1
RVA-11420,2024-10-14,Highland Park,Parks & Public Spaces,Park Maintenance,Medium,Closed,0.58,Website,Police,3.1,2024-10,2024Q4,1
RVA-11421,2024-01-16,Short Pump,Parks & Public Spaces,Tree Hazard,High,Resolved,4.52,Website,Police,3.6,2024-01,2024Q1,1
RVA-11422,2025-12-11,Bon Air,Road & Sidewalk,Street Light Out,Emergency,Closed,0.02,Mobile App,Public Works,1.7,2025-12,2025Q4,1
RVA-11423,2025-02-04,Museum District,Water & Utilities,Hydrant Issue,High,Closed,3.98,Walk-in,Public Utilities,2.1,2025-02,2025Q1,1
RVA-11424,2024-03-26,East End,Noise & Nuisance,Property Maintenance,Medium,Closed,2.23,Mobile App,Public Works,1.5,2024-03,2024Q1,1
RVA-11425,2024-09-06,Short Pump,Road & Sidewalk,Crosswalk Faded,High,Closed,2.04,Email,Public Works,2.1,2024-09,2024Q3,1
RVA-11426,2025-01-25,Bon Air,Noise & Nuisance,Noise Complaint,Low,Resolved,25.54,Phone,Parks & Rec,3.0,2025-01,2025Q1,1
RVA-11427,2024-11-30,Oregon Hill,Road & Sidewalk,Sidewalk Damage,Medium,Closed,0.82,Website,Public Utilities,4.3,2024-11,2024Q4,1
RVA-11428,2025-09-20,Scott's Addition,Sanitation,Overflowing Bin,Medium,Closed,4.18,Mobile App,Parks & Rec,3.1,2025-09,2025Q3,1
RVA-11429,2025-06-02,Manchester,Road & Sidewalk,Crosswalk Faded,Low,Open,14.46,Mobile App,Transportation,2.0,2025-06,2025Q2,0
RVA-11430,2024-05-16,Ginter Park,Parks & Public Spaces,Park Maintenance,Low,Resolved,14.17,Walk-in,Police,1.2,2024-05,2024Q2,1
RVA-11431,2025-11-18,Lakeside,Parks & Public Spaces,Playground Repair,Low,Resolved,7.46,Phone,Transportation,3.5,2025-11,2025Q4,1
RVA-11432,2025-05-12,Oregon Hill,Sanitation,Missed Trash Pickup,High,Resolved,1.96,Email,Parks & Rec,2.7,2025-05,2025Q2,1
RVA-11433,2025-12-27,Short Pump,Parks & Public Spaces,Tree Hazard,High,Resolved,2.83,Phone,Police,4.9,2025-12,2025Q4,1
RVA-11434,2025-04-21,Carytown,Road & Sidewalk,Pothole Repair,Emergency,Resolved,0.92,Email,Public Works,4.1,2025-04,2025Q2,1
RVA-11435,2025-08-16,The Fan,Public Safety,Hazardous Condition,Medium,Resolved,7.17,Email,Transportation,4.2,2025-08,2025Q3,1
RVA-11436,2024-08-10,Scott's Addition,Water & Utilities,Storm Drain Blocked,Medium,Closed,2.18,Phone,Parks & Rec,1.0,2024-08,2024Q3,1
RVA-11437,2025-01-06,Northside,Parks & Public Spaces,Playground Repair,Emergency,Resolved,2.86,Phone,Transportation,4.1,2025-01,2025Q1,1
RVA-11438,2025-02-05,West End,Sanitation,Overflowing Bin,Low,Closed,5.7,Walk-in,Public Utilities,1.8,2025-02,2025Q1,1
RVA-11439,2025-03-18,Ginter Park,Water & Utilities,Hydrant Issue,High,Resolved,0.05,Mobile App,Parks & Rec,3.3,2025-03,2025Q1,1
RVA-11440,2025-05-04,Bon Air,Parks & Public Spaces,Tree Hazard,High,Resolved,0.9,Walk-in,Police,2.8,2025-05,2025Q2,1
RVA-11441,2025-09-06,Museum District,Parks & Public Spaces,Tree Hazard,Low,Resolved,1.37,Phone,Code Enforcement,3.3,2025-09,2025Q3,1
RVA-11442,2024-09-29,West End,Sanitation,Bulk Pickup Request,High,Resolved,0.26,Website,Transportation,1.5,2024-09,2024Q3,1
RVA-11443,2025-06-09,The Fan,Road & Sidewalk,Pothole Repair,High,Resolved,0.66,Mobile App,Transportation,2.8,2025-06,2025Q2,1
RVA-11444,2024-06-07,The Fan,Parks & Public Spaces,Tree Hazard,Low,Resolved,0.55,Website,Public Utilities,1.1,2024-06,2024Q2,1
RVA-11445,2024-05-31,Carytown,Public Safety,Missing Sign,Low,Resolved,11.66,Mobile App,Police,1.2,2024-05,2024Q2,1
RVA-11446,2025-09-11,Museum District,Parks & Public Spaces,Tree Hazard,Low,Resolved,0.77,Walk-in,Transportation,3.6,2025-09,2025Q3,1
RVA-11447,2024-07-06,Scott's Addition,Public Safety,Traffic Signal Issue,Medium,Resolved,1.14,Phone,Code Enforcement,4.8,2024-07,2024Q3,1
RVA-11448,2024-04-07,Scott's Addition,Noise & Nuisance,Property Maintenance,Medium,Resolved,0.49,Mobile App,Transportation,4.1,2024-04,2024Q2,1
RVA-11449,2024-05-10,East End,Sanitation,Bulk Pickup Request,Medium,Resolved,0.33,Email,Public Utilities,2.9,2024-05,2024Q2,1
RVA-11450,2024-06-19,Oregon Hill,Parks & Public Spaces,Playground Repair,Medium,In Progress,1.56,Website,Code Enforcement,1.2,2024-06,2024Q2,0
RVA-11451,2024-07-01,Northside,Parks & Public Spaces,Graffiti Removal,Emergency,Resolved,0.42,Email,Public Works,1.2,2024-07,2024Q3,1
RVA-11452,2024-12-29,Museum District,Noise & Nuisance,Abandoned Vehicle,Medium,Open,16.72,Phone,Public Works,1.6,2024-12,2024Q4,0
RVA-11453,2024-02-08,Shockoe Bottom,Sanitation,Illegal Dumping,Low,Open,20.84,Website,Transportation,4.9,2024-02,2024Q1,0
RVA-11454,2025-06-10,The Fan,Water & Utilities,Sewer Problem,Medium,Resolved,10.43,Website,Parks & Rec,2.6,2025-06,2025Q2,1
RVA-11455,2025-05-11,Scott's Addition,Parks & Public Spaces,Tree Hazard,Medium,Open,0.97,Website,Parks & Rec,4.4,2025-05,2025Q2,0
RVA-11456,2025-05-30,The Fan,Road & Sidewalk,Street Light Out,Medium,Resolved,1.54,Mobile App,Parks & Rec,3.8,2025-05,2025Q2,1
RVA-11457,2024-12-14,Southside,Parks & Public Spaces,Playground Repair,Medium,Closed,0.4,Mobile App,Parks & Rec,3.4,2024-12,2024Q4,1
RVA-11458,2025-01-31,Highland Park,Public Safety,Hazardous Condition,Low,Open,15.07,Email,Transportation,4.8,2025-01,2025Q1,0
RVA-11459,2025-12-22,Manchester,Sanitation,Bulk Pickup Request,High,Resolved,0.14,Phone,Code Enforcement,1.9,2025-12,2025Q4,1
RVA-11460,2024-06-09,Oregon Hill,Parks & Public Spaces,Park Maintenance,Emergency,Closed,0.41,Email,Public Utilities,2.8,2024-06,2024Q2,1
RVA-11461,2024-01-16,Highland Park,Sanitation,Bulk Pickup Request,Medium,Closed,1.42,Mobile App,Public Utilities,4.5,2024-01,2024Q1,1
RVA-11462,2025-05-07,Scott's Addition,Water & Utilities,Water Main Break,Medium,Resolved,1.39,Email,Parks & Rec,3.2,2025-05,2025Q2,1
RVA-11463,2025-03-01,Carytown,Sanitation,Illegal Dumping,Medium,Closed,23.4,Website,Public Works,2.0,2025-03,2025Q1,1
RVA-11464,2024-04-17,Lakeside,Public Safety,Missing Sign,High,Resolved,2.83,Website,Police,1.8,2024-04,2024Q2,1
RVA-11465,2025-03-25,East End,Road & Sidewalk,Street Light Out,Medium,Open,9.07,Phone,Parks & Rec,4.0,2025-03,2025Q1,0
RVA-11466,2024-11-06,Northside,Sanitation,Missed Trash Pickup,Emergency,Closed,0.42,Email,Parks & Rec,1.1,2024-11,2024Q4,1
RVA-11467,2024-06-18,West End,Water & Utilities,Water Main Break,Medium,Closed,10.24,Phone,Transportation,4.7,2024-06,2024Q2,1
RVA-11468,2025-06-29,The Fan,Noise & Nuisance,Animal Control,Medium,Resolved,5.19,Website,Public Works,1.1,2025-06,2025Q2,1
RVA-11469,2025-02-17,Museum District,Water & Utilities,Water Main Break,Medium,Closed,14.61,Mobile App,Police,3.5,2025-02,2025Q1,1
RVA-11470,2024-09-07,Scott's Addition,Public Safety,Unsafe Structure,Emergency,Closed,0.17,Website,Code Enforcement,3.4,2024-09,2024Q3,1
RVA-11471,2024-05-20,Highland Park,Sanitation,Missed Trash Pickup,High,In Progress,1.81,Walk-in,Code Enforcement,3.3,2024-05,2024Q2,0
RVA-11472,2024-09-30,Ginter Park,Water & Utilities,Storm Drain Blocked,Low,Resolved,11.72,Mobile App,Police,2.9,2024-09,2024Q3,1
RVA-11473,2025-02-19,Scott's Addition,Public Safety,Unsafe Structure,Medium,Resolved,2.5,Website,Police,4.4,2025-02,2025Q1,1
RVA-11474,2025-08-30,Carytown,Water & Utilities,Water Main Break,Medium,Closed,10.59,Mobile App,Code Enforcement,3.6,2025-08,2025Q3,1
RVA-11475,2024-02-08,Scott's Addition,Public Safety,Unsafe Structure,Medium,Open,19.51,Email,Parks & Rec,4.1,2024-02,2024Q1,0
RVA-11476,2024-01-29,Carytown,Parks & Public Spaces,Playground Repair,High,Closed,1.36,Email,Parks & Rec,1.5,2024-01,2024Q1,1
RVA-11477,2025-04-21,Manchester,Noise & Nuisance,Abandoned Vehicle,High,Open,0.99,Phone,Transportation,1.2,2025-04,2025Q2,0
RVA-11478,2024-11-13,Short Pump,Sanitation,Bulk Pickup Request,High,Resolved,1.28,Mobile App,Public Works,1.1,2024-11,2024Q4,1
RVA-11479,2024-09-01,Bon Air,Noise & Nuisance,Animal Control,Emergency,Resolved,0.96,Website,Police,1.6,2024-09,2024Q3,1
RVA-11480,2025-11-27,Oregon Hill,Road & Sidewalk,Crosswalk Faded,Medium,Closed,5.18,Mobile App,Parks & Rec,3.7,2025-11,2025Q4,1
RVA-11481,2024-09-28,Scott's Addition,Sanitation,Missed Trash Pickup,High,Open,0.09,Phone,Parks & Rec,3.0,2024-09,2024Q3,0
RVA-11482,2025-03-15,Shockoe Bottom,Noise & Nuisance,Property Maintenance,High,Resolved,1.56,Mobile App,Public Works,4.0,2025-03,2025Q1,1
RVA-11483,2024-08-26,Shockoe Bottom,Water & Utilities,Hydrant Issue,Medium,Resolved,0.09,Phone,Police,1.8,2024-08,2024Q3,1
RVA-11484,2025-01-11,Shockoe Bottom,Public Safety,Hazardous Condition,High,Open,3.01,Mobile App,Public Works,2.5,2025-01,2025Q1,0
RVA-11485,2024-09-22,Highland Park,Water & Utilities,Water Main Break,Low,In Progress,3.98,Mobile App,Public Works,4.6,2024-09,2024Q3,0
RVA-11486,2024-12-24,The Fan,Sanitation,Illegal Dumping,High,Closed,1.28,Mobile App,Code Enforcement,4.7,2024-12,2024Q4,1
RVA-11487,2024-12-05,Bon Air,Public Safety,Unsafe Structure,Medium,Resolved,8.01,Website,Public Works,4.7,2024-12,2024Q4,1
RVA-11488,2025-01-23,Short Pump,Noise & Nuisance,Property Maintenance,Medium,In Progress,0.24,Phone,Police,4.3,2025-01,2025Q1,0
RVA-11489,2025-07-30,Short Pump,Water & Utilities,Storm Drain Blocked,High,Resolved,0.35,Mobile App,Parks & Rec,3.8,2025-07,2025Q3,1
RVA-11490,2025-11-19,Oregon Hill,Noise & Nuisance,Noise Complaint,Medium,Closed,2.54,Website,Parks & Rec,4.7,2025-11,2025Q4,1
RVA-11491,2024-01-03,West End,Parks & Public Spaces,Tree Hazard,Low,Open,2.61,Walk-in,Code Enforcement,3.9,2024-01,2024Q1,0
RVA-11492,2025-03-04,Museum District,Sanitation,Overflowing Bin,Low,Resolved,4.12,Mobile App,Police,4.8,2025-03,2025Q1,1
RVA-11493,2024-05-21,Manchester,Parks & Public Spaces,Graffiti Removal,Medium,Open,31.53,Walk-in,Parks & Rec,1.1,2024-05,2024Q2,0
RVA-11494,2025-01-10,Scott's Addition,Road & Sidewalk,Crosswalk Faded,Medium,Open,8.73,Website,Public Works,4.7,2025-01,2025Q1,0
RVA-11495,2025-10-31,Bon Air,Road & Sidewalk,Sidewalk Damage,High,In Progress,4.31,Mobile App,Public Utilities,3.2,2025-10,2025Q4,0
RVA-11496,2024-11-19,Scott's Addition,Sanitation,Missed Trash Pickup,Emergency,Resolved,1.38,Phone,Public Utilities,1.4,2024-11,2024Q4,1
RVA-11497,2024-05-25,Museum District,Road & Sidewalk,Crosswalk Faded,Medium,Closed,2.08,Phone,Public Utilities,1.9,2024-05,2024Q2,1
RVA-11498,2024-10-19,Oregon Hill,Sanitation,Overflowing Bin,High,Resolved,0.71,Website,Public Utilities,4.4,2024-10,2024Q4,1
RVA-11499,2025-10-26,The Fan,Noise & Nuisance,Animal Control,Medium,Resolved,1.33,Mobile App,Public Works,3.0,2025-10,2025Q4,1
RVA-11500,2025-03-07,Shockoe Bottom,Parks & Public Spaces,Graffiti Removal,High,Resolved,3.55,Email,Parks & Rec,4.9,2025-03,2025Q1,1
RVA-11501,2025-12-05,Shockoe Bottom,Water & Utilities,Water Main Break,Low,Resolved,11.38,Website,Code Enforcement,1.5,2025-12,2025Q4,1
RVA-11502,2025-08-07,West End,Sanitation,Overflowing Bin,Medium,Resolved,1.35,Phone,Public Works,2.7,2025-08,2025Q3,1
RVA-11503,2025-02-02,Jackson Ward,Public Safety,Traffic Signal Issue,Medium,Closed,2.37,Mobile App,Parks & Rec,2.3,2025-02,2025Q1,1
RVA-11504,2024-12-09,Highland Park,Public Safety,Traffic Signal Issue,Low,Closed,7.07,Mobile App,Police,3.1,2024-12,2024Q4,1
RVA-11505,2024-05-19,West End,Parks & Public Spaces,Playground Repair,High,Closed,1.5,Phone,Parks & Rec,3.5,2024-05,2024Q2,1
RVA-11506,2024-07-05,Shockoe Bottom,Water & Utilities,Sewer Problem,High,Resolved,4.39,Phone,Parks & Rec,3.6,2024-07,2024Q3,1
RVA-11507,2024-03-01,Northside,Sanitation,Bulk Pickup Request,Medium,Closed,2.39,Website,Parks & Rec,1.0,2024-03,2024Q1,1
RVA-11508,2025-01-14,West End,Road & Sidewalk,Sidewalk Damage,Medium,Resolved,11.96,Website,Public Works,1.4,2025-01,2025Q1,1
RVA-11509,2025-12-10,Southside,Parks & Public Spaces,Playground Repair,High,Closed,1.16,Mobile App,Parks & Rec,1.1,2025-12,2025Q4,1
RVA-11510,2025-03-15,Northside,Public Safety,Hazardous Condition,High,Closed,2.74,Phone,Parks & Rec,4.5,2025-03,2025Q1,1
RVA-11511,2024-11-14,West End,Parks & Public Spaces,Park Maintenance,Medium,Open,13.31,Mobile App,Police,2.3,2024-11,2024Q4,0
RVA-11512,2024-10-28,The Fan,Noise & Nuisance,Abandoned Vehicle,Medium,Resolved,11.91,Phone,Police,2.5,2024-10,2024Q4,1
RVA-11513,2024-12-09,West End,Noise & Nuisance,Property Maintenance,High,Resolved,0.12,Website,Public Utilities,2.8,2024-12,2024Q4,1
RVA-11514,2024-01-11,Scott's Addition,Parks & Public Spaces,Playground Repair,Medium,Closed,1.15,Phone,Transportation,4.4,2024-01,2024Q1,1
RVA-11515,2024-03-02,Northside,Sanitation,Overflowing Bin,Low,In Progress,6.48,Walk-in,Public Works,1.1,2024-03,2024Q1,0
RVA-11516,2024-08-13,Scott's Addition,Noise & Nuisance,Noise Complaint,Medium,Closed,2.82,Email,Parks & Rec,1.5,2024-08,2024Q3,1
RVA-11517,2024-06-01,Ginter Park,Water & Utilities,Storm Drain Blocked,High,Resolved,2.05,Website,Public Utilities,3.7,2024-06,2024Q2,1
RVA-11518,2025-12-11,Museum District,Public Safety,Traffic Signal Issue,High,In Progress,5.79,Mobile App,Public Utilities,4.9,2025-12,2025Q4,0
RVA-11519,2025-07-17,Southside,Water & Utilities,Hydrant Issue,Emergency,Open,0.06,Phone,Public Works,3.6,2025-07,2025Q3,0
RVA-11520,2025-07-24,Highland Park,Parks & Public Spaces,Park Maintenance,High,Closed,1.2,Mobile App,Transportation,2.0,2025-07,2025Q3,1
RVA-11521,2025-08-06,Bon Air,Road & Sidewalk,Sidewalk Damage,Emergency,Open,0.11,Website,Public Utilities,3.1,2025-08,2025Q3,0
RVA-11522,2025-10-21,West End,Parks & Public Spaces,Park Maintenance,Low,In Progress,22.45,Walk-in,Public Utilities,4.9,2025-10,2025Q4,0
RVA-11523,2025-07-28,Church Hill,Noise & Nuisance,Abandoned Vehicle,High,Resolved,6.68,Website,Public Works,3.1,2025-07,2025Q3,1
RVA-11524,2024-11-05,Ginter Park,Sanitation,Overflowing Bin,Low,Resolved,6.51,Website,Code Enforcement,2.5,2024-11,2024Q4,1
RVA-11525,2024-08-30,Southside,Public Safety,Hazardous Condition,High,Closed,0.22,Website,Public Utilities,2.5,2024-08,2024Q3,1
RVA-11526,2025-05-07,Northside,Water & Utilities,Hydrant Issue,Medium,Resolved,7.69,Walk-in,Police,4.9,2025-05,2025Q2,1
RVA-11527,2024-12-31,Bon Air,Noise & Nuisance,Animal Control,Medium,Closed,5.97,Mobile App,Public Utilities,3.9,2024-12,2024Q4,1
RVA-11528,2024-11-25,Scott's Addition,Water & Utilities,Sewer Problem,High,Closed,0.88,Walk-in,Public Works,3.7,2024-11,2024Q4,1
RVA-11529,2024-04-16,Scott's Addition,Public Safety,Traffic Signal Issue,High,Resolved,4.37,Website,Public Works,1.9,2024-04,2024Q2,1
RVA-11530,2024-08-13,Short Pump,Noise & Nuisance,Animal Control,Low,Closed,37.23,Mobile App,Transportation,3.2,2024-08,2024Q3,1
RVA-11531,2024-08-05,Highland Park,Noise & Nuisance,Animal Control,Medium,Closed,4.08,Email,Code Enforcement,2.4,2024-08,2024Q3,1
RVA-11532,2025-05-20,Museum District,Sanitation,Bulk Pickup Request,Medium,Closed,4.17,Email,Code Enforcement,2.0,2025-05,2025Q2,1
RVA-11533,2024-09-15,Southside,Parks & Public Spaces,Tree Hazard,Medium,Closed,1.77,Phone,Transportation,4.6,2024-09,2024Q3,1
RVA-11534,2025-05-31,Museum District,Parks & Public Spaces,Park Maintenance,High,Resolved,1.76,Walk-in,Transportation,2.5,2025-05,2025Q2,1
RVA-11535,2024-02-23,Northside,Water & Utilities,Storm Drain Blocked,Medium,Resolved,2.9,Mobile App,Police,2.1,2024-02,2024Q1,1
RVA-11536,2024-02-16,Ginter Park,Noise & Nuisance,Noise Complaint,Emergency,Resolved,0.18,Phone,Police,4.7,2024-02,2024Q1,1
RVA-11537,2025-12-27,Shockoe Bottom,Road & Sidewalk,Street Light Out,Low,Closed,0.7,Mobile App,Public Utilities,1.8,2025-12,2025Q4,1
RVA-11538,2025-11-19,West End,Road & Sidewalk,Sidewalk Damage,High,Closed,0.58,Phone,Code Enforcement,4.0,2025-11,2025Q4,1
RVA-11539,2025-06-04,Highland Park,Public Safety,Unsafe Structure,High,Open,0.44,Phone,Police,3.6,2025-06,2025Q2,0
RVA-11540,2024-04-08,Museum District,Parks & Public Spaces,Playground Repair,Medium,Open,3.9,Mobile App,Public Utilities,4.7,2024-04,2024Q2,0
RVA-11541,2024-01-20,Manchester,Water & Utilities,Water Main Break,Medium,Open,4.6,Website,Parks & Rec,4.3,2024-01,2024Q1,0
RVA-11542,2025-07-26,The Fan,Parks & Public Spaces,Graffiti Removal,High,Closed,1.88,Mobile App,Public Utilities,3.8,2025-07,2025Q3,1
RVA-11543,2025-05-04,Highland Park,Parks & Public Spaces,Graffiti Removal,High,In Progress,0.98,Mobile App,Police,2.3,2025-05,2025Q2,0
RVA-11544,2025-02-22,Manchester,Noise & Nuisance,Animal Control,Medium,Resolved,2.73,Phone,Public Utilities,3.0,2025-02,2025Q1,1
RVA-11545,2025-11-20,Oregon Hill,Noise & Nuisance,Noise Complaint,Medium,Resolved,8.99,Phone,Parks & Rec,4.8,2025-11,2025Q4,1
RVA-11546,2024-03-02,Manchester,Parks & Public Spaces,Park Maintenance,Low,Resolved,6.47,Mobile App,Police,1.1,2024-03,2024Q1,1
RVA-11547,2024-05-24,Lakeside,Parks & Public Spaces,Tree Hazard,Low,Resolved,44.04,Mobile App,Public Utilities,4.2,2024-05,2024Q2,1
RVA-11548,2024-08-03,West End,Sanitation,Missed Trash Pickup,Medium,Closed,2.9,Mobile App,Police,2.0,2024-08,2024Q3,1
RVA-11549,2024-01-03,Highland Park,Road & Sidewalk,Street Light Out,Low,Resolved,10.49,Mobile App,Transportation,1.7,2024-01,2024Q1,1
RVA-11550,2024-06-08,Oregon Hill,Road & Sidewalk,Crosswalk Faded,High,Closed,0.1,Phone,Transportation,1.9,2024-06,2024Q2,1
RVA-11551,2024-04-29,East End,Road & Sidewalk,Pothole Repair,High,Resolved,2.12,Email,Public Utilities,1.2,2024-04,2024Q2,1
RVA-11552,2024-03-29,West End,Sanitation,Missed Trash Pickup,Emergency,In Progress,0.95,Mobile App,Public Works,5.0,2024-03,2024Q1,0
RVA-11553,2024-11-24,Manchester,Sanitation,Missed Trash Pickup,High,In Progress,5.71,Website,Police,4.5,2024-11,2024Q4,0
RVA-11554,2025-08-02,Carytown,Parks & Public Spaces,Park Maintenance,Emergency,Closed,2.96,Mobile App,Police,3.1,2025-08,2025Q3,1
RVA-11555,2024-12-22,Bon Air,Road & Sidewalk,Crosswalk Faded,Medium,Closed,1.66,Phone,Transportation,3.9,2024-12,2024Q4,1
RVA-11556,2025-09-01,East End,Public Safety,Missing Sign,Medium,Open,4.28,Mobile App,Transportation,3.2,2025-09,2025Q3,0
RVA-11557,2024-09-23,East End,Parks & Public Spaces,Tree Hazard,Emergency,Closed,0.3,Email,Police,4.2,2024-09,2024Q3,1
RVA-11558,2025-09-08,The Fan,Noise & Nuisance,Animal Control,Medium,Resolved,4.15,Phone,Police,4.4,2025-09,2025Q3,1
RVA-11559,2024-11-18,Highland Park,Sanitation,Bulk Pickup Request,Low,Resolved,1.71,Website,Transportation,1.9,2024-11,2024Q4,1
RVA-11560,2025-09-26,Northside,Public Safety,Traffic Signal Issue,High,In Progress,3.88,Website,Public Utilities,2.8,2025-09,2025Q3,0
RVA-11561,2025-06-24,Ginter Park,Noise & Nuisance,Property Maintenance,Emergency,Closed,1.2,Mobile App,Code Enforcement,3.5,2025-06,2025Q2,1
RVA-11562,2025-10-10,Bon Air,Road & Sidewalk,Sidewalk Damage,High,Open,1.19,Email,Public Utilities,4.9,2025-10,2025Q4,0
RVA-11563,2024-07-13,Bon Air,Noise & Nuisance,Animal Control,Medium,Resolved,1.65,Mobile App,Parks & Rec,3.7,2024-07,2024Q3,1
RVA-11564,2024-11-27,Ginter Park,Noise & Nuisance,Noise Complaint,High,Resolved,0.3,Mobile App,Public Works,4.6,2024-11,2024Q4,1
RVA-11565,2024-06-18,The Fan,Sanitation,Overflowing Bin,Emergency,In Progress,0.58,Mobile App,Public Utilities,4.4,2024-06,2024Q2,0
RVA-11566,2025-06-04,Fulton,Water & Utilities,Water Main Break,Low,Resolved,3.74,Mobile App,Public Utilities,3.3,2025-06,2025Q2,1
RVA-11567,2025-04-07,The Fan,Parks & Public Spaces,Park Maintenance,High,Open,4.81,Mobile App,Police,4.6,2025-04,2025Q2,0
RVA-11568,2024-02-09,Ginter Park,Parks & Public Spaces,Tree Hazard,Medium,Resolved,5.56,Website,Parks & Rec,2.5,2024-02,2024Q1,1
RVA-11569,2025-06-20,Scott's Addition,Parks & Public Spaces,Graffiti Removal,Medium,Closed,5.19,Mobile App,Police,2.5,2025-06,2025Q2,1
RVA-11570,2024-09-17,Northside,Road & Sidewalk,Street Light Out,Medium,Resolved,4.1,Website,Transportation,4.1,2024-09,2024Q3,1
RVA-11571,2025-01-29,The Fan,Water & Utilities,Water Main Break,Low,Resolved,0.47,Mobile App,Police,1.5,2025-01,2025Q1,1
RVA-11572,2024-08-13,Highland Park,Public Safety,Hazardous Condition,Low,Resolved,26.87,Email,Code Enforcement,2.2,2024-08,2024Q3,1
RVA-11573,2024-05-03,Carytown,Noise & Nuisance,Animal Control,Medium,Resolved,4.94,Mobile App,Public Works,3.4,2024-05,2024Q2,1
RVA-11574,2024-02-07,Museum District,Noise & Nuisance,Abandoned Vehicle,Low,Closed,51.26,Website,Code Enforcement,2.7,2024-02,2024Q1,1
RVA-11575,2024-11-23,Highland Park,Parks & Public Spaces,Graffiti Removal,Medium,In Progress,3.85,Website,Police,4.8,2024-11,2024Q4,0
RVA-11576,2024-09-07,West End,Water & Utilities,Storm Drain Blocked,High,Closed,2.48,Mobile App,Public Works,4.8,2024-09,2024Q3,1
RVA-11577,2024-06-24,The Fan,Road & Sidewalk,Street Light Out,Medium,Closed,0.29,Mobile App,Public Utilities,3.0,2024-06,2024Q2,1
RVA-11578,2025-08-24,Jackson Ward,Noise & Nuisance,Abandoned Vehicle,Medium,Closed,4.99,Mobile App,Parks & Rec,3.2,2025-08,2025Q3,1
RVA-11579,2025-03-29,The Fan,Road & Sidewalk,Sidewalk Damage,Emergency,In Progress,0.72,Mobile App,Code Enforcement,3.9,2025-03,2025Q1,0
RVA-11580,2024-02-06,East End,Water & Utilities,Hydrant Issue,Low,Open,15.07,Mobile App,Parks & Rec,2.8,2024-02,2024Q1,0
RVA-11581,2024-11-11,Bon Air,Public Safety,Traffic Signal Issue,Medium,Resolved,7.35,Website,Police,1.8,2024-11,2024Q4,1
RVA-11582,2025-11-18,East End,Parks & Public Spaces,Playground Repair,Medium,Closed,1.28,Phone,Public Works,4.0,2025-11,2025Q4,1
RVA-11583,2025-08-15,Scott's Addition,Sanitation,Missed Trash Pickup,High,Resolved,7.41,Phone,Transportation,4.0,2025-08,2025Q3,1
RVA-11584,2024-04-23,Oregon Hill,Water & Utilities,Storm Drain Blocked,Emergency,Resolved,2.67,Mobile App,Public Utilities,2.0,2024-04,2024Q2,1
RVA-11585,2024-02-09,Bon Air,Parks & Public Spaces,Park Maintenance,Emergency,In Progress,0.04,Walk-in,Public Works,4.3,2024-02,2024Q1,0
RVA-11586,2024-10-27,Scott's Addition,Sanitation,Bulk Pickup Request,High,Closed,5.51,Mobile App,Transportation,3.5,2024-10,2024Q4,1
RVA-11587,2024-08-11,Northside,Road & Sidewalk,Street Light Out,Low,Closed,3.42,Phone,Parks & Rec,1.9,2024-08,2024Q3,1
RVA-11588,2024-11-13,Oregon Hill,Sanitation,Overflowing Bin,Low,In Progress,11.69,Mobile App,Parks & Rec,3.6,2024-11,2024Q4,0
RVA-11589,2024-12-14,Highland Park,Noise & Nuisance,Abandoned Vehicle,Medium,Open,2.06,Mobile App,Public Utilities,1.9,2024-12,2024Q4,0
RVA-11590,2024-04-24,Ginter Park,Noise & Nuisance,Animal Control,Low,Resolved,34.34,Website,Transportation,2.1,2024-04,2024Q2,1
RVA-11591,2025-11-28,Manchester,Water & Utilities,Sewer Problem,High,Resolved,0.21,Website,Transportation,4.4,2025-11,2025Q4,1
RVA-11592,2024-11-18,East End,Parks & Public Spaces,Playground Repair,High,Closed,1.38,Website,Public Utilities,4.7,2024-11,2024Q4,1
RVA-11593,2025-07-21,Northside,Noise & Nuisance,Abandoned Vehicle,Low,Closed,5.59,Phone,Public Works,2.0,2025-07,2025Q3,1
RVA-11594,2024-02-09,Scott's Addition,Parks & Public Spaces,Playground Repair,High,Resolved,0.79,Email,Code Enforcement,4.7,2024-02,2024Q1,1
RVA-11595,2024-02-09,Scott's Addition,Sanitation,Bulk Pickup Request,Low,In Progress,10.37,Phone,Public Works,2.0,2024-02,2024Q1,0
RVA-11596,2024-10-15,Short Pump,Road & Sidewalk,Street Light Out,Medium,Closed,0.7,Phone,Parks & Rec,1.5,2024-10,2024Q4,1
RVA-11597,2024-09-18,Shockoe Bottom,Noise & Nuisance,Animal Control,High,Closed,2.52,Mobile App,Public Works,1.2,2024-09,2024Q3,1
RVA-11598,2024-08-03,Highland Park,Noise & Nuisance,Animal Control,Medium,Closed,19.71,Mobile App,Police,2.0,2024-08,2024Q3,1
RVA-11599,2024-05-26,The Fan,Noise & Nuisance,Animal Control,Medium,Closed,8.16,Phone,Public Works,2.5,2024-05,2024Q2,1
RVA-11600,2024-12-01,Carytown,Parks & Public Spaces,Park Maintenance,Low,Resolved,19.66,Mobile App,Public Works,4.7,2024-12,2024Q4,1
RVA-11601,2024-06-16,Manchester,Road & Sidewalk,Pothole Repair,Medium,Closed,2.23,Phone,Transportation,2.0,2024-06,2024Q2,1
RVA-11602,2024-04-01,Carytown,Road & Sidewalk,Sidewalk Damage,High,Closed,0.79,Mobile App,Police,2.5,2024-04,2024Q2,1
RVA-11603,2024-12-18,Museum District,Noise & Nuisance,Animal Control,Emergency,Closed,0.36,Walk-in,Parks & Rec,3.9,2024-12,2024Q4,1
RVA-11604,2025-07-24,Oregon Hill,Water & Utilities,Storm Drain Blocked,Medium,Resolved,0.23,Email,Public Utilities,2.2,2025-07,2025Q3,1
RVA-11605,2025-07-24,West End,Road & Sidewalk,Sidewalk Damage,Medium,Closed,14.53,Mobile App,Public Works,3.7,2025-07,2025Q3,1
RVA-11606,2025-11-11,Bon Air,Noise & Nuisance,Abandoned Vehicle,High,Resolved,0.31,Walk-in,Code Enforcement,2.7,2025-11,2025Q4,1
RVA-11607,2024-12-28,Highland Park,Sanitation,Illegal Dumping,Emergency,In Progress,1.17,Walk-in,Transportation,1.8,2024-12,2024Q4,0
RVA-11608,2025-07-10,Shockoe Bottom,Road & Sidewalk,Street Light Out,Medium,In Progress,0.44,Email,Transportation,3.9,2025-07,2025Q3,0
RVA-11609,2024-12-10,Bon Air,Road & Sidewalk,Street Light Out,Medium,Resolved,8.65,Mobile App,Public Utilities,1.1,2024-12,2024Q4,1
RVA-11610,2025-11-23,Oregon Hill,Public Safety,Traffic Signal Issue,High,Resolved,0.33,Website,Code Enforcement,2.2,2025-11,2025Q4,1
RVA-11611,2024-06-18,Museum District,Parks & Public Spaces,Park Maintenance,Medium,In Progress,0.19,Mobile App,Public Works,2.4,2024-06,2024Q2,0
RVA-11612,2024-12-21,Museum District,Water & Utilities,Hydrant Issue,Low,Closed,12.71,Website,Code Enforcement,2.8,2024-12,2024Q4,1
RVA-11613,2024-07-09,Scott's Addition,Noise & Nuisance,Animal Control,Medium,Closed,1.64,Website,Transportation,3.7,2024-07,2024Q3,1
RVA-11614,2025-10-28,Bon Air,Road & Sidewalk,Sidewalk Damage,Low,Closed,12.53,Website,Public Utilities,2.8,2025-10,2025Q4,1
RVA-11615,2025-02-25,Manchester,Road & Sidewalk,Sidewalk Damage,Medium,Resolved,4.05,Mobile App,Code Enforcement,3.4,2025-02,2025Q1,1
RVA-11616,2025-11-30,Northside,Parks & Public Spaces,Playground Repair,Medium,Closed,0.58,Walk-in,Code Enforcement,3.4,2025-11,2025Q4,1
RVA-11617,2024-01-07,Scott's Addition,Public Safety,Traffic Signal Issue,High,Open,5.38,Phone,Public Utilities,2.5,2024-01,2024Q1,0
RVA-11618,2024-05-12,Highland Park,Public Safety,Missing Sign,Medium,Resolved,3.01,Mobile App,Public Utilities,4.7,2024-05,2024Q2,1
RVA-11619,2025-07-10,Highland Park,Sanitation,Missed Trash Pickup,Medium,Resolved,6.63,Phone,Public Utilities,4.8,2025-07,2025Q3,1
RVA-11620,2024-01-31,Scott's Addition,Noise & Nuisance,Noise Complaint,Low,Closed,6.95,Walk-in,Transportation,3.3,2024-01,2024Q1,1
RVA-11621,2025-06-18,West End,Sanitation,Overflowing Bin,High,Resolved,1.85,Email,Public Utilities,1.3,2025-06,2025Q2,1
RVA-11622,2025-03-01,West End,Sanitation,Missed Trash Pickup,Low,Open,3.61,Website,Police,3.0,2025-03,2025Q1,0
RVA-11623,2025-01-28,Northside,Noise & Nuisance,Noise Complaint,Medium,Resolved,1.12,Mobile App,Public Works,1.7,2025-01,2025Q1,1
RVA-11624,2025-11-02,Northside,Sanitation,Overflowing Bin,Low,Resolved,7.82,Mobile App,Transportation,2.9,2025-11,2025Q4,1
RVA-11625,2024-12-28,Northside,Parks & Public Spaces,Graffiti Removal,High,Closed,1.16,Mobile App,Public Utilities,1.8,2024-12,2024Q4,1
RVA-11626,2025-03-12,The Fan,Noise & Nuisance,Animal Control,Medium,Closed,2.47,Mobile App,Parks & Rec,3.8,2025-03,2025Q1,1
RVA-11627,2025-10-31,East End,Parks & Public Spaces,Playground Repair,Medium,In Progress,5.58,Phone,Code Enforcement,1.3,2025-10,2025Q4,0
RVA-11628,2025-07-04,Museum District,Water & Utilities,Sewer Problem,Medium,In Progress,5.86,Mobile App,Public Utilities,4.8,2025-07,2025Q3,0
RVA-11629,2024-03-22,Museum District,Parks & Public Spaces,Graffiti Removal,High,In Progress,0.09,Mobile App,Public Utilities,1.8,2024-03,2024Q1,0
RVA-11630,2024-12-21,Ginter Park,Water & Utilities,Water Main Break,Medium,Closed,2.07,Walk-in,Public Works,3.6,2024-12,2024Q4,1
RVA-11631,2024-09-14,The Fan,Water & Utilities,Storm Drain Blocked,High,Open,1.06,Website,Public Utilities,4.7,2024-09,2024Q3,0
RVA-11632,2025-12-18,Scott's Addition,Water & Utilities,Sewer Problem,High,In Progress,0.2,Website,Transportation,2.0,2025-12,2025Q4,0
RVA-11633,2025-08-11,Carytown,Road & Sidewalk,Street Light Out,Emergency,Resolved,0.13,Phone,Police,4.7,2025-08,2025Q3,1
RVA-11634,2025-06-07,The Fan,Sanitation,Illegal Dumping,Medium,Resolved,0.27,Phone,Parks & Rec,2.6,2025-06,2025Q2,1
RVA-11635,2024-10-21,Scott's Addition,Public Safety,Hazardous Condition,Emergency,In Progress,2.79,Mobile App,Parks & Rec,4.8,2024-10,2024Q4,0
RVA-11636,2024-08-11,Bon Air,Parks & Public Spaces,Playground Repair,Low,Resolved,13.34,Phone,Public Utilities,4.9,2024-08,2024Q3,1
RVA-11637,2025-06-08,Scott's Addition,Noise & Nuisance,Property Maintenance,Medium,Resolved,0.46,Website,Public Works,1.8,2025-06,2025Q2,1
RVA-11638,2024-02-15,East End,Public Safety,Unsafe Structure,High,Resolved,0.04,Phone,Transportation,4.3,2024-02,2024Q1,1
RVA-11639,2025-10-28,Carytown,Noise & Nuisance,Animal Control,Medium,Closed,6.35,Walk-in,Transportation,1.8,2025-10,2025Q4,1
RVA-11640,2024-04-22,Northside,Parks & Public Spaces,Tree Hazard,Medium,In Progress,2.89,Email,Public Utilities,1.9,2024-04,2024Q2,0
RVA-11641,2024-08-20,Bon Air,Water & Utilities,Storm Drain Blocked,Medium,Resolved,7.73,Phone,Code Enforcement,1.3,2024-08,2024Q3,1
RVA-11642,2024-01-17,Scott's Addition,Sanitation,Missed Trash Pickup,Medium,Closed,12.85,Mobile App,Transportation,1.6,2024-01,2024Q1,1
RVA-11643,2024-12-25,Ginter Park,Noise & Nuisance,Property Maintenance,Medium,Closed,4.57,Email,Transportation,3.5,2024-12,2024Q4,1
RVA-11644,2024-08-10,Bon Air,Sanitation,Bulk Pickup Request,High,Resolved,0.41,Website,Transportation,2.8,2024-08,2024Q3,1
RVA-11645,2025-11-30,Northside,Water & Utilities,Sewer Problem,High,Closed,3.05,Website,Parks & Rec,4.2,2025-11,2025Q4,1
RVA-11646,2025-03-23,Manchester,Public Safety,Traffic Signal Issue,High,In Progress,6.24,Website,Transportation,2.3,2025-03,2025Q1,0
RVA-11647,2024-12-30,East End,Noise & Nuisance,Abandoned Vehicle,Low,Closed,8.68,Mobile App,Code Enforcement,4.9,2024-12,2024Q4,1
RVA-11648,2025-11-05,Ginter Park,Road & Sidewalk,Sidewalk Damage,Emergency,Closed,0.57,Mobile App,Police,1.2,2025-11,2025Q4,1
RVA-11649,2024-11-21,Shockoe Bottom,Sanitation,Illegal Dumping,Medium,Resolved,2.06,Mobile App,Parks & Rec,1.3,2024-11,2024Q4,1
RVA-11650,2025-04-11,Museum District,Water & Utilities,Storm Drain Blocked,Low,Resolved,4.81,Mobile App,Parks & Rec,3.8,2025-04,2025Q2,1
RVA-11651,2025-02-17,Manchester,Parks & Public Spaces,Park Maintenance,Low,In Progress,13.27,Phone,Police,4.6,2025-02,2025Q1,0
RVA-11652,2025-03-30,Scott's Addition,Sanitation,Illegal Dumping,Medium,Resolved,13.14,Mobile App,Code Enforcement,4.2,2025-03,2025Q1,1
RVA-11653,2025-08-08,Ginter Park,Water & Utilities,Hydrant Issue,Low,Resolved,9.92,Walk-in,Public Utilities,3.0,2025-08,2025Q3,1
RVA-11654,2024-08-20,Museum District,Sanitation,Missed Trash Pickup,Low,Closed,15.6,Phone,Public Works,2.1,2024-08,2024Q3,1
RVA-11655,2024-08-11,Manchester,Noise & Nuisance,Animal Control,Medium,Open,0.94,Phone,Code Enforcement,1.1,2024-08,2024Q3,0
RVA-11656,2025-02-15,Northside,Water & Utilities,Sewer Problem,Medium,Resolved,1.19,Mobile App,Police,3.0,2025-02,2025Q1,1
RVA-11657,2025-07-25,Scott's Addition,Noise & Nuisance,Noise Complaint,Medium,Resolved,3.8,Phone,Transportation,2.9,2025-07,2025Q3,1
RVA-11658,2024-11-30,Scott's Addition,Noise & Nuisance,Abandoned Vehicle,High,Resolved,0.39,Mobile App,Transportation,2.4,2024-11,2024Q4,1
RVA-11659,2024-08-09,Short Pump,Road & Sidewalk,Street Light Out,High,Resolved,2.02,Website,Police,3.3,2024-08,2024Q3,1
RVA-11660,2024-02-06,Museum District,Noise & Nuisance,Noise Complaint,Medium,Resolved,1.72,Walk-in,Transportation,3.9,2024-02,2024Q1,1
RVA-11661,2024-10-04,Scott's Addition,Noise & Nuisance,Property Maintenance,Low,Closed,15.68,Phone,Police,3.8,2024-10,2024Q4,1
RVA-11662,2024-07-14,The Fan,Road & Sidewalk,Crosswalk Faded,Emergency,Resolved,0.83,Mobile App,Parks & Rec,2.1,2024-07,2024Q3,1
RVA-11663,2025-04-28,Short Pump,Public Safety,Traffic Signal Issue,Low,Closed,6.23,Website,Public Utilities,3.3,2025-04,2025Q2,1
RVA-11664,2024-08-29,Highland Park,Parks & Public Spaces,Playground Repair,High,Resolved,0.4,Mobile App,Parks & Rec,1.6,2024-08,2024Q3,1
RVA-11665,2024-11-19,Ginter Park,Parks & Public Spaces,Playground Repair,Low,Closed,10.41,Mobile App,Parks & Rec,1.5,2024-11,2024Q4,1
RVA-11666,2024-07-10,Scott's Addition,Water & Utilities,Hydrant Issue,Emergency,Closed,2.47,Phone,Parks & Rec,4.1,2024-07,2024Q3,1
RVA-11667,2024-01-17,Northside,Water & Utilities,Storm Drain Blocked,Medium,Resolved,4.87,Email,Police,3.8,2024-01,2024Q1,1
RVA-11668,2025-06-07,Ginter Park,Road & Sidewalk,Crosswalk Faded,Medium,In Progress,0.18,Mobile App,Code Enforcement,4.1,2025-06,2025Q2,0
RVA-11669,2025-02-04,Museum District,Road & Sidewalk,Sidewalk Damage,High,Resolved,0.03,Email,Public Works,1.6,2025-02,2025Q1,1
RVA-11670,2025-12-05,Bon Air,Public Safety,Traffic Signal Issue,Medium,Closed,1.93,Mobile App,Public Works,4.7,2025-12,2025Q4,1
RVA-11671,2024-01-22,Bon Air,Parks & Public Spaces,Graffiti Removal,Medium,Resolved,1.09,Mobile App,Public Utilities,1.5,2024-01,2024Q1,1
RVA-11672,2025-04-18,Scott's Addition,Sanitation,Bulk Pickup Request,Medium,Resolved,8.38,Website,Public Utilities,4.5,2025-04,2025Q2,1
RVA-11673,2024-04-29,Scott's Addition,Water & Utilities,Hydrant Issue,High,In Progress,3.73,Mobile App,Police,2.4,2024-04,2024Q2,0
RVA-11674,2024-07-28,Shockoe Bottom,Water & Utilities,Hydrant Issue,Low,Closed,2.99,Mobile App,Public Works,1.4,2024-07,2024Q3,1
RVA-11675,2024-11-01,Shockoe Bottom,Parks & Public Spaces,Graffiti Removal,Low,Resolved,3.94,Mobile App,Code Enforcement,2.1,2024-11,2024Q4,1
RVA-11676,2024-09-26,Bon Air,Noise & Nuisance,Animal Control,Medium,Resolved,1.35,Mobile App,Police,1.7,2024-09,2024Q3,1
RVA-11677,2025-12-04,Bon Air,Public Safety,Traffic Signal Issue,Low,Resolved,23.9,Mobile App,Public Utilities,3.0,2025-12,2025Q4,1
RVA-11678,2025-11-17,The Fan,Water & Utilities,Storm Drain Blocked,High,Resolved,1.4,Website,Police,4.8,2025-11,2025Q4,1
RVA-11679,2024-10-11,Northside,Parks & Public Spaces,Tree Hazard,Low,Resolved,10.68,Website,Public Utilities,2.3,2024-10,2024Q4,1
RVA-11680,2025-12-16,Northside,Road & Sidewalk,Crosswalk Faded,Medium,Resolved,2.68,Email,Public Works,3.4,2025-12,2025Q4,1
RVA-11681,2025-11-06,Oregon Hill,Parks & Public Spaces,Playground Repair,Low,Closed,9.97,Website,Police,4.6,2025-11,2025Q4,1
RVA-11682,2024-08-14,Southside,Road & Sidewalk,Pothole Repair,Medium,Closed,2.44,Website,Parks & Rec,3.5,2024-08,2024Q3,1
RVA-11683,2025-01-15,Bon Air,Road & Sidewalk,Street Light Out,Low,Closed,4.15,Website,Transportation,2.4,2025-01,2025Q1,1
RVA-11684,2025-04-04,Shockoe Bottom,Road & Sidewalk,Pothole Repair,Low,In Progress,10.06,Walk-in,Public Utilities,5.0,2025-04,2025Q2,0
RVA-11685,2024-01-07,Carytown,Parks & Public Spaces,Tree Hazard,Low,Closed,8.94,Mobile App,Parks & Rec,1.7,2024-01,2024Q1,1
RVA-11686,2024-01-29,The Fan,Sanitation,Missed Trash Pickup,Emergency,In Progress,0.17,Mobile App,Public Utilities,3.1,2024-01,2024Q1,0
RVA-11687,2024-02-02,Oregon Hill,Water & Utilities,Hydrant Issue,Low,In Progress,1.62,Website,Parks & Rec,4.2,2024-02,2024Q1,0
RVA-11688,2025-10-07,Manchester,Parks & Public Spaces,Graffiti Removal,High,Closed,0.92,Mobile App,Public Works,1.0,2025-10,2025Q4,1
RVA-11689,2024-03-19,Museum District,Parks & Public Spaces,Tree Hazard,Low,Closed,5.36,Email,Public Works,3.8,2024-03,2024Q1,1
RVA-11690,2025-04-03,Lakeside,Road & Sidewalk,Street Light Out,Low,Resolved,9.91,Phone,Code Enforcement,2.1,2025-04,2025Q2,1
RVA-11691,2025-07-23,Highland Park,Noise & Nuisance,Abandoned Vehicle,Medium,Closed,12.3,Mobile App,Code Enforcement,1.7,2025-07,2025Q3,1
RVA-11692,2025-06-21,Oregon Hill,Sanitation,Illegal Dumping,Medium,Closed,0.18,Website,Code Enforcement,2.1,2025-06,2025Q2,1
RVA-11693,2025-04-26,Manchester,Noise & Nuisance,Property Maintenance,Emergency,Resolved,0.14,Mobile App,Police,4.9,2025-04,2025Q2,1
RVA-11694,2025-03-05,Ginter Park,Road & Sidewalk,Crosswalk Faded,Emergency,Resolved,0.11,Email,Public Utilities,4.6,2025-03,2025Q1,1
RVA-11695,2024-10-11,Ginter Park,Road & Sidewalk,Street Light Out,High,Closed,1.4,Email,Police,1.9,2024-10,2024Q4,1
RVA-11696,2025-05-30,Scott's Addition,Water & Utilities,Water Main Break,Medium,Resolved,2.81,Website,Code Enforcement,1.5,2025-05,2025Q2,1
RVA-11697,2024-04-08,Manchester,Public Safety,Missing Sign,Medium,In Progress,6.53,Mobile App,Public Utilities,2.5,2024-04,2024Q2,0
RVA-11698,2025-01-31,Ginter Park,Parks & Public Spaces,Playground Repair,Medium,Closed,1.39,Mobile App,Police,3.4,2025-01,2025Q1,1
RVA-11699,2025-05-03,The Fan,Noise & Nuisance,Noise Complaint,Emergency,Resolved,0.45,Phone,Public Works,4.5,2025-05,2025Q2,1
RVA-11700,2024-02-08,Manchester,Sanitation,Overflowing Bin,Medium,In Progress,10.76,Walk-in,Public Utilities,4.9,2024-02,2024Q1,0
RVA-11701,2024-09-27,Museum District,Road & Sidewalk,Street Light Out,Medium,Resolved,12.08,Mobile App,Code Enforcement,4.0,2024-09,2024Q3,1
RVA-11702,2024-06-05,Shockoe Bottom,Noise & Nuisance,Abandoned Vehicle,Low,Resolved,31.89,Mobile App,Public Works,3.4,2024-06,2024Q2,1
RVA-11703,2024-03-15,Shockoe Bottom,Noise & Nuisance,Abandoned Vehicle,Low,Closed,14.84,Mobile App,Public Utilities,1.6,2024-03,2024Q1,1
RVA-11704,2024-05-09,Museum District,Parks & Public Spaces,Park Maintenance,Emergency,Closed,1.18,Phone,Police,1.3,2024-05,2024Q2,1
RVA-11705,2025-11-17,Highland Park,Noise & Nuisance,Abandoned Vehicle,Medium,Resolved,1.34,Walk-in,Transportation,3.4,2025-11,2025Q4,1
RVA-11706,2024-03-24,Ginter Park,Road & Sidewalk,Street Light Out,Medium,Closed,1.1,Mobile App,Transportation,3.2,2024-03,2024Q1,1
RVA-11707,2024-01-22,Bon Air,Parks & Public Spaces,Tree Hazard,Low,Closed,0.07,Mobile App,Code Enforcement,4.4,2024-01,2024Q1,1
RVA-11708,2025-04-03,The Fan,Road & Sidewalk,Pothole Repair,High,Resolved,2.45,Website,Police,2.3,2025-04,2025Q2,1
RVA-11709,2025-06-22,Scott's Addition,Sanitation,Overflowing Bin,Low,Closed,27.72,Walk-in,Public Works,1.2,2025-06,2025Q2,1
RVA-11710,2025-12-07,Highland Park,Water & Utilities,Storm Drain Blocked,High,Resolved,0.41,Walk-in,Public Works,2.7,2025-12,2025Q4,1
RVA-11711,2025-01-16,Short Pump,Water & Utilities,Sewer Problem,Low,Resolved,10.13,Website,Public Works,4.9,2025-01,2025Q1,1
RVA-11712,2025-03-15,Manchester,Parks & Public Spaces,Graffiti Removal,High,Resolved,2.74,Mobile App,Public Utilities,4.2,2025-03,2025Q1,1
RVA-11713,2025-08-26,Scott's Addition,Noise & Nuisance,Noise Complaint,High,Closed,5.25,Phone,Code Enforcement,1.1,2025-08,2025Q3,1
RVA-11714,2024-01-21,Scott's Addition,Parks & Public Spaces,Playground Repair,Low,Resolved,10.41,Email,Transportation,4.5,2024-01,2024Q1,1
RVA-11715,2024-10-29,Museum District,Road & Sidewalk,Pothole Repair,Medium,Closed,17.58,Email,Public Works,2.9,2024-10,2024Q4,1
RVA-11716,2024-03-24,Shockoe Bottom,Public Safety,Hazardous Condition,Medium,Closed,2.11,Website,Police,2.5,2024-03,2024Q1,1
RVA-11717,2025-10-20,Bon Air,Public Safety,Traffic Signal Issue,Low,Open,4.31,Website,Code Enforcement,2.4,2025-10,2025Q4,0
RVA-11718,2025-03-28,Carytown,Road & Sidewalk,Street Light Out,High,Open,1.57,Email,Transportation,3.4,2025-03,2025Q1,0
RVA-11719,2025-01-21,Bon Air,Noise & Nuisance,Property Maintenance,Medium,Resolved,2.42,Phone,Police,3.1,2025-01,2025Q1,1
RVA-11720,2025-05-21,Ginter Park,Sanitation,Bulk Pickup Request,Medium,In Progress,0.01,Mobile App,Police,3.6,2025-05,2025Q2,0
RVA-11721,2024-09-13,Museum District,Water & Utilities,Storm Drain Blocked,Low,Resolved,13.16,Website,Public Works,3.3,2024-09,2024Q3,1
RVA-11722,2025-07-23,West End,Road & Sidewalk,Crosswalk Faded,Medium,Resolved,6.97,Email,Code Enforcement,1.6,2025-07,2025Q3,1
RVA-11723,2025-06-10,East End,Public Safety,Traffic Signal Issue,High,Resolved,2.75,Website,Parks & Rec,2.0,2025-06,2025Q2,1
RVA-11724,2024-06-10,Scott's Addition,Public Safety,Traffic Signal Issue,Medium,Resolved,2.12,Walk-in,Public Utilities,4.4,2024-06,2024Q2,1
RVA-11725,2024-06-11,Manchester,Public Safety,Traffic Signal Issue,Emergency,Resolved,0.37,Phone,Parks & Rec,3.7,2024-06,2024Q2,1
RVA-11726,2025-06-07,Short Pump,Noise & Nuisance,Animal Control,Emergency,Closed,0.22,Mobile App,Public Utilities,2.8,2025-06,2025Q2,1
RVA-11727,2024-09-27,Southside,Water & Utilities,Sewer Problem,Low,Closed,0.16,Mobile App,Code Enforcement,1.7,2024-09,2024Q3,1
RVA-11728,2025-05-06,Short Pump,Public Safety,Hazardous Condition,Low,Closed,8.27,Email,Transportation,1.0,2025-05,2025Q2,1
RVA-11729,2024-07-26,Museum District,Parks & Public Spaces,Graffiti Removal,High,Resolved,0.26,Phone,Public Works,2.2,2024-07,2024Q3,1
RVA-11730,2025-06-22,Museum District,Noise & Nuisance,Abandoned Vehicle,Medium,In Progress,0.42,Mobile App,Code Enforcement,1.2,2025-06,2025Q2,0
RVA-11731,2025-08-06,Lakeside,Parks & Public Spaces,Park Maintenance,Low,Closed,14.09,Email,Parks & Rec,2.9,2025-08,2025Q3,1
RVA-11732,2024-02-29,Museum District,Parks & Public Spaces,Tree Hazard,Medium,Closed,0.05,Phone,Police,4.3,2024-02,2024Q1,1
RVA-11733,2025-03-05,Short Pump,Public Safety,Hazardous Condition,Medium,Resolved,15.97,Walk-in,Public Utilities,2.1,2025-03,2025Q1,1
RVA-11734,2025-10-18,Fulton,Parks & Public Spaces,Playground Repair,High,Resolved,1.45,Phone,Public Utilities,4.4,2025-10,2025Q4,1
RVA-11735,2025-08-27,Southside,Public Safety,Hazardous Condition,Low,In Progress,40.76,Mobile App,Parks & Rec,3.8,2025-08,2025Q3,0
RVA-11736,2024-11-04,West End,Noise & Nuisance,Abandoned Vehicle,Low,Closed,0.6,Website,Public Works,1.5,2024-11,2024Q4,1
RVA-11737,2025-06-03,Northside,Sanitation,Illegal Dumping,Emergency,Resolved,0.44,Email,Code Enforcement,3.6,2025-06,2025Q2,1
RVA-11738,2025-08-13,Southside,Water & Utilities,Hydrant Issue,High,Open,0.86,Mobile App,Parks & Rec,1.6,2025-08,2025Q3,0
RVA-11739,2024-01-27,Northside,Road & Sidewalk,Street Light Out,Medium,Closed,9.27,Walk-in,Code Enforcement,3.6,2024-01,2024Q1,1
RVA-11740,2025-11-16,The Fan,Public Safety,Traffic Signal Issue,High,Resolved,0.9,Mobile App,Public Works,1.6,2025-11,2025Q4,1
RVA-11741,2025-07-15,Bon Air,Noise & Nuisance,Abandoned Vehicle,Medium,Resolved,1.51,Phone,Police,2.6,2025-07,2025Q3,1
RVA-11742,2024-07-17,The Fan,Road & Sidewalk,Pothole Repair,High,Resolved,3.9,Phone,Code Enforcement,3.3,2024-07,2024Q3,1
RVA-11743,2025-01-21,Oregon Hill,Road & Sidewalk,Crosswalk Faded,Medium,Resolved,2.35,Walk-in,Public Works,1.2,2025-01,2025Q1,1
RVA-11744,2024-12-14,Carytown,Sanitation,Bulk Pickup Request,Low,Resolved,0.17,Phone,Parks & Rec,1.6,2024-12,2024Q4,1
RVA-11745,2025-11-23,Carytown,Road & Sidewalk,Crosswalk Faded,High,Resolved,0.99,Phone,Transportation,2.3,2025-11,2025Q4,1
RVA-11746,2025-06-19,Highland Park,Road & Sidewalk,Pothole Repair,Medium,Resolved,5.31,Walk-in,Police,2.8,2025-06,2025Q2,1
RVA-11747,2025-01-12,Museum District,Road & Sidewalk,Street Light Out,Emergency,Closed,0.15,Mobile App,Police,4.4,2025-01,2025Q1,1
RVA-11748,2025-07-11,Highland Park,Water & Utilities,Hydrant Issue,Medium,Closed,2.83,Mobile App,Police,1.7,2025-07,2025Q3,1
RVA-11749,2025-06-10,Scott's Addition,Sanitation,Overflowing Bin,Emergency,Resolved,0.03,Mobile App,Public Utilities,2.4,2025-06,2025Q2,1
RVA-11750,2024-06-01,Scott's Addition,Public Safety,Unsafe Structure,Emergency,Resolved,0.44,Website,Transportation,2.9,2024-06,2024Q2,1
RVA-11751,2024-07-24,Scott's Addition,Road & Sidewalk,Street Light Out,Low,Closed,14.12,Phone,Public Works,2.2,2024-07,2024Q3,1
RVA-11752,2025-03-30,Southside,Parks & Public Spaces,Playground Repair,High,Open,1.07,Walk-in,Code Enforcement,3.5,2025-03,2025Q1,0
RVA-11753,2024-09-29,Highland Park,Parks & Public Spaces,Park Maintenance,Medium,Open,2.73,Phone,Parks & Rec,2.0,2024-09,2024Q3,0
RVA-11754,2024-08-23,Museum District,Noise & Nuisance,Animal Control,Emergency,Resolved,0.05,Mobile App,Police,4.1,2024-08,2024Q3,1
RVA-11755,2025-06-04,Oregon Hill,Public Safety,Unsafe Structure,Medium,Resolved,1.13,Walk-in,Police,3.0,2025-06,2025Q2,1
RVA-11756,2025-11-08,Bon Air,Noise & Nuisance,Abandoned Vehicle,High,Resolved,0.34,Mobile App,Police,1.3,2025-11,2025Q4,1
RVA-11757,2025-12-26,Carytown,Public Safety,Traffic Signal Issue,Medium,Closed,3.29,Email,Public Works,3.5,2025-12,2025Q4,1
RVA-11758,2025-05-15,Museum District,Sanitation,Bulk Pickup Request,Low,Resolved,7.53,Mobile App,Parks & Rec,3.3,2025-05,2025Q2,1
RVA-11759,2024-04-26,Museum District,Parks & Public Spaces,Playground Repair,Low,Closed,29.75,Mobile App,Public Works,2.4,2024-04,2024Q2,1
RVA-11760,2025-01-20,Carytown,Road & Sidewalk,Crosswalk Faded,Medium,In Progress,0.38,Phone,Parks & Rec,1.0,2025-01,2025Q1,0
RVA-11761,2024-12-09,Scott's Addition,Parks & Public Spaces,Tree Hazard,High,Closed,1.83,Mobile App,Code Enforcement,1.8,2024-12,2024Q4,1
RVA-11762,2025-08-06,The Fan,Road & Sidewalk,Crosswalk Faded,Medium,In Progress,3.74,Mobile App,Public Utilities,2.6,2025-08,2025Q3,0
RVA-11763,2025-01-29,Woodland Heights,Sanitation,Illegal Dumping,High,Resolved,1.45,Phone,Parks & Rec,1.8,2025-01,2025Q1,1
RVA-11764,2024-03-04,Northside,Parks & Public Spaces,Graffiti Removal,Medium,Resolved,10.32,Mobile App,Transportation,3.3,2024-03,2024Q1,1
RVA-11765,2025-12-17,Highland Park,Sanitation,Illegal Dumping,Medium,Resolved,1.15,Mobile App,Public Works,3.8,2025-12,2025Q4,1
RVA-11766,2025-12-21,Short Pump,Parks & Public Spaces,Playground Repair,Low,Closed,0.42,Mobile App,Public Works,4.4,2025-12,2025Q4,1
RVA-11767,2024-03-12,Northside,Public Safety,Unsafe Structure,High,Open,2.23,Phone,Public Works,3.6,2024-03,2024Q1,0
RVA-11768,2024-09-30,West End,Water & Utilities,Water Main Break,Emergency,Resolved,0.21,Phone,Public Utilities,3.8,2024-09,2024Q3,1
RVA-11769,2024-11-15,Bon Air,Noise & Nuisance,Noise Complaint,Medium,Resolved,0.09,Mobile App,Parks & Rec,3.4,2024-11,2024Q4,1
RVA-11770,2024-12-03,Carytown,Noise & Nuisance,Noise Complaint,Low,Closed,2.9,Phone,Parks & Rec,4.9,2024-12,2024Q4,1
RVA-11771,2024-12-31,Manchester,Road & Sidewalk,Street Light Out,Low,Open,3.7,Website,Parks & Rec,2.0,2024-12,2024Q4,0
RVA-11772,2025-05-09,West End,Public Safety,Hazardous Condition,High,Closed,1.92,Website,Parks & Rec,2.1,2025-05,2025Q2,1
RVA-11773,2025-08-29,Bon Air,Parks & Public Spaces,Graffiti Removal,Medium,Closed,0.95,Phone,Police,1.5,2025-08,2025Q3,1
RVA-11774,2024-06-14,Bon Air,Water & Utilities,Water Main Break,High,Closed,1.07,Mobile App,Police,2.9,2024-06,2024Q2,1
RVA-11775,2025-06-27,Southside,Water & Utilities,Water Main Break,Medium,In Progress,3.29,Phone,Transportation,1.4,2025-06,2025Q2,0
RVA-11776,2024-01-11,Shockoe Bottom,Water & Utilities,Sewer Problem,High,Resolved,1.23,Walk-in,Public Works,2.1,2024-01,2024Q1,1
RVA-11777,2024-10-27,Carytown,Sanitation,Bulk Pickup Request,High,Open,7.29,Phone,Police,2.9,2024-10,2024Q4,0
RVA-11778,2025-12-29,Bon Air,Parks & Public Spaces,Graffiti Removal,Medium,Closed,0.23,Mobile App,Parks & Rec,4.8,2025-12,2025Q4,1
RVA-11779,2024-04-11,Museum District,Sanitation,Bulk Pickup Request,Medium,Closed,15.08,Mobile App,Parks & Rec,4.9,2024-04,2024Q2,1
RVA-11780,2025-02-28,Shockoe Bottom,Road & Sidewalk,Street Light Out,Low,Resolved,8.72,Email,Police,4.0,2025-02,2025Q1,1
RVA-11781,2025-01-26,Bon Air,Water & Utilities,Sewer Problem,Medium,Closed,7.94,Website,Code Enforcement,2.6,2025-01,2025Q1,1
RVA-11782,2024-08-01,Carytown,Road & Sidewalk,Street Light Out,High,In Progress,1.13,Mobile App,Transportation,4.5,2024-08,2024Q3,0
RVA-11783,2025-11-21,West End,Water & Utilities,Hydrant Issue,Medium,Resolved,3.02,Mobile App,Public Works,4.5,2025-11,2025Q4,1
RVA-11784,2024-03-28,Southside,Parks & Public Spaces,Park Maintenance,High,Resolved,4.23,Walk-in,Public Utilities,4.6,2024-03,2024Q1,1
RVA-11785,2025-07-06,The Fan,Parks & Public Spaces,Playground Repair,Medium,Closed,11.31,Mobile App,Transportation,3.6,2025-07,2025Q3,1
RVA-11786,2025-02-04,Manchester,Sanitation,Missed Trash Pickup,Low,Closed,2.73,Phone,Public Works,1.8,2025-02,2025Q1,1
RVA-11787,2025-08-10,Church Hill,Public Safety,Missing Sign,Medium,Closed,1.11,Website,Public Works,1.4,2025-08,2025Q3,1
RVA-11788,2024-02-15,Northside,Parks & Public Spaces,Graffiti Removal,Medium,Closed,3.43,Phone,Public Works,4.7,2024-02,2024Q1,1
RVA-11789,2025-11-02,Museum District,Public Safety,Missing Sign,Medium,Resolved,11.53,Mobile App,Transportation,1.2,2025-11,2025Q4,1
RVA-11790,2025-04-07,The Fan,Sanitation,Bulk Pickup Request,Low,Closed,3.89,Mobile App,Transportation,2.2,2025-04,2025Q2,1
RVA-11791,2025-08-14,Bon Air,Parks & Public Spaces,Tree Hazard,Medium,Resolved,5.28,Email,Police,2.9,2025-08,2025Q3,1
RVA-11792,2024-11-05,Oregon Hill,Sanitation,Missed Trash Pickup,Low,Closed,12.32,Phone,Public Works,1.1,2024-11,2024Q4,1
RVA-11793,2024-03-26,Scott's Addition,Sanitation,Bulk Pickup Request,Low,Closed,15.08,Walk-in,Parks & Rec,4.6,2024-03,2024Q1,1
RVA-11794,2024-04-01,Scott's Addition,Road & Sidewalk,Pothole Repair,Medium,Open,4.15,Phone,Public Works,2.1,2024-04,2024Q2,0
RVA-11795,2025-10-21,Shockoe Bottom,Public Safety,Hazardous Condition,Medium,Resolved,2.57,Email,Parks & Rec,1.1,2025-10,2025Q4,1
RVA-11796,2025-11-03,Bon Air,Parks & Public Spaces,Tree Hazard,Emergency,Open,1.71,Email,Police,5.0,2025-11,2025Q4,0
RVA-11797,2025-12-14,Scott's Addition,Road & Sidewalk,Pothole Repair,Medium,Closed,4.73,Phone,Police,2.2,2025-12,2025Q4,1
RVA-11798,2024-08-29,Jackson Ward,Sanitation,Overflowing Bin,High,In Progress,2.61,Mobile App,Public Works,4.5,2024-08,2024Q3,0
RVA-11799,2024-01-02,Ginter Park,Road & Sidewalk,Pothole Repair,Medium,Resolved,2.12,Website,Transportation,2.8,2024-01,2024Q1,1
RVA-11800,2024-08-12,Southside,Water & Utilities,Water Main Break,High,Closed,2.22,Website,Parks & Rec,3.7,2024-08,2024Q3,1
RVA-11801,2025-08-11,Oregon Hill,Water & Utilities,Sewer Problem,Medium,Resolved,1.49,Phone,Parks & Rec,2.0,2025-08,2025Q3,1
RVA-11802,2024-04-25,Bon Air,Road & Sidewalk,Sidewalk Damage,Emergency,Resolved,0.14,Walk-in,Parks & Rec,3.0,2024-04,2024Q2,1
RVA-11803,2025-10-27,Highland Park,Public Safety,Unsafe Structure,Medium,Resolved,6.27,Mobile App,Parks & Rec,2.0,2025-10,2025Q4,1
RVA-11804,2024-04-12,Scott's Addition,Road & Sidewalk,Sidewalk Damage,High,In Progress,1.47,Mobile App,Public Utilities,4.8,2024-04,2024Q2,0
RVA-11805,2024-07-12,Southside,Road & Sidewalk,Crosswalk Faded,Medium,Closed,5.75,Website,Police,1.2,2024-07,2024Q3,1
RVA-11806,2024-06-14,Bon Air,Noise & Nuisance,Noise Complaint,Low,Resolved,3.14,Mobile App,Parks & Rec,2.1,2024-06,2024Q2,1
RVA-11807,2024-03-30,Museum District,Noise & Nuisance,Animal Control,High,Resolved,1.83,Phone,Public Utilities,4.6,2024-03,2024Q1,1
RVA-11808,2025-11-16,West End,Water & Utilities,Water Main Break,Low,Resolved,5.87,Email,Public Utilities,2.9,2025-11,2025Q4,1
RVA-11809,2024-05-01,Bon Air,Noise & Nuisance,Property Maintenance,Medium,Resolved,4.54,Website,Police,3.4,2024-05,2024Q2,1
RVA-11810,2024-05-22,West End,Water & Utilities,Storm Drain Blocked,Low,Closed,3.44,Email,Code Enforcement,3.6,2024-05,2024Q2,1
RVA-11811,2024-04-15,Carytown,Parks & Public Spaces,Tree Hazard,Medium,Closed,6.28,Website,Public Works,1.3,2024-04,2024Q2,1
RVA-11812,2025-03-03,Scott's Addition,Water & Utilities,Storm Drain Blocked,Emergency,Resolved,0.82,Website,Police,1.1,2025-03,2025Q1,1
RVA-11813,2024-10-31,Northside,Noise & Nuisance,Noise Complaint,Medium,Resolved,1.5,Phone,Code Enforcement,4.8,2024-10,2024Q4,1
RVA-11814,2024-11-12,Scott's Addition,Public Safety,Traffic Signal Issue,High,Resolved,0.72,Mobile App,Transportation,2.1,2024-11,2024Q4,1
RVA-11815,2025-09-26,Bon Air,Road & Sidewalk,Street Light Out,Medium,Resolved,5.41,Phone,Public Works,2.5,2025-09,2025Q3,1
RVA-11816,2024-01-09,Jackson Ward,Road & Sidewalk,Pothole Repair,Medium,Resolved,5.95,Mobile App,Public Works,3.7,2024-01,2024Q1,1
RVA-11817,2024-03-13,Museum District,Public Safety,Traffic Signal Issue,Emergency,Closed,0.61,Email,Public Works,1.9,2024-03,2024Q1,1
RVA-11818,2024-12-24,West End,Parks & Public Spaces,Graffiti Removal,High,Resolved,2.3,Mobile App,Public Utilities,3.9,2024-12,2024Q4,1
RVA-11819,2024-08-10,Short Pump,Parks & Public Spaces,Park Maintenance,High,In Progress,1.0,Mobile App,Parks & Rec,2.8,2024-08,2024Q3,0
RVA-11820,2025-02-19,Oregon Hill,Noise & Nuisance,Animal Control,Medium,Resolved,2.51,Website,Public Works,4.4,2025-02,2025Q1,1
RVA-11821,2025-07-06,The Fan,Noise & Nuisance,Animal Control,Medium,Open,1.47,Phone,Parks & Rec,2.1,2025-07,2025Q3,0
RVA-11822,2025-01-04,Northside,Water & Utilities,Storm Drain Blocked,Low,Closed,1.71,Mobile App,Public Works,1.8,2025-01,2025Q1,1
RVA-11823,2025-12-16,Ginter Park,Noise & Nuisance,Abandoned Vehicle,Medium,Resolved,5.9,Mobile App,Public Utilities,4.3,2025-12,2025Q4,1
RVA-11824,2024-09-20,West End,Road & Sidewalk,Pothole Repair,Medium,Resolved,0.49,Walk-in,Transportation,2.3,2024-09,2024Q3,1
RVA-11825,2025-11-20,Oregon Hill,Road & Sidewalk,Street Light Out,High,Resolved,5.55,Phone,Public Works,2.6,2025-11,2025Q4,1
RVA-11826,2024-11-13,Carytown,Parks & Public Spaces,Park Maintenance,High,Closed,3.51,Mobile App,Police,4.2,2024-11,2024Q4,1
RVA-11827,2024-03-24,Highland Park,Road & Sidewalk,Sidewalk Damage,Medium,In Progress,9.74,Phone,Code Enforcement,3.5,2024-03,2024Q1,0
RVA-11828,2024-11-13,Bon Air,Noise & Nuisance,Animal Control,Low,Closed,23.72,Mobile App,Public Works,2.8,2024-11,2024Q4,1
RVA-11829,2024-04-20,Oregon Hill,Parks & Public Spaces,Playground Repair,High,Resolved,1.05,Mobile App,Code Enforcement,2.0,2024-04,2024Q2,1
RVA-11830,2024-09-07,West End,Road & Sidewalk,Crosswalk Faded,Low,Closed,18.75,Email,Code Enforcement,4.1,2024-09,2024Q3,1
RVA-11831,2025-01-17,Museum District,Water & Utilities,Water Main Break,Medium,Closed,0.86,Phone,Public Utilities,1.7,2025-01,2025Q1,1
RVA-11832,2024-01-07,Lakeside,Sanitation,Overflowing Bin,Low,In Progress,0.22,Mobile App,Transportation,4.7,2024-01,2024Q1,0
RVA-11833,2025-04-03,Ginter Park,Road & Sidewalk,Street Light Out,Medium,Closed,7.68,Email,Code Enforcement,1.6,2025-04,2025Q2,1
RVA-11834,2024-03-24,The Fan,Public Safety,Traffic Signal Issue,Emergency,Closed,0.04,Website,Public Utilities,4.2,2024-03,2024Q1,1
RVA-11835,2024-07-26,Short Pump,Road & Sidewalk,Crosswalk Faded,Low,Open,44.68,Mobile App,Transportation,2.7,2024-07,2024Q3,0
RVA-11836,2025-01-24,Scott's Addition,Parks & Public Spaces,Playground Repair,Medium,In Progress,5.62,Phone,Public Works,1.7,2025-01,2025Q1,0
RVA-11837,2024-11-09,Manchester,Water & Utilities,Hydrant Issue,Medium,Resolved,7.0,Walk-in,Parks & Rec,2.6,2024-11,2024Q4,1
RVA-11838,2024-01-22,Southside,Water & Utilities,Sewer Problem,Emergency,Closed,0.14,Phone,Public Utilities,1.9,2024-01,2024Q1,1
RVA-11839,2025-02-13,The Fan,Sanitation,Overflowing Bin,High,Closed,2.24,Phone,Code Enforcement,1.5,2025-02,2025Q1,1
RVA-11840,2025-05-29,Northside,Road & Sidewalk,Crosswalk Faded,Low,Closed,0.44,Phone,Code Enforcement,2.0,2025-05,2025Q2,1
RVA-11841,2024-05-06,Scott's Addition,Public Safety,Hazardous Condition,Low,Closed,18.19,Phone,Public Works,4.5,2024-05,2024Q2,1
RVA-11842,2025-11-30,East End,Sanitation,Overflowing Bin,Medium,Closed,0.93,Website,Public Utilities,1.4,2025-11,2025Q4,1
RVA-11843,2024-01-14,Church Hill,Sanitation,Illegal Dumping,Medium,Resolved,5.98,Phone,Public Works,4.9,2024-01,2024Q1,1
RVA-11844,2024-01-12,West End,Parks & Public Spaces,Playground Repair,High,Resolved,0.51,Mobile App,Public Utilities,1.0,2024-01,2024Q1,1
RVA-11845,2024-03-27,East End,Water & Utilities,Hydrant Issue,Low,Closed,0.71,Walk-in,Parks & Rec,3.6,2024-03,2024Q1,1
RVA-11846,2025-06-07,Bon Air,Water & Utilities,Hydrant Issue,Low,Open,6.57,Mobile App,Police,4.4,2025-06,2025Q2,0
RVA-11847,2025-06-20,Bon Air,Public Safety,Missing Sign,High,Resolved,0.37,Phone,Public Works,4.7,2025-06,2025Q2,1
RVA-11848,2024-10-27,Scott's Addition,Noise & Nuisance,Noise Complaint,Low,Closed,13.07,Phone,Code Enforcement,1.6,2024-10,2024Q4,1
RVA-11849,2024-08-30,The Fan,Sanitation,Bulk Pickup Request,High,Resolved,0.54,Website,Public Works,3.8,2024-08,2024Q3,1
RVA-11850,2024-05-01,East End,Water & Utilities,Storm Drain Blocked,Low,Open,4.19,Phone,Public Utilities,1.4,2024-05,2024Q2,0
RVA-11851,2024-05-26,Northside,Water & Utilities,Hydrant Issue,Low,Open,8.38,Website,Public Works,2.4,2024-05,2024Q2,0
RVA-11852,2025-07-20,The Fan,Road & Sidewalk,Sidewalk Damage,Emergency,Resolved,0.17,Mobile App,Parks & Rec,3.9,2025-07,2025Q3,1
RVA-11853,2024-12-21,Carytown,Water & Utilities,Hydrant Issue,Medium,Closed,2.37,Website,Public Utilities,2.4,2024-12,2024Q4,1
RVA-11854,2025-11-15,Northside,Water & Utilities,Water Main Break,High,Resolved,3.38,Walk-in,Transportation,2.3,2025-11,2025Q4,1
RVA-11855,2025-09-22,Bon Air,Noise & Nuisance,Property Maintenance,Low,Resolved,1.97,Walk-in,Code Enforcement,1.5,2025-09,2025Q3,1
RVA-11856,2024-11-04,Bon Air,Road & Sidewalk,Street Light Out,Medium,Resolved,0.43,Phone,Code Enforcement,1.3,2024-11,2024Q4,1
RVA-11857,2025-11-25,Shockoe Bottom,Noise & Nuisance,Noise Complaint,High,Resolved,0.8,Mobile App,Public Utilities,1.5,2025-11,2025Q4,1
RVA-11858,2024-10-14,Oregon Hill,Noise & Nuisance,Abandoned Vehicle,Medium,Open,2.76,Mobile App,Transportation,4.5,2024-10,2024Q4,0
RVA-11859,2024-11-02,The Fan,Parks & Public Spaces,Tree Hazard,High,Resolved,1.56,Mobile App,Parks & Rec,1.0,2024-11,2024Q4,1
RVA-11860,2025-08-16,Museum District,Noise & Nuisance,Property Maintenance,Medium,Resolved,2.33,Phone,Public Works,3.8,2025-08,2025Q3,1
RVA-11861,2025-12-23,Highland Park,Road & Sidewalk,Pothole Repair,Medium,In Progress,7.8,Mobile App,Police,4.1,2025-12,2025Q4,0
RVA-11862,2025-10-23,Highland Park,Public Safety,Missing Sign,Medium,In Progress,0.2,Email,Code Enforcement,3.3,2025-10,2025Q4,0
RVA-11863,2025-07-02,Lakeside,Water & Utilities,Hydrant Issue,Medium,Closed,2.83,Walk-in,Parks & Rec,3.9,2025-07,2025Q3,1
RVA-11864,2024-12-17,Carytown,Water & Utilities,Hydrant Issue,Low,Closed,4.82,Mobile App,Parks & Rec,3.6,2024-12,2024Q4,1
RVA-11865,2024-11-07,Oregon Hill,Parks & Public Spaces,Playground Repair,Medium,Closed,5.21,Phone,Parks & Rec,2.8,2024-11,2024Q4,1
RVA-11866,2024-02-28,Bon Air,Sanitation,Bulk Pickup Request,Medium,Resolved,16.95,Website,Public Works,2.5,2024-02,2024Q1,1
RVA-11867,2025-10-04,Scott's Addition,Sanitation,Illegal Dumping,Medium,Open,3.57,Mobile App,Parks & Rec,4.8,2025-10,2025Q4,0
RVA-11868,2025-12-14,Manchester,Road & Sidewalk,Sidewalk Damage,High,Closed,8.67,Phone,Parks & Rec,4.9,2025-12,2025Q4,1
RVA-11869,2024-02-04,West End,Road & Sidewalk,Crosswalk Faded,Medium,In Progress,1.8,Phone,Public Utilities,3.6,2024-02,2024Q1,0
RVA-11870,2025-03-20,West End,Road & Sidewalk,Pothole Repair,Emergency,Closed,0.02,Mobile App,Public Utilities,1.8,2025-03,2025Q1,1
RVA-11871,2024-04-02,Bon Air,Sanitation,Overflowing Bin,Medium,Closed,0.91,Website,Parks & Rec,2.8,2024-04,2024Q2,1
RVA-11872,2024-07-25,Oregon Hill,Noise & Nuisance,Animal Control,Medium,Closed,2.51,Email,Parks & Rec,3.0,2024-07,2024Q3,1
RVA-11873,2024-12-18,Short Pump,Parks & Public Spaces,Park Maintenance,High,Closed,0.76,Phone,Public Utilities,4.0,2024-12,2024Q4,1
RVA-11874,2024-11-27,Museum District,Public Safety,Unsafe Structure,Medium,Closed,0.51,Phone,Public Works,3.7,2024-11,2024Q4,1
RVA-11875,2025-12-25,Bon Air,Parks & Public Spaces,Tree Hazard,Medium,Closed,2.83,Mobile App,Public Utilities,3.1,2025-12,2025Q4,1
RVA-11876,2024-06-07,Highland Park,Parks & Public Spaces,Playground Repair,Low,Resolved,4.13,Walk-in,Public Utilities,3.7,2024-06,2024Q2,1
RVA-11877,2024-01-24,Ginter Park,Water & Utilities,Hydrant Issue,Medium,Closed,0.65,Walk-in,Public Utilities,1.1,2024-01,2024Q1,1
RVA-11878,2025-02-07,Carytown,Noise & Nuisance,Abandoned Vehicle,Medium,In Progress,1.76,Mobile App,Public Utilities,4.1,2025-02,2025Q1,0
RVA-11879,2025-05-30,Highland Park,Public Safety,Traffic Signal Issue,Emergency,Closed,1.09,Walk-in,Police,1.8,2025-05,2025Q2,1
RVA-11880,2024-12-29,Museum District,Sanitation,Illegal Dumping,Medium,Resolved,1.8,Mobile App,Code Enforcement,3.6,2024-12,2024Q4,1
RVA-11881,2025-01-16,The Fan,Sanitation,Overflowing Bin,High,In Progress,2.5,Mobile App,Public Works,1.5,2025-01,2025Q1,0
RVA-11882,2025-06-15,The Fan,Sanitation,Illegal Dumping,High,Closed,1.89,Website,Transportation,1.5,2025-06,2025Q2,1
RVA-11883,2024-05-31,East End,Parks & Public Spaces,Playground Repair,Medium,Open,2.79,Phone,Public Works,1.1,2024-05,2024Q2,0
RVA-11884,2025-07-15,Oregon Hill,Parks & Public Spaces,Park Maintenance,Medium,Closed,1.37,Phone,Parks & Rec,4.6,2025-07,2025Q3,1
RVA-11885,2025-11-19,Ginter Park,Public Safety,Hazardous Condition,High,Resolved,0.92,Website,Police,3.4,2025-11,2025Q4,1
RVA-11886,2025-08-30,West End,Public Safety,Unsafe Structure,High,Closed,1.79,Mobile App,Parks & Rec,2.4,2025-08,2025Q3,1
RVA-11887,2025-09-08,The Fan,Sanitation,Missed Trash Pickup,Low,Closed,4.32,Mobile App,Public Works,4.2,2025-09,2025Q3,1
RVA-11888,2025-02-23,West End,Parks & Public Spaces,Playground Repair,Medium,Closed,1.21,Phone,Public Works,3.5,2025-02,2025Q1,1
RVA-11889,2024-09-06,Shockoe Bottom,Noise & Nuisance,Property Maintenance,Medium,Resolved,0.62,Mobile App,Transportation,3.5,2024-09,2024Q3,1
RVA-11890,2024-04-26,Museum District,Sanitation,Bulk Pickup Request,Low,Open,21.18,Mobile App,Transportation,2.9,2024-04,2024Q2,0
RVA-11891,2025-05-26,Southside,Noise & Nuisance,Abandoned Vehicle,Medium,Closed,2.9,Mobile App,Parks & Rec,1.0,2025-05,2025Q2,1
RVA-11892,2025-07-31,Ginter Park,Noise & Nuisance,Noise Complaint,High,In Progress,1.96,Walk-in,Code Enforcement,2.0,2025-07,2025Q3,0
RVA-11893,2024-11-30,Museum District,Noise & Nuisance,Abandoned Vehicle,Medium,Resolved,3.37,Email,Parks & Rec,1.4,2024-11,2024Q4,1
RVA-11894,2025-02-21,Highland Park,Road & Sidewalk,Pothole Repair,High,Resolved,4.12,Mobile App,Code Enforcement,3.6,2025-02,2025Q1,1
RVA-11895,2024-10-21,Highland Park,Parks & Public Spaces,Graffiti Removal,Medium,Resolved,3.96,Mobile App,Code Enforcement,2.0,2024-10,2024Q4,1
RVA-11896,2025-01-05,Museum District,Public Safety,Traffic Signal Issue,Medium,In Progress,3.28,Website,Public Utilities,2.8,2025-01,2025Q1,0
RVA-11897,2024-07-04,Lakeside,Road & Sidewalk,Sidewalk Damage,Low,In Progress,25.85,Email,Public Works,2.4,2024-07,2024Q3,0
RVA-11898,2024-09-02,West End,Public Safety,Unsafe Structure,High,In Progress,2.54,Mobile App,Public Utilities,1.6,2024-09,2024Q3,0
RVA-11899,2025-09-28,The Fan,Sanitation,Missed Trash Pickup,High,Closed,0.24,Walk-in,Public Works,4.8,2025-09,2025Q3,1
RVA-11900,2024-09-24,Fulton,Water & Utilities,Water Main Break,High,Open,0.39,Phone,Public Utilities,4.7,2024-09,2024Q3,0
RVA-11901,2025-10-04,Highland Park,Road & Sidewalk,Crosswalk Faded,Low,Closed,15.47,Email,Code Enforcement,1.3,2025-10,2025Q4,1
RVA-11902,2024-08-24,Scott's Addition,Noise & Nuisance,Noise Complaint,Low,In Progress,18.07,Mobile App,Public Utilities,4.3,2024-08,2024Q3,0
RVA-11903,2025-06-13,Bon Air,Sanitation,Missed Trash Pickup,Low,In Progress,7.88,Email,Police,3.0,2025-06,2025Q2,0
RVA-11904,2025-07-05,Shockoe Bottom,Public Safety,Unsafe Structure,Medium,Resolved,4.04,Phone,Public Utilities,4.1,2025-07,2025Q3,1
RVA-11905,2024-01-21,Bon Air,Sanitation,Illegal Dumping,High,Open,2.0,Email,Transportation,1.6,2024-01,2024Q1,0
RVA-11906,2025-06-03,Manchester,Noise & Nuisance,Animal Control,Low,Resolved,5.78,Phone,Transportation,1.5,2025-06,2025Q2,1
RVA-11907,2024-04-09,Highland Park,Parks & Public Spaces,Park Maintenance,High,Closed,2.28,Phone,Public Utilities,4.6,2024-04,2024Q2,1
RVA-11908,2025-04-22,Museum District,Water & Utilities,Sewer Problem,Medium,Open,0.57,Walk-in,Public Utilities,4.6,2025-04,2025Q2,0
RVA-11909,2025-08-21,West End,Noise & Nuisance,Abandoned Vehicle,High,Closed,6.5,Website,Police,2.9,2025-08,2025Q3,1
RVA-11910,2024-10-24,Shockoe Bottom,Water & Utilities,Hydrant Issue,Emergency,Resolved,0.69,Website,Public Works,4.5,2024-10,2024Q4,1
RVA-11911,2025-06-09,Scott's Addition,Parks & Public Spaces,Graffiti Removal,Low,In Progress,9.97,Phone,Public Utilities,3.7,2025-06,2025Q2,0
RVA-11912,2024-11-29,Carytown,Noise & Nuisance,Animal Control,Emergency,In Progress,0.19,Website,Public Works,1.7,2024-11,2024Q4,0
RVA-11913,2024-01-02,Ginter Park,Noise & Nuisance,Animal Control,Low,Closed,1.75,Email,Transportation,2.3,2024-01,2024Q1,1
RVA-11914,2025-01-09,Scott's Addition,Sanitation,Bulk Pickup Request,Medium,In Progress,2.63,Mobile App,Parks & Rec,1.5,2025-01,2025Q1,0
RVA-11915,2024-10-19,West End,Water & Utilities,Water Main Break,High,Closed,2.17,Phone,Code Enforcement,4.1,2024-10,2024Q4,1
RVA-11916,2025-07-06,Ginter Park,Noise & Nuisance,Abandoned Vehicle,Emergency,Resolved,0.5,Walk-in,Parks & Rec,4.9,2025-07,2025Q3,1
RVA-11917,2024-11-13,Bon Air,Parks & Public Spaces,Graffiti Removal,Medium,Open,2.41,Website,Police,3.2,2024-11,2024Q4,0
RVA-11918,2025-05-16,Carytown,Noise & Nuisance,Abandoned Vehicle,Medium,Resolved,4.75,Walk-in,Police,3.6,2025-05,2025Q2,1
RVA-11919,2025-01-15,Bon Air,Parks & Public Spaces,Park Maintenance,High,Closed,3.36,Walk-in,Public Works,4.0,2025-01,2025Q1,1
RVA-11920,2025-09-14,Shockoe Bottom,Parks & Public Spaces,Graffiti Removal,High,Closed,0.05,Website,Public Works,1.9,2025-09,2025Q3,1
RVA-11921,2024-01-14,West End,Sanitation,Overflowing Bin,Low,Resolved,5.99,Website,Public Utilities,2.3,2024-01,2024Q1,1
RVA-11922,2025-05-18,West End,Sanitation,Bulk Pickup Request,High,Closed,2.84,Email,Parks & Rec,2.6,2025-05,2025Q2,1
RVA-11923,2024-08-18,The Fan,Sanitation,Bulk Pickup Request,Medium,In Progress,3.95,Walk-in,Public Works,3.4,2024-08,2024Q3,0
RVA-11924,2024-03-24,Scott's Addition,Noise & Nuisance,Noise Complaint,Medium,Closed,5.27,Walk-in,Transportation,4.4,2024-03,2024Q1,1
RVA-11925,2024-05-09,Museum District,Water & Utilities,Water Main Break,Medium,Closed,3.64,Mobile App,Public Works,2.0,2024-05,2024Q2,1
RVA-11926,2024-05-24,Museum District,Water & Utilities,Water Main Break,Medium,Closed,24.06,Mobile App,Transportation,2.9,2024-05,2024Q2,1
RVA-11927,2024-01-28,Bon Air,Road & Sidewalk,Sidewalk Damage,Emergency,Closed,0.03,Phone,Public Works,4.0,2024-01,2024Q1,1
RVA-11928,2024-03-06,Oregon Hill,Road & Sidewalk,Crosswalk Faded,Medium,Resolved,3.38,Website,Code Enforcement,1.3,2024-03,2024Q1,1
RVA-11929,2024-06-11,Bon Air,Noise & Nuisance,Abandoned Vehicle,Emergency,Closed,0.05,Mobile App,Public Works,3.1,2024-06,2024Q2,1
RVA-11930,2024-08-16,Museum District,Parks & Public Spaces,Playground Repair,Low,Resolved,1.74,Mobile App,Code Enforcement,1.6,2024-08,2024Q3,1
RVA-11931,2024-09-17,Bon Air,Public Safety,Unsafe Structure,High,Resolved,0.97,Mobile App,Police,3.2,2024-09,2024Q3,1
RVA-11932,2025-03-24,West End,Public Safety,Traffic Signal Issue,High,Resolved,0.34,Website,Public Utilities,4.1,2025-03,2025Q1,1
RVA-11933,2025-02-27,Ginter Park,Public Safety,Hazardous Condition,High,Resolved,6.63,Walk-in,Parks & Rec,1.9,2025-02,2025Q1,1
RVA-11934,2025-04-04,Carytown,Sanitation,Illegal Dumping,Medium,Resolved,14.67,Email,Public Works,4.4,2025-04,2025Q2,1
RVA-11935,2025-11-06,Northside,Noise & Nuisance,Abandoned Vehicle,Medium,Resolved,2.05,Phone,Code Enforcement,2.3,2025-11,2025Q4,1
RVA-11936,2024-10-27,Church Hill,Public Safety,Unsafe Structure,High,In Progress,2.04,Phone,Public Works,1.8,2024-10,2024Q4,0
RVA-11937,2024-10-29,Manchester,Public Safety,Unsafe Structure,High,Resolved,1.53,Phone,Public Works,2.9,2024-10,2024Q4,1
RVA-11938,2024-10-13,Southside,Sanitation,Illegal Dumping,Low,Closed,16.91,Phone,Code Enforcement,4.5,2024-10,2024Q4,1
RVA-11939,2025-01-29,West End,Public Safety,Unsafe Structure,High,Resolved,1.97,Website,Public Works,1.3,2025-01,2025Q1,1
RVA-11940,2024-01-10,The Fan,Water & Utilities,Sewer Problem,Medium,Closed,0.0,Phone,Parks & Rec,2.3,2024-01,2024Q1,1
RVA-11941,2025-12-07,Short Pump,Sanitation,Overflowing Bin,Medium,In Progress,7.2,Mobile App,Transportation,3.6,2025-12,2025Q4,0
RVA-11942,2025-09-21,Northside,Sanitation,Overflowing Bin,High,Resolved,2.75,Phone,Transportation,2.4,2025-09,2025Q3,1
RVA-11943,2024-09-26,The Fan,Water & Utilities,Water Main Break,Medium,In Progress,3.56,Mobile App,Transportation,1.3,2024-09,2024Q3,0
RVA-11944,2025-08-14,Lakeside,Sanitation,Bulk Pickup Request,High,In Progress,4.66,Mobile App,Transportation,2.3,2025-08,2025Q3,0
RVA-11945,2025-08-27,West End,Sanitation,Bulk Pickup Request,Medium,Resolved,11.95,Phone,Police,4.3,2025-08,2025Q3,1
RVA-11946,2024-12-26,The Fan,Sanitation,Overflowing Bin,Low,Resolved,7.42,Mobile App,Public Utilities,4.9,2024-12,2024Q4,1
RVA-11947,2024-09-13,Highland Park,Sanitation,Missed Trash Pickup,Medium,Resolved,4.68,Phone,Public Works,1.2,2024-09,2024Q3,1
RVA-11948,2024-05-12,Northside,Parks & Public Spaces,Graffiti Removal,Low,Resolved,56.61,Mobile App,Code Enforcement,3.3,2024-05,2024Q2,1
RVA-11949,2024-10-02,Ginter Park,Road & Sidewalk,Crosswalk Faded,High,Closed,0.71,Website,Parks & Rec,1.4,2024-10,2024Q4,1
RVA-11950,2025-11-13,Scott's Addition,Water & Utilities,Sewer Problem,Medium,In Progress,1.96,Email,Public Works,3.7,2025-11,2025Q4,0
RVA-11951,2025-05-27,Ginter Park,Road & Sidewalk,Pothole Repair,Medium,Open,1.01,Phone,Police,1.0,2025-05,2025Q2,0
RVA-11952,2024-11-08,Carytown,Water & Utilities,Water Main Break,Low,Closed,22.62,Website,Police,1.1,2024-11,2024Q4,1
RVA-11953,2025-07-29,Jackson Ward,Road & Sidewalk,Sidewalk Damage,Medium,Open,6.82,Email,Code Enforcement,4.1,2025-07,2025Q3,0
RVA-11954,2024-10-10,Shockoe Bottom,Road & Sidewalk,Street Light Out,High,Closed,0.22,Phone,Public Works,1.3,2024-10,2024Q4,1
RVA-11955,2024-04-30,Ginter Park,Parks & Public Spaces,Graffiti Removal,Low,Resolved,40.05,Mobile App,Transportation,2.2,2024-04,2024Q2,1
RVA-11956,2024-04-16,West End,Road & Sidewalk,Pothole Repair,Medium,Resolved,6.56,Mobile App,Public Works,4.8,2024-04,2024Q2,1
RVA-11957,2025-11-17,The Fan,Road & Sidewalk,Street Light Out,Emergency,Resolved,0.95,Phone,Public Works,4.9,2025-11,2025Q4,1
RVA-11958,2024-07-22,The Fan,Sanitation,Bulk Pickup Request,High,Resolved,0.1,Website,Police,1.6,2024-07,2024Q3,1
RVA-11959,2024-06-13,Scott's Addition,Water & Utilities,Sewer Problem,High,In Progress,1.41,Mobile App,Public Works,3.2,2024-06,2024Q2,0
RVA-11960,2024-10-31,Church Hill,Road & Sidewalk,Crosswalk Faded,Low,Closed,11.99,Walk-in,Transportation,3.2,2024-10,2024Q4,1
RVA-11961,2025-05-11,Southside,Road & Sidewalk,Crosswalk Faded,Medium,Resolved,3.91,Mobile App,Public Works,2.8,2025-05,2025Q2,1
RVA-11962,2025-09-23,East End,Noise & Nuisance,Abandoned Vehicle,High,In Progress,2.2,Email,Public Works,4.7,2025-09,2025Q3,0
RVA-11963,2025-07-09,Bon Air,Sanitation,Bulk Pickup Request,High,Resolved,3.41,Email,Public Works,4.0,2025-07,2025Q3,1
RVA-11964,2024-06-04,Bon Air,Water & Utilities,Sewer Problem,Medium,In Progress,2.34,Email,Transportation,4.1,2024-06,2024Q2,0
RVA-11965,2025-01-01,East End,Public Safety,Hazardous Condition,High,Open,3.78,Walk-in,Transportation,2.1,2025-01,2025Q1,0
RVA-11966,2025-12-19,The Fan,Public Safety,Missing Sign,Medium,Resolved,0.89,Mobile App,Code Enforcement,2.7,2025-12,2025Q4,1
RVA-11967,2025-09-11,Oregon Hill,Parks & Public Spaces,Tree Hazard,Low,Resolved,3.16,Website,Police,2.9,2025-09,2025Q3,1
RVA-11968,2024-09-07,Short Pump,Parks & Public Spaces,Tree Hazard,High,Resolved,0.09,Mobile App,Public Utilities,2.2,2024-09,2024Q3,1
RVA-11969,2024-11-29,Lakeside,Parks & Public Spaces,Playground Repair,High,In Progress,0.91,Walk-in,Code Enforcement,1.4,2024-11,2024Q4,0
RVA-11970,2025-10-03,Northside,Public Safety,Unsafe Structure,Medium,Resolved,2.39,Mobile App,Transportation,1.5,2025-10,2025Q4,1
RVA-11971,2025-05-25,Bon Air,Noise & Nuisance,Abandoned Vehicle,High,Open,3.27,Mobile App,Public Works,1.7,2025-05,2025Q2,0
RVA-11972,2024-10-19,Fulton,Parks & Public Spaces,Playground Repair,Medium,Resolved,5.29,Email,Public Utilities,1.8,2024-10,2024Q4,1
RVA-11973,2024-01-20,Carytown,Sanitation,Illegal Dumping,Medium,Resolved,2.87,Mobile App,Parks & Rec,2.0,2024-01,2024Q1,1
RVA-11974,2024-10-08,Scott's Addition,Public Safety,Unsafe Structure,High,Closed,2.11,Mobile App,Public Utilities,2.0,2024-10,2024Q4,1
RVA-11975,2024-01-01,Ginter Park,Noise & Nuisance,Noise Complaint,High,Closed,0.11,Phone,Code Enforcement,2.8,2024-01,2024Q1,1
RVA-11976,2024-04-28,Ginter Park,Parks & Public Spaces,Tree Hazard,Medium,Closed,0.99,Website,Police,3.0,2024-04,2024Q2,1
RVA-11977,2024-02-04,Scott's Addition,Parks & Public Spaces,Playground Repair,Low,Closed,9.86,Website,Code Enforcement,2.2,2024-02,2024Q1,1
RVA-11978,2024-07-16,West End,Parks & Public Spaces,Playground Repair,Low,Closed,10.25,Website,Police,4.6,2024-07,2024Q3,1
RVA-11979,2025-04-29,East End,Parks & Public Spaces,Graffiti Removal,High,Closed,2.98,Walk-in,Police,3.2,2025-04,2025Q2,1
RVA-11980,2024-02-28,Museum District,Public Safety,Traffic Signal Issue,Medium,Closed,2.58,Mobile App,Transportation,4.1,2024-02,2024Q1,1
RVA-11981,2024-06-09,Shockoe Bottom,Sanitation,Overflowing Bin,High,Closed,2.56,Phone,Police,4.7,2024-06,2024Q2,1
RVA-11982,2025-11-21,Fulton,Noise & Nuisance,Property Maintenance,Emergency,Closed,0.58,Website,Parks & Rec,1.7,2025-11,2025Q4,1
RVA-11983,2024-07-24,East End,Water & Utilities,Hydrant Issue,High,Open,6.62,Website,Public Utilities,2.7,2024-07,2024Q3,0
RVA-11984,2024-01-12,Shockoe Bottom,Road & Sidewalk,Crosswalk Faded,Medium,Open,1.21,Phone,Code Enforcement,2.7,2024-01,2024Q1,0
RVA-11985,2025-05-04,West End,Sanitation,Bulk Pickup Request,High,Closed,1.6,Mobile App,Code Enforcement,2.4,2025-05,2025Q2,1
RVA-11986,2024-10-02,West End,Parks & Public Spaces,Park Maintenance,Medium,Resolved,4.6,Mobile App,Police,1.0,2024-10,2024Q4,1
RVA-11987,2025-11-23,Fulton,Road & Sidewalk,Street Light Out,Low,Closed,66.06,Mobile App,Transportation,4.3,2025-11,2025Q4,1
RVA-11988,2024-08-29,Scott's Addition,Public Safety,Missing Sign,Low,Resolved,2.25,Mobile App,Parks & Rec,1.4,2024-08,2024Q3,1
RVA-11989,2024-08-03,Bon Air,Noise & Nuisance,Abandoned Vehicle,Medium,Resolved,3.7,Mobile App,Parks & Rec,5.0,2024-08,2024Q3,1
RVA-11990,2024-09-07,Shockoe Bottom,Sanitation,Missed Trash Pickup,Emergency,Closed,0.21,Phone,Public Works,4.1,2024-09,2024Q3,1
RVA-11991,2024-05-05,Northside,Parks & Public Spaces,Tree Hazard,Low,Closed,7.46,Mobile App,Parks & Rec,3.3,2024-05,2024Q2,1
RVA-11992,2024-08-04,East End,Road & Sidewalk,Pothole Repair,Low,In Progress,2.64,Website,Police,1.6,2024-08,2024Q3,0
RVA-11993,2024-11-01,Museum District,Public Safety,Unsafe Structure,Emergency,Closed,0.02,Walk-in,Police,3.1,2024-11,2024Q4,1
RVA-11994,2024-07-03,Museum District,Public Safety,Hazardous Condition,Low,Closed,8.5,Phone,Public Utilities,2.0,2024-07,2024Q3,1
RVA-11995,2024-02-08,Fulton,Sanitation,Missed Trash Pickup,High,Resolved,0.82,Phone,Police,2.0,2024-02,2024Q1,1
RVA-11996,2024-08-10,East End,Public Safety,Missing Sign,Medium,Resolved,1.0,Email,Public Utilities,4.3,2024-08,2024Q3,1
RVA-11997,2024-07-02,Museum District,Parks & Public Spaces,Park Maintenance,Low,Open,3.91,Phone,Parks & Rec,2.5,2024-07,2024Q3,0
RVA-11998,2025-05-09,Carytown,Noise & Nuisance,Property Maintenance,Emergency,Open,0.03,Email,Public Works,2.8,2025-05,2025Q2,0
RVA-11999,2025-03-02,The Fan,Water & Utilities,Hydrant Issue,Low,Resolved,30.05,Mobile App,Transportation,4.4,2025-03,2025Q1,1
RVA-12000,2024-06-26,Carytown,Road & Sidewalk,Sidewalk Damage,Medium,In Progress,4.35,Walk-in,Code Enforcement,1.4,2024-06,2024Q2,0
RVA-12001,2025-03-03,Bon Air,Sanitation,Illegal Dumping,Medium,In Progress,8.43,Phone,Police,3.4,2025-03,2025Q1,0
RVA-12002,2024-10-20,Highland Park,Road & Sidewalk,Crosswalk Faded,Low,Closed,5.5,Mobile App,Parks & Rec,3.3,2024-10,2024Q4,1
RVA-12003,2024-05-30,Bon Air,Noise & Nuisance,Property Maintenance,Low,Resolved,23.36,Email,Police,2.7,2024-05,2024Q2,1
RVA-12004,2025-01-18,The Fan,Noise & Nuisance,Property Maintenance,Low,Resolved,6.6,Email,Public Utilities,4.3,2025-01,2025Q1,1
RVA-12005,2025-09-29,West End,Water & Utilities,Storm Drain Blocked,Low,In Progress,8.53,Phone,Parks & Rec,4.8,2025-09,2025Q3,0
RVA-12006,2024-11-03,The Fan,Public Safety,Unsafe Structure,High,Closed,1.35,Email,Code Enforcement,2.9,2024-11,2024Q4,1
RVA-12007,2024-12-01,Highland Park,Sanitation,Overflowing Bin,Medium,Closed,6.61,Mobile App,Public Utilities,2.8,2024-12,2024Q4,1
RVA-12008,2025-01-09,Oregon Hill,Parks & Public Spaces,Graffiti Removal,Medium,Resolved,4.18,Website,Parks & Rec,3.0,2025-01,2025Q1,1
RVA-12009,2024-01-08,Carytown,Sanitation,Overflowing Bin,Medium,Closed,1.58,Mobile App,Transportation,3.9,2024-01,2024Q1,1
RVA-12010,2024-12-06,Northside,Water & Utilities,Storm Drain Blocked,Emergency,Closed,0.08,Mobile App,Transportation,3.7,2024-12,2024Q4,1
RVA-12011,2024-05-08,Scott's Addition,Sanitation,Bulk Pickup Request,Emergency,Closed,0.47,Website,Code Enforcement,1.9,2024-05,2024Q2,1
RVA-12012,2025-10-30,East End,Noise & Nuisance,Abandoned Vehicle,High,Closed,1.34,Phone,Transportation,1.3,2025-10,2025Q4,1
RVA-12013,2024-12-17,East End,Road & Sidewalk,Pothole Repair,High,In Progress,0.2,Mobile App,Public Utilities,4.8,2024-12,2024Q4,0
RVA-12014,2024-12-23,West End,Public Safety,Unsafe Structure,Medium,Resolved,2.52,Phone,Code Enforcement,2.0,2024-12,2024Q4,1
RVA-12015,2025-05-31,Bon Air,Road & Sidewalk,Sidewalk Damage,Medium,Open,3.62,Mobile App,Parks & Rec,3.6,2025-05,2025Q2,0
RVA-12016,2025-05-09,Oregon Hill,Road & Sidewalk,Crosswalk Faded,Medium,Open,8.77,Website,Public Utilities,4.3,2025-05,2025Q2,0
RVA-12017,2024-03-26,Museum District,Road & Sidewalk,Pothole Repair,Medium,In Progress,0.4,Mobile App,Transportation,2.2,2024-03,2024Q1,0
RVA-12018,2024-06-23,Highland Park,Public Safety,Missing Sign,Medium,Closed,2.14,Walk-in,Public Works,3.5,2024-06,2024Q2,1
RVA-12019,2024-07-11,Northside,Sanitation,Overflowing Bin,Medium,Resolved,8.65,Mobile App,Police,1.4,2024-07,2024Q3,1
RVA-12020,2024-11-06,The Fan,Public Safety,Traffic Signal Issue,Emergency,Closed,0.52,Phone,Transportation,4.9,2024-11,2024Q4,1
RVA-12021,2024-04-28,Ginter Park,Parks & Public Spaces,Park Maintenance,High,Resolved,0.68,Mobile App,Public Works,1.2,2024-04,2024Q2,1
RVA-12022,2024-08-05,The Fan,Road & Sidewalk,Pothole Repair,Medium,Resolved,9.33,Website,Code Enforcement,2.8,2024-08,2024Q3,1
RVA-12023,2025-03-02,Shockoe Bottom,Water & Utilities,Hydrant Issue,High,Resolved,1.36,Mobile App,Parks & Rec,3.1,2025-03,2025Q1,1
RVA-12024,2025-02-17,Carytown,Noise & Nuisance,Abandoned Vehicle,Medium,Resolved,3.45,Phone,Police,4.2,2025-02,2025Q1,1
RVA-12025,2024-04-23,The Fan,Parks & Public Spaces,Playground Repair,Low,Closed,37.54,Mobile App,Parks & Rec,1.5,2024-04,2024Q2,1
RVA-12026,2024-05-24,The Fan,Sanitation,Bulk Pickup Request,Medium,Closed,14.7,Walk-in,Code Enforcement,2.8,2024-05,2024Q2,1
RVA-12027,2025-06-21,The Fan,Public Safety,Unsafe Structure,Medium,Open,2.22,Mobile App,Parks & Rec,2.2,2025-06,2025Q2,0
RVA-12028,2025-10-09,Museum District,Public Safety,Missing Sign,Low,Closed,1.51,Walk-in,Public Utilities,2.2,2025-10,2025Q4,1
RVA-12029,2024-10-29,Scott's Addition,Public Safety,Unsafe Structure,High,Closed,0.79,Mobile App,Public Utilities,4.1,2024-10,2024Q4,1
RVA-12030,2025-08-10,Carytown,Road & Sidewalk,Pothole Repair,Medium,In Progress,0.15,Mobile App,Transportation,1.0,2025-08,2025Q3,0
RVA-12031,2024-12-10,East End,Parks & Public Spaces,Park Maintenance,Medium,Closed,0.1,Mobile App,Transportation,4.0,2024-12,2024Q4,1
RVA-12032,2024-01-01,Scott's Addition,Parks & Public Spaces,Playground Repair,Low,Resolved,5.03,Mobile App,Transportation,4.2,2024-01,2024Q1,1
RVA-12033,2024-05-26,The Fan,Public Safety,Hazardous Condition,Low,Resolved,28.31,Phone,Transportation,4.6,2024-05,2024Q2,1
RVA-12034,2024-10-13,Museum District,Water & Utilities,Sewer Problem,High,Closed,4.1,Email,Code Enforcement,3.5,2024-10,2024Q4,1
RVA-12035,2025-10-15,Manchester,Water & Utilities,Water Main Break,Medium,In Progress,3.58,Mobile App,Parks & Rec,2.3,2025-10,2025Q4,0
RVA-12036,2024-02-22,Manchester,Noise & Nuisance,Abandoned Vehicle,Emergency,Resolved,0.42,Phone,Transportation,2.7,2024-02,2024Q1,1
RVA-12037,2024-10-30,Museum District,Road & Sidewalk,Sidewalk Damage,Emergency,Open,0.0,Phone,Code Enforcement,4.9,2024-10,2024Q4,0
RVA-12038,2024-03-09,East End,Public Safety,Hazardous Condition,Medium,Closed,1.21,Mobile App,Police,4.5,2024-03,2024Q1,1
RVA-12039,2024-12-26,Southside,Road & Sidewalk,Crosswalk Faded,Medium,Closed,0.13,Mobile App,Transportation,2.9,2024-12,2024Q4,1
RVA-12040,2025-08-24,Bon Air,Road & Sidewalk,Pothole Repair,High,In Progress,2.81,Walk-in,Parks & Rec,4.8,2025-08,2025Q3,0
RVA-12041,2024-08-07,Short Pump,Noise & Nuisance,Abandoned Vehicle,Emergency,Resolved,0.08,Mobile App,Public Utilities,4.3,2024-08,2024Q3,1
RVA-12042,2025-12-04,Museum District,Road & Sidewalk,Pothole Repair,Medium,In Progress,10.16,Website,Public Works,4.6,2025-12,2025Q4,0
RVA-12043,2025-07-28,Scott's Addition,Parks & Public Spaces,Playground Repair,High,Closed,2.06,Mobile App,Public Utilities,3.7,2025-07,2025Q3,1
RVA-12044,2025-08-07,Highland Park,Public Safety,Hazardous Condition,High,Open,0.52,Phone,Parks & Rec,4.4,2025-08,2025Q3,0
RVA-12045,2024-06-09,Church Hill,Road & Sidewalk,Sidewalk Damage,Medium,Closed,0.86,Phone,Parks & Rec,4.6,2024-06,2024Q2,1
RVA-12046,2025-11-11,Museum District,Parks & Public Spaces,Park Maintenance,Medium,Closed,4.94,Mobile App,Parks & Rec,1.4,2025-11,2025Q4,1
RVA-12047,2024-03-29,Museum District,Road & Sidewalk,Sidewalk Damage,High,Closed,4.62,Mobile App,Parks & Rec,4.9,2024-03,2024Q1,1
RVA-12048,2025-11-18,East End,Sanitation,Illegal Dumping,High,Resolved,2.53,Mobile App,Transportation,2.3,2025-11,2025Q4,1
RVA-12049,2025-08-07,Bon Air,Parks & Public Spaces,Tree Hazard,Low,Resolved,4.29,Mobile App,Police,2.8,2025-08,2025Q3,1
RVA-12050,2025-08-11,Bon Air,Parks & Public Spaces,Graffiti Removal,Medium,Resolved,4.43,Walk-in,Public Works,4.2,2025-08,2025Q3,1
RVA-12051,2024-06-07,Shockoe Bottom,Public Safety,Traffic Signal Issue,Low,Resolved,3.72,Mobile App,Transportation,3.7,2024-06,2024Q2,1
RVA-12052,2025-05-03,Scott's Addition,Sanitation,Overflowing Bin,Low,Closed,70.7,Website,Public Utilities,4.6,2025-05,2025Q2,1
RVA-12053,2024-11-19,Highland Park,Public Safety,Hazardous Condition,Emergency,Resolved,0.69,Mobile App,Police,2.6,2024-11,2024Q4,1
RVA-12054,2025-09-01,Short Pump,Parks & Public Spaces,Park Maintenance,Low,Resolved,9.53,Walk-in,Code Enforcement,2.5,2025-09,2025Q3,1
RVA-12055,2025-01-15,Museum District,Road & Sidewalk,Crosswalk Faded,Low,Closed,5.5,Phone,Parks & Rec,1.1,2025-01,2025Q1,1
RVA-12056,2024-04-11,West End,Public Safety,Hazardous Condition,Medium,In Progress,4.81,Mobile App,Public Utilities,2.9,2024-04,2024Q2,0
RVA-12057,2025-05-08,Northside,Parks & Public Spaces,Park Maintenance,Medium,Resolved,2.09,Email,Code Enforcement,3.9,2025-05,2025Q2,1
RVA-12058,2025-10-05,Bon Air,Noise & Nuisance,Abandoned Vehicle,Medium,Closed,0.15,Mobile App,Public Works,2.2,2025-10,2025Q4,1
RVA-12059,2025-09-05,Northside,Noise & Nuisance,Animal Control,Low,Open,5.03,Phone,Public Utilities,2.9,2025-09,2025Q3,0
RVA-12060,2024-01-19,Museum District,Noise & Nuisance,Abandoned Vehicle,Low,Closed,26.66,Phone,Police,1.9,2024-01,2024Q1,1
RVA-12061,2025-03-29,Short Pump,Parks & Public Spaces,Tree Hazard,Low,Closed,9.84,Phone,Transportation,4.1,2025-03,2025Q1,1
RVA-12062,2025-04-26,Highland Park,Parks & Public Spaces,Park Maintenance,Medium,Closed,0.44,Email,Code Enforcement,1.2,2025-04,2025Q2,1
RVA-12063,2025-08-16,Northside,Sanitation,Illegal Dumping,Medium,Open,10.81,Walk-in,Public Utilities,3.8,2025-08,2025Q3,0
RVA-12064,2025-01-31,East End,Road & Sidewalk,Street Light Out,Emergency,In Progress,0.16,Walk-in,Transportation,2.5,2025-01,2025Q1,0
RVA-12065,2024-10-05,Bon Air,Public Safety,Hazardous Condition,Medium,Resolved,1.4,Email,Transportation,1.2,2024-10,2024Q4,1
RVA-12066,2024-12-30,Southside,Public Safety,Traffic Signal Issue,Low,Resolved,3.53,Phone,Transportation,4.4,2024-12,2024Q4,1
RVA-12067,2024-11-26,Oregon Hill,Sanitation,Illegal Dumping,High,Closed,1.72,Mobile App,Police,3.0,2024-11,2024Q4,1
RVA-12068,2025-10-02,West End,Parks & Public Spaces,Playground Repair,Medium,Closed,3.93,Website,Parks & Rec,3.4,2025-10,2025Q4,1
RVA-12069,2024-12-09,East End,Public Safety,Unsafe Structure,High,Resolved,1.35,Phone,Public Utilities,3.9,2024-12,2024Q4,1
RVA-12070,2025-03-30,The Fan,Sanitation,Missed Trash Pickup,Medium,Closed,6.32,Mobile App,Transportation,3.6,2025-03,2025Q1,1
RVA-12071,2025-08-23,Museum District,Sanitation,Illegal Dumping,Medium,Closed,1.9,Phone,Parks & Rec,3.9,2025-08,2025Q3,1
RVA-12072,2025-12-25,West End,Public Safety,Unsafe Structure,High,Resolved,3.05,Email,Transportation,4.0,2025-12,2025Q4,1
RVA-12073,2025-10-16,Lakeside,Parks & Public Spaces,Graffiti Removal,Emergency,Resolved,0.1,Mobile App,Code Enforcement,3.4,2025-10,2025Q4,1
RVA-12074,2024-03-05,Highland Park,Parks & Public Spaces,Tree Hazard,Medium,In Progress,7.63,Walk-in,Code Enforcement,2.5,2024-03,2024Q1,0
RVA-12075,2024-03-16,Museum District,Parks & Public Spaces,Tree Hazard,Medium,Closed,5.45,Phone,Code Enforcement,2.0,2024-03,2024Q1,1
RVA-12076,2025-12-11,Bon Air,Water & Utilities,Storm Drain Blocked,Medium,Resolved,5.75,Mobile App,Parks & Rec,4.6,2025-12,2025Q4,1
RVA-12077,2024-05-22,Scott's Addition,Noise & Nuisance,Abandoned Vehicle,Emergency,Closed,0.33,Walk-in,Parks & Rec,4.9,2024-05,2024Q2,1
RVA-12078,2025-08-27,Carytown,Water & Utilities,Hydrant Issue,Emergency,Resolved,0.55,Email,Transportation,2.4,2025-08,2025Q3,1
RVA-12079,2025-04-17,Museum District,Noise & Nuisance,Property Maintenance,Low,Closed,0.83,Mobile App,Police,1.4,2025-04,2025Q2,1
RVA-12080,2025-02-20,Short Pump,Parks & Public Spaces,Graffiti Removal,Low,Open,19.08,Mobile App,Public Utilities,1.9,2025-02,2025Q1,0
RVA-12081,2024-10-31,Oregon Hill,Noise & Nuisance,Animal Control,Medium,Closed,0.29,Phone,Police,3.7,2024-10,2024Q4,1
RVA-12082,2025-05-11,Scott's Addition,Noise & Nuisance,Property Maintenance,Low,Closed,1.61,Walk-in,Parks & Rec,1.7,2025-05,2025Q2,1
RVA-12083,2024-10-17,East End,Road & Sidewalk,Pothole Repair,Medium,Resolved,4.3,Mobile App,Public Utilities,4.1,2024-10,2024Q4,1
RVA-12084,2024-04-11,Oregon Hill,Noise & Nuisance,Animal Control,Low,Closed,13.45,Mobile App,Code Enforcement,4.7,2024-04,2024Q2,1
RVA-12085,2024-09-23,Southside,Public Safety,Hazardous Condition,Medium,Closed,0.4,Website,Police,4.9,2024-09,2024Q3,1
RVA-12086,2025-09-13,Highland Park,Water & Utilities,Water Main Break,Emergency,Closed,1.27,Phone,Police,1.0,2025-09,2025Q3,1
RVA-12087,2024-01-03,Highland Park,Parks & Public Spaces,Tree Hazard,Emergency,Resolved,1.82,Mobile App,Police,4.8,2024-01,2024Q1,1
RVA-12088,2024-03-25,Oregon Hill,Public Safety,Traffic Signal Issue,Medium,Resolved,4.66,Walk-in,Parks & Rec,4.0,2024-03,2024Q1,1
RVA-12089,2024-11-23,Northside,Water & Utilities,Hydrant Issue,Medium,Closed,3.28,Email,Public Utilities,1.3,2024-11,2024Q4,1
RVA-12090,2025-03-25,Museum District,Parks & Public Spaces,Park Maintenance,High,Closed,2.7,Email,Code Enforcement,2.7,2025-03,2025Q1,1
RVA-12091,2025-03-29,Ginter Park,Water & Utilities,Storm Drain Blocked,Low,Resolved,3.98,Mobile App,Parks & Rec,3.8,2025-03,2025Q1,1
RVA-12092,2025-09-20,Woodland Heights,Water & Utilities,Sewer Problem,High,Closed,1.36,Email,Code Enforcement,4.8,2025-09,2025Q3,1
RVA-12093,2024-08-08,Manchester,Road & Sidewalk,Sidewalk Damage,Medium,Open,12.39,Website,Public Works,1.7,2024-08,2024Q3,0
RVA-12094,2024-06-02,Carytown,Road & Sidewalk,Pothole Repair,Low,Closed,31.16,Mobile App,Public Works,1.5,2024-06,2024Q2,1
RVA-12095,2025-10-26,Shockoe Bottom,Water & Utilities,Storm Drain Blocked,Medium,Resolved,13.09,Website,Code Enforcement,2.9,2025-10,2025Q4,1
RVA-12096,2024-01-12,Oregon Hill,Noise & Nuisance,Property Maintenance,Low,Resolved,3.04,Mobile App,Public Works,4.9,2024-01,2024Q1,1
RVA-12097,2024-05-12,Northside,Road & Sidewalk,Sidewalk Damage,High,Resolved,0.53,Website,Public Utilities,4.9,2024-05,2024Q2,1
RVA-12098,2024-10-30,East End,Parks & Public Spaces,Park Maintenance,Medium,Resolved,1.77,Website,Public Utilities,1.9,2024-10,2024Q4,1
RVA-12099,2024-10-19,Manchester,Road & Sidewalk,Sidewalk Damage,Medium,Resolved,2.91,Website,Parks & Rec,2.3,2024-10,2024Q4,1
RVA-12100,2024-10-26,East End,Road & Sidewalk,Sidewalk Damage,Low,Resolved,3.77,Mobile App,Code Enforcement,4.6,2024-10,2024Q4,1
RVA-12101,2024-02-12,Bon Air,Road & Sidewalk,Street Light Out,High,Resolved,0.94,Website,Parks & Rec,3.9,2024-02,2024Q1,1
RVA-12102,2024-12-08,East End,Noise & Nuisance,Animal Control,Medium,In Progress,4.85,Mobile App,Public Utilities,4.9,2024-12,2024Q4,0
RVA-12103,2024-11-21,Shockoe Bottom,Parks & Public Spaces,Playground Repair,Medium,Closed,7.19,Email,Public Utilities,4.6,2024-11,2024Q4,1
RVA-12104,2025-05-12,Northside,Road & Sidewalk,Pothole Repair,Medium,Resolved,6.65,Website,Public Utilities,1.9,2025-05,2025Q2,1
RVA-12105,2024-12-29,Short Pump,Sanitation,Illegal Dumping,Medium,Resolved,8.42,Mobile App,Police,4.0,2024-12,2024Q4,1
RVA-12106,2025-03-02,Ginter Park,Water & Utilities,Sewer Problem,Low,Resolved,0.33,Mobile App,Public Works,1.2,2025-03,2025Q1,1
RVA-12107,2024-01-21,Oregon Hill,Water & Utilities,Hydrant Issue,High,Closed,0.1,Website,Parks & Rec,4.3,2024-01,2024Q1,1
RVA-12108,2025-02-10,Museum District,Noise & Nuisance,Abandoned Vehicle,Low,Closed,15.58,Phone,Parks & Rec,3.4,2025-02,2025Q1,1
RVA-12109,2025-09-10,Northside,Parks & Public Spaces,Playground Repair,Low,Open,7.62,Website,Public Utilities,4.8,2025-09,2025Q3,0
RVA-12110,2024-12-01,Short Pump,Road & Sidewalk,Street Light Out,High,Closed,1.73,Mobile App,Police,4.8,2024-12,2024Q4,1
RVA-12111,2024-04-26,West End,Noise & Nuisance,Noise Complaint,Low,Closed,0.54,Website,Parks & Rec,1.2,2024-04,2024Q2,1
RVA-12112,2024-05-03,The Fan,Public Safety,Traffic Signal Issue,Medium,Resolved,1.47,Mobile App,Transportation,1.6,2024-05,2024Q2,1
RVA-12113,2025-02-02,Northside,Public Safety,Traffic Signal Issue,Medium,Closed,5.09,Phone,Parks & Rec,2.9,2025-02,2025Q1,1
RVA-12114,2025-12-15,Carytown,Parks & Public Spaces,Playground Repair,Medium,Resolved,9.8,Email,Police,4.5,2025-12,2025Q4,1
RVA-12115,2024-02-20,Manchester,Sanitation,Bulk Pickup Request,High,Resolved,4.98,Website,Public Utilities,4.3,2024-02,2024Q1,1
RVA-12116,2024-11-19,East End,Water & Utilities,Hydrant Issue,Medium,Resolved,3.47,Mobile App,Police,4.9,2024-11,2024Q4,1
RVA-12117,2024-05-20,Shockoe Bottom,Noise & Nuisance,Animal Control,Medium,Closed,3.94,Email,Public Works,3.5,2024-05,2024Q2,1
RVA-12118,2025-04-14,Manchester,Sanitation,Overflowing Bin,High,Resolved,3.58,Mobile App,Parks & Rec,2.0,2025-04,2025Q2,1
RVA-12119,2024-11-29,West End,Road & Sidewalk,Sidewalk Damage,Medium,In Progress,3.86,Website,Public Works,1.1,2024-11,2024Q4,0
RVA-12120,2025-01-07,East End,Public Safety,Unsafe Structure,Medium,Open,3.64,Phone,Parks & Rec,1.9,2025-01,2025Q1,0
RVA-12121,2025-07-17,Carytown,Parks & Public Spaces,Tree Hazard,Medium,Resolved,11.77,Mobile App,Public Works,3.7,2025-07,2025Q3,1
RVA-12122,2025-05-08,Northside,Public Safety,Traffic Signal Issue,Medium,Resolved,7.8,Mobile App,Parks & Rec,4.7,2025-05,2025Q2,1
RVA-12123,2025-06-22,Church Hill,Sanitation,Bulk Pickup Request,Emergency,Resolved,1.2,Mobile App,Transportation,2.3,2025-06,2025Q2,1
RVA-12124,2025-10-30,Scott's Addition,Road & Sidewalk,Street Light Out,High,Resolved,0.49,Walk-in,Public Utilities,4.5,2025-10,2025Q4,1
RVA-12125,2024-06-04,Museum District,Sanitation,Missed Trash Pickup,Low,Closed,7.43,Walk-in,Transportation,2.6,2024-06,2024Q2,1
RVA-12126,2024-10-17,Carytown,Noise & Nuisance,Property Maintenance,Low,Resolved,18.48,Phone,Code Enforcement,2.2,2024-10,2024Q4,1
RVA-12127,2025-10-09,Bon Air,Noise & Nuisance,Abandoned Vehicle,Low,Resolved,1.18,Mobile App,Police,3.0,2025-10,2025Q4,1
RVA-12128,2024-05-23,Shockoe Bottom,Road & Sidewalk,Street Light Out,Low,In Progress,15.83,Walk-in,Parks & Rec,2.8,2024-05,2024Q2,0
RVA-12129,2024-04-15,Highland Park,Sanitation,Overflowing Bin,Low,Resolved,2.02,Phone,Police,4.7,2024-04,2024Q2,1
RVA-12130,2025-02-23,Ginter Park,Noise & Nuisance,Abandoned Vehicle,Medium,Open,8.25,Phone,Parks & Rec,2.9,2025-02,2025Q1,0
RVA-12131,2025-10-31,Bon Air,Public Safety,Traffic Signal Issue,High,Resolved,1.89,Phone,Code Enforcement,2.1,2025-10,2025Q4,1
RVA-12132,2025-10-19,Museum District,Noise & Nuisance,Abandoned Vehicle,High,Closed,0.43,Phone,Public Utilities,4.4,2025-10,2025Q4,1
RVA-12133,2024-01-02,Ginter Park,Water & Utilities,Storm Drain Blocked,Low,In Progress,6.41,Phone,Public Utilities,5.0,2024-01,2024Q1,0
RVA-12134,2025-08-11,Bon Air,Parks & Public Spaces,Tree Hazard,Medium,Resolved,5.73,Website,Police,3.6,2025-08,2025Q3,1
RVA-12135,2025-10-05,Shockoe Bottom,Water & Utilities,Storm Drain Blocked,Medium,Open,5.02,Phone,Transportation,2.0,2025-10,2025Q4,0
RVA-12136,2024-03-30,Museum District,Public Safety,Traffic Signal Issue,High,Closed,1.11,Walk-in,Code Enforcement,2.0,2024-03,2024Q1,1
RVA-12137,2024-12-10,The Fan,Sanitation,Overflowing Bin,High,Closed,4.59,Mobile App,Police,1.2,2024-12,2024Q4,1
RVA-12138,2024-12-15,Southside,Parks & Public Spaces,Graffiti Removal,Emergency,Open,0.37,Phone,Public Utilities,1.3,2024-12,2024Q4,0
RVA-12139,2025-04-03,Northside,Road & Sidewalk,Pothole Repair,Medium,Resolved,3.52,Mobile App,Public Works,4.7,2025-04,2025Q2,1
RVA-12140,2024-09-19,Scott's Addition,Road & Sidewalk,Sidewalk Damage,High,Closed,0.13,Website,Police,1.4,2024-09,2024Q3,1
RVA-12141,2024-12-16,Highland Park,Noise & Nuisance,Animal Control,Low,Resolved,25.53,Mobile App,Parks & Rec,2.9,2024-12,2024Q4,1
RVA-12142,2024-04-17,The Fan,Water & Utilities,Storm Drain Blocked,Medium,Resolved,0.97,Mobile App,Public Utilities,3.8,2024-04,2024Q2,1
RVA-12143,2025-08-08,Highland Park,Road & Sidewalk,Crosswalk Faded,Low,Resolved,7.52,Walk-in,Parks & Rec,4.4,2025-08,2025Q3,1
RVA-12144,2024-02-08,The Fan,Sanitation,Missed Trash Pickup,Medium,Resolved,8.14,Mobile App,Code Enforcement,1.7,2024-02,2024Q1,1
RVA-12145,2024-06-07,East End,Parks & Public Spaces,Park Maintenance,Medium,Closed,1.21,Website,Transportation,2.8,2024-06,2024Q2,1
RVA-12146,2025-08-05,The Fan,Road & Sidewalk,Pothole Repair,Medium,Closed,3.75,Email,Transportation,2.0,2025-08,2025Q3,1
RVA-12147,2024-11-07,Scott's Addition,Sanitation,Bulk Pickup Request,Low,Closed,2.75,Phone,Public Utilities,2.0,2024-11,2024Q4,1
RVA-12148,2024-08-28,West End,Road & Sidewalk,Street Light Out,Low,Resolved,14.26,Mobile App,Public Utilities,2.2,2024-08,2024Q3,1
RVA-12149,2025-03-20,Scott's Addition,Parks & Public Spaces,Park Maintenance,Low,Resolved,8.31,Mobile App,Transportation,3.3,2025-03,2025Q1,1
RVA-12150,2024-10-24,Short Pump,Public Safety,Traffic Signal Issue,Low,Resolved,19.38,Walk-in,Police,1.1,2024-10,2024Q4,1
RVA-12151,2024-02-05,Bon Air,Sanitation,Illegal Dumping,Low,Closed,22.5,Phone,Transportation,2.6,2024-02,2024Q1,1
RVA-12152,2024-03-24,The Fan,Road & Sidewalk,Pothole Repair,Low,Closed,10.46,Website,Transportation,1.7,2024-03,2024Q1,1
RVA-12153,2025-03-27,Highland Park,Water & Utilities,Storm Drain Blocked,Low,Resolved,12.92,Website,Police,4.9,2025-03,2025Q1,1
RVA-12154,2025-01-19,The Fan,Public Safety,Missing Sign,Emergency,Open,0.4,Phone,Parks & Rec,3.3,2025-01,2025Q1,0
RVA-12155,2024-06-20,Carytown,Water & Utilities,Storm Drain Blocked,Medium,Resolved,2.43,Website,Police,4.5,2024-06,2024Q2,1
RVA-12156,2025-01-10,Carytown,Water & Utilities,Sewer Problem,Low,Closed,10.44,Mobile App,Public Works,1.8,2025-01,2025Q1,1
RVA-12157,2025-11-15,Bon Air,Public Safety,Missing Sign,Medium,Resolved,11.95,Phone,Public Utilities,4.2,2025-11,2025Q4,1
RVA-12158,2024-12-27,Shockoe Bottom,Road & Sidewalk,Street Light Out,High,In Progress,1.08,Website,Transportation,2.7,2024-12,2024Q4,0
RVA-12159,2025-07-12,Bon Air,Road & Sidewalk,Crosswalk Faded,High,Open,0.75,Mobile App,Code Enforcement,1.7,2025-07,2025Q3,0
RVA-12160,2024-05-20,Bon Air,Road & Sidewalk,Street Light Out,Medium,Resolved,2.46,Mobile App,Public Utilities,4.0,2024-05,2024Q2,1
RVA-12161,2024-04-27,Oregon Hill,Sanitation,Overflowing Bin,Medium,Closed,2.86,Website,Transportation,4.0,2024-04,2024Q2,1
RVA-12162,2024-10-03,Southside,Noise & Nuisance,Noise Complaint,High,Closed,0.15,Website,Parks & Rec,5.0,2024-10,2024Q4,1
RVA-12163,2025-12-26,Highland Park,Road & Sidewalk,Street Light Out,High,Closed,1.38,Phone,Transportation,4.1,2025-12,2025Q4,1
RVA-12164,2024-08-07,Oregon Hill,Water & Utilities,Hydrant Issue,High,Closed,1.36,Website,Police,1.6,2024-08,2024Q3,1
RVA-12165,2024-01-26,Shockoe Bottom,Water & Utilities,Water Main Break,High,Resolved,1.78,Phone,Public Utilities,2.3,2024-01,2024Q1,1
RVA-12166,2025-06-04,Museum District,Water & Utilities,Hydrant Issue,High,Resolved,0.9,Walk-in,Police,2.8,2025-06,2025Q2,1
RVA-12167,2024-01-10,Highland Park,Road & Sidewalk,Crosswalk Faded,Medium,Resolved,4.75,Website,Transportation,1.5,2024-01,2024Q1,1
RVA-12168,2025-01-12,Highland Park,Public Safety,Traffic Signal Issue,Medium,Closed,10.53,Mobile App,Parks & Rec,4.2,2025-01,2025Q1,1
RVA-12169,2025-09-24,Scott's Addition,Noise & Nuisance,Animal Control,Medium,Resolved,15.56,Phone,Police,3.1,2025-09,2025Q3,1
RVA-12170,2025-09-28,Shockoe Bottom,Sanitation,Illegal Dumping,High,Closed,1.75,Website,Code Enforcement,4.8,2025-09,2025Q3,1
RVA-12171,2025-11-12,Bon Air,Public Safety,Unsafe Structure,Low,In Progress,0.44,Walk-in,Transportation,3.4,2025-11,2025Q4,0
RVA-12172,2025-08-06,The Fan,Sanitation,Illegal Dumping,Emergency,Resolved,1.74,Mobile App,Parks & Rec,3.1,2025-08,2025Q3,1
RVA-12173,2024-05-31,West End,Water & Utilities,Hydrant Issue,Low,Closed,12.24,Phone,Public Utilities,1.3,2024-05,2024Q2,1
RVA-12174,2025-12-20,The Fan,Noise & Nuisance,Animal Control,Medium,Closed,2.05,Mobile App,Public Utilities,1.6,2025-12,2025Q4,1
RVA-12175,2024-02-18,Ginter Park,Sanitation,Illegal Dumping,High,Resolved,0.32,Mobile App,Code Enforcement,4.4,2024-02,2024Q1,1
RVA-12176,2024-06-02,Bon Air,Road & Sidewalk,Crosswalk Faded,Low,Open,1.55,Website,Public Works,5.0,2024-06,2024Q2,0
RVA-12177,2024-10-19,Manchester,Water & Utilities,Water Main Break,Medium,Closed,0.92,Mobile App,Police,2.7,2024-10,2024Q4,1
RVA-12178,2025-08-02,The Fan,Parks & Public Spaces,Playground Repair,Low,Closed,0.47,Website,Transportation,4.2,2025-08,2025Q3,1
RVA-12179,2024-02-19,Museum District,Road & Sidewalk,Street Light Out,Medium,Resolved,11.62,Email,Public Utilities,3.5,2024-02,2024Q1,1
RVA-12180,2025-10-25,Manchester,Water & Utilities,Water Main Break,Low,Resolved,7.78,Email,Transportation,4.8,2025-10,2025Q4,1
RVA-12181,2025-06-14,Museum District,Parks & Public Spaces,Park Maintenance,Medium,Resolved,6.02,Mobile App,Code Enforcement,2.0,2025-06,2025Q2,1
RVA-12182,2025-09-03,East End,Sanitation,Bulk Pickup Request,Medium,Resolved,8.8,Website,Police,3.2,2025-09,2025Q3,1
RVA-12183,2024-02-29,Scott's Addition,Road & Sidewalk,Pothole Repair,Emergency,Closed,0.78,Email,Parks & Rec,2.6,2024-02,2024Q1,1
RVA-12184,2024-06-15,Oregon Hill,Noise & Nuisance,Property Maintenance,Emergency,In Progress,1.07,Mobile App,Transportation,3.2,2024-06,2024Q2,0
RVA-12185,2024-07-20,Highland Park,Road & Sidewalk,Crosswalk Faded,Low,In Progress,34.19,Phone,Code Enforcement,2.1,2024-07,2024Q3,0
RVA-12186,2024-05-25,Southside,Noise & Nuisance,Abandoned Vehicle,High,Open,1.16,Email,Parks & Rec,3.0,2024-05,2024Q2,0
RVA-12187,2025-11-06,Manchester,Noise & Nuisance,Noise Complaint,Low,Resolved,30.02,Mobile App,Parks & Rec,3.5,2025-11,2025Q4,1
RVA-12188,2025-03-14,East End,Water & Utilities,Sewer Problem,Low,In Progress,12.85,Email,Parks & Rec,1.3,2025-03,2025Q1,0
RVA-12189,2024-08-29,Highland Park,Water & Utilities,Water Main Break,Low,Resolved,0.73,Phone,Police,4.0,2024-08,2024Q3,1
RVA-12190,2025-08-03,Northside,Road & Sidewalk,Sidewalk Damage,Emergency,Open,0.57,Mobile App,Public Works,3.8,2025-08,2025Q3,0
RVA-12191,2025-11-17,Scott's Addition,Noise & Nuisance,Noise Complaint,Emergency,Resolved,0.58,Phone,Transportation,4.5,2025-11,2025Q4,1
RVA-12192,2025-07-14,The Fan,Sanitation,Missed Trash Pickup,Low,Resolved,23.63,Mobile App,Parks & Rec,2.7,2025-07,2025Q3,1
RVA-12193,2025-04-27,Highland Park,Water & Utilities,Storm Drain Blocked,Low,Open,4.67,Mobile App,Public Utilities,1.2,2025-04,2025Q2,0
RVA-12194,2024-04-17,Ginter Park,Public Safety,Traffic Signal Issue,Low,Resolved,8.79,Phone,Police,2.8,2024-04,2024Q2,1
RVA-12195,2024-08-13,West End,Water & Utilities,Sewer Problem,Medium,Resolved,0.06,Phone,Police,1.6,2024-08,2024Q3,1
RVA-12196,2025-11-03,The Fan,Public Safety,Missing Sign,Medium,In Progress,2.02,Phone,Parks & Rec,3.6,2025-11,2025Q4,0
RVA-12197,2025-09-22,Northside,Sanitation,Illegal Dumping,Low,Resolved,0.64,Mobile App,Public Utilities,1.2,2025-09,2025Q3,1
RVA-12198,2025-10-22,Ginter Park,Noise & Nuisance,Abandoned Vehicle,High,Closed,1.48,Walk-in,Code Enforcement,2.5,2025-10,2025Q4,1
RVA-12199,2025-10-23,Oregon Hill,Road & Sidewalk,Street Light Out,Medium,Closed,8.5,Phone,Police,1.3,2025-10,2025Q4,1
RVA-12200,2025-03-07,Shockoe Bottom,Noise & Nuisance,Property Maintenance,Emergency,Open,0.12,Walk-in,Parks & Rec,1.0,2025-03,2025Q1,0
RVA-12201,2025-10-16,Northside,Public Safety,Hazardous Condition,High,Closed,1.5,Walk-in,Transportation,4.8,2025-10,2025Q4,1
RVA-12202,2025-02-22,Ginter Park,Public Safety,Missing Sign,Medium,Resolved,1.14,Mobile App,Parks & Rec,5.0,2025-02,2025Q1,1
RVA-12203,2025-03-30,The Fan,Sanitation,Illegal Dumping,High,Open,0.26,Mobile App,Transportation,3.2,2025-03,2025Q1,0
RVA-12204,2024-06-08,Northside,Water & Utilities,Sewer Problem,High,Resolved,1.43,Email,Transportation,2.0,2024-06,2024Q2,1
RVA-12205,2025-06-06,Southside,Road & Sidewalk,Pothole Repair,Medium,Resolved,0.41,Website,Public Works,4.6,2025-06,2025Q2,1
RVA-12206,2025-10-11,Northside,Public Safety,Unsafe Structure,Medium,Resolved,4.43,Mobile App,Public Works,4.7,2025-10,2025Q4,1
RVA-12207,2025-08-12,East End,Water & Utilities,Hydrant Issue,Emergency,Closed,0.02,Website,Code Enforcement,4.4,2025-08,2025Q3,1
RVA-12208,2024-03-17,Southside,Public Safety,Traffic Signal Issue,Low,Closed,1.13,Mobile App,Code Enforcement,3.2,2024-03,2024Q1,1
RVA-12209,2025-05-23,Carytown,Parks & Public Spaces,Graffiti Removal,Low,Resolved,7.99,Mobile App,Transportation,1.3,2025-05,2025Q2,1
RVA-12210,2025-03-16,Scott's Addition,Water & Utilities,Water Main Break,Medium,Resolved,4.48,Phone,Code Enforcement,1.4,2025-03,2025Q1,1
RVA-12211,2024-09-10,Southside,Parks & Public Spaces,Graffiti Removal,High,Resolved,0.06,Mobile App,Code Enforcement,4.6,2024-09,2024Q3,1
RVA-12212,2024-11-15,The Fan,Sanitation,Bulk Pickup Request,High,Resolved,1.7,Email,Parks & Rec,4.5,2024-11,2024Q4,1
RVA-12213,2024-09-19,Southside,Noise & Nuisance,Animal Control,Emergency,Closed,0.91,Walk-in,Parks & Rec,2.7,2024-09,2024Q3,1
RVA-12214,2025-08-19,East End,Public Safety,Unsafe Structure,Medium,Closed,6.41,Website,Parks & Rec,2.3,2025-08,2025Q3,1
RVA-12215,2025-10-19,Scott's Addition,Noise & Nuisance,Property Maintenance,Low,Closed,1.41,Mobile App,Public Utilities,3.6,2025-10,2025Q4,1
RVA-12216,2025-07-07,Northside,Road & Sidewalk,Crosswalk Faded,Medium,Closed,4.49,Mobile App,Transportation,4.2,2025-07,2025Q3,1
RVA-12217,2025-01-08,Short Pump,Noise & Nuisance,Property Maintenance,High,Resolved,2.23,Phone,Code Enforcement,3.9,2025-01,2025Q1,1
RVA-12218,2025-09-28,Scott's Addition,Noise & Nuisance,Animal Control,Low,Resolved,0.38,Phone,Public Utilities,3.5,2025-09,2025Q3,1
RVA-12219,2024-06-15,Museum District,Water & Utilities,Hydrant Issue,Low,Resolved,19.33,Mobile App,Police,1.9,2024-06,2024Q2,1
RVA-12220,2025-04-03,Bon Air,Water & Utilities,Sewer Problem,Low,Resolved,23.67,Phone,Transportation,2.1,2025-04,2025Q2,1
RVA-12221,2024-10-06,Museum District,Parks & Public Spaces,Tree Hazard,Medium,Closed,9.5,Phone,Police,3.9,2024-10,2024Q4,1
RVA-12222,2025-11-30,Southside,Water & Utilities,Hydrant Issue,High,Resolved,3.48,Email,Parks & Rec,4.2,2025-11,2025Q4,1
RVA-12223,2024-10-28,The Fan,Parks & Public Spaces,Graffiti Removal,High,Resolved,2.73,Email,Police,1.5,2024-10,2024Q4,1
RVA-12224,2025-06-14,The Fan,Water & Utilities,Storm Drain Blocked,Emergency,Closed,0.5,Phone,Parks & Rec,1.7,2025-06,2025Q2,1
RVA-12225,2025-08-02,The Fan,Noise & Nuisance,Noise Complaint,Low,Closed,11.35,Website,Transportation,3.7,2025-08,2025Q3,1
RVA-12226,2024-08-05,Highland Park,Parks & Public Spaces,Graffiti Removal,Emergency,Resolved,0.82,Mobile App,Transportation,2.6,2024-08,2024Q3,1
RVA-12227,2024-04-11,Oregon Hill,Water & Utilities,Sewer Problem,High,Closed,2.17,Mobile App,Code Enforcement,3.3,2024-04,2024Q2,1
RVA-12228,2025-07-07,Scott's Addition,Noise & Nuisance,Noise Complaint,Medium,Open,1.99,Email,Public Utilities,3.5,2025-07,2025Q3,0
RVA-12229,2024-10-14,Highland Park,Road & Sidewalk,Pothole Repair,Emergency,Resolved,0.24,Website,Parks & Rec,4.1,2024-10,2024Q4,1
RVA-12230,2024-06-15,Shockoe Bottom,Sanitation,Bulk Pickup Request,Medium,Open,11.37,Mobile App,Public Works,4.2,2024-06,2024Q2,0
RVA-12231,2025-09-12,Scott's Addition,Parks & Public Spaces,Tree Hazard,High,Open,0.03,Phone,Public Works,2.1,2025-09,2025Q3,0
RVA-12232,2024-02-05,Museum District,Noise & Nuisance,Abandoned Vehicle,High,Resolved,2.4,Email,Code Enforcement,3.2,2024-02,2024Q1,1
RVA-12233,2024-12-18,Manchester,Road & Sidewalk,Pothole Repair,High,Resolved,6.19,Mobile App,Public Utilities,1.5,2024-12,2024Q4,1
RVA-12234,2025-11-06,Northside,Noise & Nuisance,Noise Complaint,Medium,Closed,6.12,Mobile App,Parks & Rec,4.4,2025-11,2025Q4,1
RVA-12235,2024-03-13,Manchester,Sanitation,Overflowing Bin,Low,Closed,51.01,Email,Code Enforcement,4.4,2024-03,2024Q1,1
RVA-12236,2025-10-09,Oregon Hill,Noise & Nuisance,Abandoned Vehicle,Medium,In Progress,5.82,Phone,Public Utilities,2.2,2025-10,2025Q4,0
RVA-12237,2024-12-18,Ginter Park,Water & Utilities,Water Main Break,Medium,Closed,0.17,Phone,Public Works,1.6,2024-12,2024Q4,1
RVA-12238,2024-03-10,Fulton,Parks & Public Spaces,Playground Repair,High,Resolved,3.51,Mobile App,Parks & Rec,1.3,2024-03,2024Q1,1
RVA-12239,2025-02-28,Ginter Park,Public Safety,Traffic Signal Issue,High,In Progress,0.67,Walk-in,Public Utilities,3.3,2025-02,2025Q1,0
RVA-12240,2025-12-08,Ginter Park,Noise & Nuisance,Property Maintenance,Emergency,Closed,0.3,Walk-in,Police,1.4,2025-12,2025Q4,1
RVA-12241,2025-07-14,Northside,Sanitation,Bulk Pickup Request,Low,Resolved,3.74,Phone,Parks & Rec,3.7,2025-07,2025Q3,1
RVA-12242,2025-10-03,East End,Noise & Nuisance,Animal Control,High,Resolved,0.63,Mobile App,Police,3.7,2025-10,2025Q4,1
RVA-12243,2025-05-31,Northside,Road & Sidewalk,Sidewalk Damage,Emergency,Closed,0.28,Phone,Transportation,3.5,2025-05,2025Q2,1
RVA-12244,2025-03-03,Highland Park,Water & Utilities,Hydrant Issue,High,Resolved,0.95,Mobile App,Transportation,4.5,2025-03,2025Q1,1
RVA-12245,2025-06-22,Northside,Parks & Public Spaces,Park Maintenance,Low,Closed,10.03,Mobile App,Transportation,2.5,2025-06,2025Q2,1
RVA-12246,2024-06-08,Carytown,Public Safety,Traffic Signal Issue,Low,Resolved,16.77,Phone,Code Enforcement,4.6,2024-06,2024Q2,1
RVA-12247,2024-05-28,Highland Park,Noise & Nuisance,Noise Complaint,Low,In Progress,3.53,Mobile App,Public Utilities,1.1,2024-05,2024Q2,0
RVA-12248,2024-08-17,Highland Park,Sanitation,Illegal Dumping,Medium,Resolved,1.2,Email,Transportation,1.5,2024-08,2024Q3,1
RVA-12249,2025-12-12,Ginter Park,Road & Sidewalk,Street Light Out,Medium,In Progress,5.5,Mobile App,Public Utilities,2.6,2025-12,2025Q4,0
RVA-12250,2025-07-15,Shockoe Bottom,Parks & Public Spaces,Park Maintenance,Emergency,Resolved,0.55,Phone,Public Utilities,3.4,2025-07,2025Q3,1
RVA-12251,2024-03-07,Scott's Addition,Water & Utilities,Hydrant Issue,Medium,Closed,11.57,Mobile App,Public Utilities,1.1,2024-03,2024Q1,1
RVA-12252,2025-01-15,Scott's Addition,Road & Sidewalk,Sidewalk Damage,Medium,Resolved,0.08,Website,Parks & Rec,3.3,2025-01,2025Q1,1
RVA-12253,2024-02-27,Lakeside,Public Safety,Missing Sign,Medium,In Progress,9.59,Mobile App,Police,2.2,2024-02,2024Q1,0
RVA-12254,2024-09-15,Carytown,Water & Utilities,Sewer Problem,High,Resolved,1.47,Phone,Police,4.5,2024-09,2024Q3,1
RVA-12255,2024-12-07,Oregon Hill,Road & Sidewalk,Street Light Out,Emergency,In Progress,0.49,Website,Code Enforcement,3.1,2024-12,2024Q4,0
RVA-12256,2024-05-09,Shockoe Bottom,Parks & Public Spaces,Tree Hazard,High,Closed,0.19,Email,Transportation,3.4,2024-05,2024Q2,1
RVA-12257,2025-12-27,Scott's Addition,Road & Sidewalk,Sidewalk Damage,Medium,Closed,2.83,Website,Code Enforcement,4.8,2025-12,2025Q4,1
RVA-12258,2024-06-20,West End,Sanitation,Bulk Pickup Request,Medium,Closed,1.29,Mobile App,Public Utilities,4.1,2024-06,2024Q2,1
RVA-12259,2025-09-05,Ginter Park,Noise & Nuisance,Property Maintenance,High,In Progress,0.59,Mobile App,Public Works,2.8,2025-09,2025Q3,0
RVA-12260,2024-07-27,The Fan,Sanitation,Missed Trash Pickup,Medium,Resolved,3.51,Website,Public Works,2.9,2024-07,2024Q3,1
RVA-12261,2024-12-19,Northside,Sanitation,Illegal Dumping,Low,Resolved,16.74,Mobile App,Public Utilities,3.6,2024-12,2024Q4,1
RVA-12262,2025-04-15,The Fan,Water & Utilities,Storm Drain Blocked,Low,Closed,13.62,Phone,Transportation,1.8,2025-04,2025Q2,1
RVA-12263,2024-04-25,The Fan,Parks & Public Spaces,Playground Repair,Low,Resolved,8.94,Email,Police,1.4,2024-04,2024Q2,1
RVA-12264,2024-09-20,West End,Water & Utilities,Storm Drain Blocked,High,In Progress,1.55,Walk-in,Code Enforcement,2.2,2024-09,2024Q3,0
RVA-12265,2025-10-23,West End,Sanitation,Illegal Dumping,Low,Resolved,5.57,Walk-in,Parks & Rec,4.1,2025-10,2025Q4,1
RVA-12266,2025-03-17,Highland Park,Noise & Nuisance,Animal Control,Low,Closed,36.01,Walk-in,Public Works,2.0,2025-03,2025Q1,1
RVA-12267,2025-07-01,Museum District,Sanitation,Overflowing Bin,Medium,Closed,4.11,Website,Code Enforcement,1.5,2025-07,2025Q3,1
RVA-12268,2025-03-28,Ginter Park,Public Safety,Unsafe Structure,Medium,Closed,1.46,Website,Public Works,1.9,2025-03,2025Q1,1
RVA-12269,2025-04-21,Shockoe Bottom,Sanitation,Missed Trash Pickup,Medium,In Progress,1.31,Phone,Police,3.7,2025-04,2025Q2,0
RVA-12270,2024-10-13,Scott's Addition,Parks & Public Spaces,Playground Repair,High,Closed,1.89,Email,Police,3.5,2024-10,2024Q4,1
RVA-12271,2024-10-29,Carytown,Water & Utilities,Water Main Break,Low,Open,7.4,Mobile App,Public Utilities,3.8,2024-10,2024Q4,0
RVA-12272,2024-11-06,Highland Park,Parks & Public Spaces,Playground Repair,Low,Closed,0.08,Phone,Public Utilities,2.3,2024-11,2024Q4,1
RVA-12273,2024-07-26,Scott's Addition,Public Safety,Missing Sign,Medium,Closed,8.86,Mobile App,Public Works,4.6,2024-07,2024Q3,1
RVA-12274,2025-09-09,Shockoe Bottom,Sanitation,Illegal Dumping,Medium,Closed,6.09,Mobile App,Public Works,2.8,2025-09,2025Q3,1
RVA-12275,2025-03-21,Southside,Noise & Nuisance,Animal Control,Medium,Closed,5.42,Phone,Code Enforcement,3.1,2025-03,2025Q1,1
RVA-12276,2025-10-31,The Fan,Parks & Public Spaces,Graffiti Removal,Low,Open,0.71,Phone,Public Utilities,4.8,2025-10,2025Q4,0
RVA-12277,2025-09-24,The Fan,Parks & Public Spaces,Park Maintenance,High,Open,0.9,Phone,Police,4.9,2025-09,2025Q3,0
RVA-12278,2024-02-24,Carytown,Parks & Public Spaces,Tree Hazard,High,In Progress,5.48,Phone,Transportation,3.6,2024-02,2024Q1,0
RVA-12279,2024-01-12,The Fan,Water & Utilities,Hydrant Issue,Low,In Progress,19.85,Phone,Code Enforcement,4.8,2024-01,2024Q1,0
RVA-12280,2025-10-18,West End,Water & Utilities,Water Main Break,Low,Resolved,3.36,Mobile App,Code Enforcement,3.2,2025-10,2025Q4,1
RVA-12281,2025-02-03,Northside,Water & Utilities,Storm Drain Blocked,Emergency,Resolved,0.09,Phone,Parks & Rec,2.2,2025-02,2025Q1,1
RVA-12282,2025-10-09,Scott's Addition,Water & Utilities,Water Main Break,High,Closed,1.19,Walk-in,Transportation,2.3,2025-10,2025Q4,1
RVA-12283,2025-05-29,Scott's Addition,Sanitation,Illegal Dumping,Medium,Resolved,2.2,Mobile App,Police,3.2,2025-05,2025Q2,1
RVA-12284,2025-10-17,Highland Park,Sanitation,Overflowing Bin,High,Closed,2.29,Phone,Code Enforcement,3.4,2025-10,2025Q4,1
RVA-12285,2025-06-25,Lakeside,Road & Sidewalk,Crosswalk Faded,High,Closed,6.79,Phone,Transportation,2.8,2025-06,2025Q2,1
RVA-12286,2024-08-24,West End,Sanitation,Overflowing Bin,High,Resolved,0.9,Walk-in,Parks & Rec,4.5,2024-08,2024Q3,1
RVA-12287,2024-10-05,Museum District,Public Safety,Unsafe Structure,Medium,Resolved,0.32,Website,Transportation,2.7,2024-10,2024Q4,1
RVA-12288,2024-12-13,Scott's Addition,Sanitation,Missed Trash Pickup,Medium,Resolved,11.4,Mobile App,Public Utilities,2.1,2024-12,2024Q4,1
RVA-12289,2025-09-18,Bon Air,Road & Sidewalk,Street Light Out,Low,Closed,0.39,Walk-in,Police,1.0,2025-09,2025Q3,1
RVA-12290,2024-04-13,Northside,Road & Sidewalk,Pothole Repair,Emergency,Resolved,1.53,Walk-in,Public Utilities,4.9,2024-04,2024Q2,1
RVA-12291,2025-09-21,Carytown,Road & Sidewalk,Sidewalk Damage,Medium,Resolved,5.46,Website,Parks & Rec,4.3,2025-09,2025Q3,1
RVA-12292,2025-05-31,Jackson Ward,Sanitation,Bulk Pickup Request,Low,Closed,28.42,Phone,Police,3.5,2025-05,2025Q2,1
RVA-12293,2024-09-04,Manchester,Public Safety,Unsafe Structure,Emergency,Open,0.11,Website,Public Works,4.3,2024-09,2024Q3,0
RVA-12294,2024-12-29,Scott's Addition,Road & Sidewalk,Pothole Repair,Emergency,Closed,0.02,Phone,Public Works,4.2,2024-12,2024Q4,1
RVA-12295,2024-11-16,Bon Air,Public Safety,Missing Sign,Emergency,Resolved,0.33,Website,Public Works,4.7,2024-11,2024Q4,1
RVA-12296,2025-09-24,Woodland Heights,Road & Sidewalk,Crosswalk Faded,High,Closed,1.2,Walk-in,Transportation,2.5,2025-09,2025Q3,1
RVA-12297,2024-10-12,Shockoe Bottom,Sanitation,Bulk Pickup Request,Emergency,Closed,0.2,Walk-in,Code Enforcement,3.2,2024-10,2024Q4,1
RVA-12298,2024-05-28,Oregon Hill,Noise & Nuisance,Property Maintenance,Low,Closed,31.62,Phone,Transportation,1.4,2024-05,2024Q2,1
RVA-12299,2024-03-24,Highland Park,Noise & Nuisance,Abandoned Vehicle,High,Resolved,3.46,Walk-in,Transportation,4.9,2024-03,2024Q1,1
RVA-12300,2025-02-09,Scott's Addition,Water & Utilities,Storm Drain Blocked,High,In Progress,2.17,Mobile App,Transportation,4.9,2025-02,2025Q1,0
RVA-12301,2025-03-31,Northside,Parks & Public Spaces,Playground Repair,Low,Closed,1.78,Mobile App,Transportation,4.2,2025-03,2025Q1,1
RVA-12302,2024-06-09,West End,Parks & Public Spaces,Tree Hazard,Low,Resolved,13.25,Phone,Public Works,2.8,2024-06,2024Q2,1
RVA-12303,2025-04-04,East End,Public Safety,Missing Sign,Emergency,Open,0.65,Website,Code Enforcement,3.0,2025-04,2025Q2,0
RVA-12304,2025-07-03,West End,Parks & Public Spaces,Playground Repair,Medium,Closed,2.77,Mobile App,Code Enforcement,2.7,2025-07,2025Q3,1
RVA-12305,2025-05-14,West End,Sanitation,Overflowing Bin,High,Resolved,5.17,Phone,Parks & Rec,2.2,2025-05,2025Q2,1
RVA-12306,2025-05-23,Bon Air,Noise & Nuisance,Abandoned Vehicle,Low,Open,1.83,Mobile App,Public Works,3.1,2025-05,2025Q2,0
RVA-12307,2025-10-15,Oregon Hill,Parks & Public Spaces,Tree Hazard,Low,Closed,3.11,Website,Police,1.2,2025-10,2025Q4,1
RVA-12308,2025-04-25,Woodland Heights,Road & Sidewalk,Sidewalk Damage,Medium,Resolved,0.33,Walk-in,Transportation,5.0,2025-04,2025Q2,1
RVA-12309,2025-10-24,The Fan,Road & Sidewalk,Crosswalk Faded,Low,Resolved,15.87,Website,Code Enforcement,2.7,2025-10,2025Q4,1
RVA-12310,2024-04-23,Scott's Addition,Water & Utilities,Storm Drain Blocked,High,Closed,1.94,Phone,Parks & Rec,4.7,2024-04,2024Q2,1
RVA-12311,2025-07-31,The Fan,Sanitation,Missed Trash Pickup,Medium,Closed,1.89,Email,Code Enforcement,3.9,2025-07,2025Q3,1
RVA-12312,2024-12-26,East End,Parks & Public Spaces,Graffiti Removal,Low,Open,1.79,Website,Police,2.2,2024-12,2024Q4,0
RVA-12313,2024-12-06,Carytown,Parks & Public Spaces,Graffiti Removal,Low,Closed,0.41,Walk-in,Police,1.9,2024-12,2024Q4,1
RVA-12314,2025-03-24,Ginter Park,Water & Utilities,Hydrant Issue,Medium,Closed,0.91,Website,Public Works,5.0,2025-03,2025Q1,1
RVA-12315,2024-06-28,East End,Public Safety,Unsafe Structure,Low,Resolved,6.04,Email,Code Enforcement,4.1,2024-06,2024Q2,1
RVA-12316,2025-12-02,The Fan,Parks & Public Spaces,Tree Hazard,High,Resolved,0.57,Walk-in,Police,2.0,2025-12,2025Q4,1
RVA-12317,2025-02-10,West End,Public Safety,Missing Sign,Medium,In Progress,1.5,Phone,Public Utilities,1.3,2025-02,2025Q1,0
RVA-12318,2025-10-27,Ginter Park,Road & Sidewalk,Crosswalk Faded,Low,Closed,20.84,Phone,Police,3.8,2025-10,2025Q4,1
RVA-12319,2024-07-14,East End,Road & Sidewalk,Crosswalk Faded,Medium,Closed,3.62,Website,Police,2.2,2024-07,2024Q3,1
RVA-12320,2025-04-10,The Fan,Public Safety,Traffic Signal Issue,Low,In Progress,13.07,Phone,Code Enforcement,1.9,2025-04,2025Q2,0
RVA-12321,2024-11-06,Ginter Park,Public Safety,Hazardous Condition,Low,Closed,0.36,Website,Transportation,3.9,2024-11,2024Q4,1
RVA-12322,2024-09-18,West End,Public Safety,Unsafe Structure,Low,Closed,4.54,Mobile App,Police,3.7,2024-09,2024Q3,1
RVA-12323,2025-02-22,Oregon Hill,Road & Sidewalk,Pothole Repair,High,Resolved,1.3,Phone,Parks & Rec,2.9,2025-02,2025Q1,1
RVA-12324,2025-02-09,Manchester,Public Safety,Unsafe Structure,Emergency,Closed,0.1,Phone,Transportation,4.8,2025-02,2025Q1,1
RVA-12325,2024-05-22,Museum District,Public Safety,Unsafe Structure,High,Open,0.26,Walk-in,Police,3.7,2024-05,2024Q2,0
RVA-12326,2024-12-07,Ginter Park,Water & Utilities,Hydrant Issue,Medium,Closed,10.21,Website,Public Utilities,4.6,2024-12,2024Q4,1
RVA-12327,2024-11-11,Scott's Addition,Parks & Public Spaces,Graffiti Removal,Medium,Resolved,14.02,Mobile App,Police,1.8,2024-11,2024Q4,1
RVA-12328,2024-04-10,Carytown,Parks & Public Spaces,Graffiti Removal,Medium,Resolved,0.41,Mobile App,Public Works,2.2,2024-04,2024Q2,1
RVA-12329,2024-08-31,Ginter Park,Public Safety,Missing Sign,High,Closed,0.86,Mobile App,Code Enforcement,1.4,2024-08,2024Q3,1
RVA-12330,2025-05-04,The Fan,Water & Utilities,Storm Drain Blocked,Emergency,Resolved,1.59,Mobile App,Public Utilities,2.2,2025-05,2025Q2,1
RVA-12331,2024-01-12,Bon Air,Noise & Nuisance,Animal Control,Low,Closed,0.87,Mobile App,Parks & Rec,4.9,2024-01,2024Q1,1
RVA-12332,2024-08-26,Manchester,Noise & Nuisance,Animal Control,Low,Resolved,10.32,Website,Police,4.9,2024-08,2024Q3,1
RVA-12333,2025-07-14,Lakeside,Parks & Public Spaces,Park Maintenance,High,Closed,7.17,Email,Police,4.0,2025-07,2025Q3,1
RVA-12334,2024-02-11,Carytown,Road & Sidewalk,Pothole Repair,High,Resolved,7.65,Phone,Parks & Rec,3.1,2024-02,2024Q1,1
RVA-12335,2025-11-08,Bon Air,Public Safety,Traffic Signal Issue,High,In Progress,1.27,Phone,Police,4.1,2025-11,2025Q4,0
RVA-12336,2025-08-16,Highland Park,Water & Utilities,Sewer Problem,High,Closed,0.36,Website,Public Works,3.2,2025-08,2025Q3,1
RVA-12337,2025-03-04,Bon Air,Public Safety,Hazardous Condition,Emergency,Closed,0.11,Email,Transportation,1.0,2025-03,2025Q1,1
RVA-12338,2024-06-06,West End,Water & Utilities,Hydrant Issue,Medium,Closed,11.02,Email,Transportation,3.0,2024-06,2024Q2,1
RVA-12339,2024-08-03,Shockoe Bottom,Noise & Nuisance,Noise Complaint,Emergency,Closed,1.21,Mobile App,Public Utilities,3.4,2024-08,2024Q3,1
RVA-12340,2025-10-31,Manchester,Water & Utilities,Sewer Problem,Emergency,Open,0.47,Mobile App,Police,2.1,2025-10,2025Q4,0
RVA-12341,2025-04-06,Museum District,Water & Utilities,Sewer Problem,High,Resolved,2.91,Mobile App,Parks & Rec,1.8,2025-04,2025Q2,1
RVA-12342,2024-05-13,Northside,Sanitation,Missed Trash Pickup,Medium,Resolved,6.73,Website,Parks & Rec,2.1,2024-05,2024Q2,1
RVA-12343,2024-03-07,Bon Air,Noise & Nuisance,Animal Control,Low,Resolved,10.84,Website,Public Utilities,3.5,2024-03,2024Q1,1
RVA-12344,2024-01-07,Oregon Hill,Parks & Public Spaces,Park Maintenance,Medium,Closed,8.78,Mobile App,Public Works,1.6,2024-01,2024Q1,1
RVA-12345,2025-06-09,West End,Noise & Nuisance,Property Maintenance,Medium,Closed,5.78,Walk-in,Public Utilities,3.9,2025-06,2025Q2,1
RVA-12346,2024-03-13,Bon Air,Road & Sidewalk,Street Light Out,High,Resolved,1.53,Phone,Police,2.7,2024-03,2024Q1,1
RVA-12347,2025-02-02,Shockoe Bottom,Public Safety,Unsafe Structure,Low,Closed,2.7,Email,Transportation,2.4,2025-02,2025Q1,1
RVA-12348,2025-02-08,Ginter Park,Water & Utilities,Hydrant Issue,Medium,Closed,6.81,Mobile App,Public Works,4.2,2025-02,2025Q1,1
RVA-12349,2025-11-05,Museum District,Sanitation,Missed Trash Pickup,High,Closed,1.28,Mobile App,Public Works,3.0,2025-11,2025Q4,1
RVA-12350,2025-07-31,West End,Road & Sidewalk,Street Light Out,Low,Resolved,3.49,Mobile App,Parks & Rec,2.5,2025-07,2025Q3,1
RVA-12351,2024-05-09,Scott's Addition,Noise & Nuisance,Noise Complaint,Medium,Resolved,8.1,Mobile App,Public Works,4.5,2024-05,2024Q2,1
RVA-12352,2025-04-10,Manchester,Road & Sidewalk,Pothole Repair,Medium,Closed,5.97,Website,Police,2.5,2025-04,2025Q2,1
RVA-12353,2024-07-24,The Fan,Noise & Nuisance,Animal Control,Medium,Closed,13.85,Mobile App,Police,4.4,2024-07,2024Q3,1
RVA-12354,2024-09-22,Bon Air,Road & Sidewalk,Crosswalk Faded,Low,Resolved,1.81,Website,Police,3.0,2024-09,2024Q3,1
RVA-12355,2025-06-20,Highland Park,Noise & Nuisance,Abandoned Vehicle,High,Closed,2.1,Mobile App,Transportation,1.8,2025-06,2025Q2,1
RVA-12356,2024-09-09,Carytown,Road & Sidewalk,Pothole Repair,Medium,Resolved,1.4,Mobile App,Code Enforcement,3.5,2024-09,2024Q3,1
RVA-12357,2024-10-15,Bon Air,Noise & Nuisance,Noise Complaint,Emergency,Resolved,1.17,Walk-in,Public Works,2.1,2024-10,2024Q4,1
RVA-12358,2024-06-12,Northside,Road & Sidewalk,Crosswalk Faded,Medium,Closed,0.52,Email,Public Works,1.6,2024-06,2024Q2,1
RVA-12359,2024-04-04,Ginter Park,Water & Utilities,Hydrant Issue,Medium,In Progress,5.34,Phone,Police,1.3,2024-04,2024Q2,0
RVA-12360,2024-04-19,The Fan,Road & Sidewalk,Street Light Out,Low,In Progress,15.66,Email,Parks & Rec,2.0,2024-04,2024Q2,0
RVA-12361,2024-12-01,Oregon Hill,Public Safety,Traffic Signal Issue,Low,Resolved,4.38,Website,Transportation,3.9,2024-12,2024Q4,1
RVA-12362,2024-08-25,East End,Road & Sidewalk,Sidewalk Damage,Medium,Resolved,15.41,Phone,Public Works,4.4,2024-08,2024Q3,1
RVA-12363,2025-01-15,Carytown,Parks & Public Spaces,Park Maintenance,Low,Resolved,19.02,Walk-in,Code Enforcement,4.4,2025-01,2025Q1,1
RVA-12364,2025-03-11,Museum District,Parks & Public Spaces,Tree Hazard,Medium,Resolved,1.75,Mobile App,Public Works,2.1,2025-03,2025Q1,1
RVA-12365,2025-04-27,Museum District,Water & Utilities,Sewer Problem,Medium,Closed,0.04,Mobile App,Public Utilities,3.6,2025-04,2025Q2,1
RVA-12366,2024-01-25,Scott's Addition,Sanitation,Overflowing Bin,Medium,Closed,1.76,Website,Code Enforcement,1.9,2024-01,2024Q1,1
RVA-12367,2025-10-14,Manchester,Sanitation,Missed Trash Pickup,Low,Resolved,3.3,Phone,Parks & Rec,3.5,2025-10,2025Q4,1
RVA-12368,2024-04-26,Bon Air,Road & Sidewalk,Pothole Repair,High,Resolved,4.41,Mobile App,Code Enforcement,4.5,2024-04,2024Q2,1
RVA-12369,2025-04-26,Scott's Addition,Road & Sidewalk,Pothole Repair,Emergency,Closed,1.71,Mobile App,Code Enforcement,1.2,2025-04,2025Q2,1
RVA-12370,2025-01-26,Scott's Addition,Road & Sidewalk,Sidewalk Damage,Low,Closed,0.73,Website,Public Works,4.9,2025-01,2025Q1,1
RVA-12371,2025-06-20,Short Pump,Parks & Public Spaces,Graffiti Removal,Low,Resolved,6.37,Website,Code Enforcement,4.3,2025-06,2025Q2,1
RVA-12372,2024-03-19,East End,Noise & Nuisance,Animal Control,Emergency,Resolved,0.4,Phone,Police,4.0,2024-03,2024Q1,1
RVA-12373,2025-08-02,West End,Water & Utilities,Hydrant Issue,Low,Resolved,0.98,Walk-in,Transportation,3.8,2025-08,2025Q3,1
RVA-12374,2024-06-21,Highland Park,Parks & Public Spaces,Tree Hazard,Emergency,Resolved,0.24,Phone,Code Enforcement,4.1,2024-06,2024Q2,1
RVA-12375,2024-01-12,The Fan,Parks & Public Spaces,Tree Hazard,Low,Resolved,3.81,Website,Public Works,5.0,2024-01,2024Q1,1
RVA-12376,2024-05-07,Oregon Hill,Parks & Public Spaces,Graffiti Removal,High,Closed,1.54,Email,Police,4.1,2024-05,2024Q2,1
RVA-12377,2025-08-30,Highland Park,Parks & Public Spaces,Tree Hazard,Medium,Closed,5.41,Walk-in,Parks & Rec,2.4,2025-08,2025Q3,1
RVA-12378,2024-04-01,Bon Air,Noise & Nuisance,Abandoned Vehicle,Emergency,Closed,0.61,Phone,Public Utilities,3.5,2024-04,2024Q2,1
RVA-12379,2025-10-14,Northside,Sanitation,Missed Trash Pickup,Medium,Resolved,0.74,Website,Code Enforcement,2.3,2025-10,2025Q4,1
RVA-12380,2025-06-26,The Fan,Noise & Nuisance,Noise Complaint,High,Closed,3.35,Phone,Police,4.9,2025-06,2025Q2,1
RVA-12381,2025-06-15,Oregon Hill,Parks & Public Spaces,Playground Repair,Low,Open,11.35,Website,Police,4.6,2025-06,2025Q2,0
RVA-12382,2025-10-19,The Fan,Parks & Public Spaces,Tree Hazard,Low,Resolved,21.99,Mobile App,Parks & Rec,3.3,2025-10,2025Q4,1
RVA-12383,2025-03-22,Highland Park,Road & Sidewalk,Street Light Out,High,Closed,1.19,Phone,Parks & Rec,4.1,2025-03,2025Q1,1
RVA-12384,2025-01-24,The Fan,Road & Sidewalk,Sidewalk Damage,Medium,Resolved,11.22,Mobile App,Public Utilities,4.6,2025-01,2025Q1,1
RVA-12385,2025-11-02,Shockoe Bottom,Public Safety,Traffic Signal Issue,Emergency,Resolved,1.0,Mobile App,Public Utilities,2.0,2025-11,2025Q4,1
RVA-12386,2024-02-12,Museum District,Water & Utilities,Hydrant Issue,Medium,Resolved,2.88,Phone,Public Works,3.3,2024-02,2024Q1,1
RVA-12387,2024-09-10,Museum District,Sanitation,Overflowing Bin,High,Closed,0.96,Walk-in,Public Utilities,2.9,2024-09,2024Q3,1
RVA-12388,2024-05-09,Jackson Ward,Public Safety,Hazardous Condition,Medium,Resolved,13.5,Mobile App,Public Utilities,4.1,2024-05,2024Q2,1
RVA-12389,2024-02-29,Museum District,Public Safety,Traffic Signal Issue,Emergency,Closed,0.63,Mobile App,Police,2.5,2024-02,2024Q1,1
RVA-12390,2025-10-24,West End,Water & Utilities,Hydrant Issue,Emergency,Closed,1.32,Phone,Code Enforcement,3.8,2025-10,2025Q4,1
RVA-12391,2025-04-11,Oregon Hill,Sanitation,Bulk Pickup Request,Medium,Closed,7.97,Website,Code Enforcement,2.6,2025-04,2025Q2,1
RVA-12392,2024-10-13,Northside,Water & Utilities,Hydrant Issue,High,Resolved,1.88,Mobile App,Transportation,1.4,2024-10,2024Q4,1
RVA-12393,2025-05-31,Manchester,Road & Sidewalk,Sidewalk Damage,High,Open,0.25,Mobile App,Public Utilities,1.4,2025-05,2025Q2,0
RVA-12394,2025-04-11,Oregon Hill,Water & Utilities,Water Main Break,Low,Resolved,3.45,Phone,Transportation,1.5,2025-04,2025Q2,1
RVA-12395,2024-12-10,Northside,Sanitation,Bulk Pickup Request,Medium,Resolved,17.34,Walk-in,Transportation,1.1,2024-12,2024Q4,1
RVA-12396,2025-10-03,Museum District,Parks & Public Spaces,Graffiti Removal,Low,Closed,3.85,Mobile App,Public Works,3.1,2025-10,2025Q4,1
RVA-12397,2025-01-16,West End,Noise & Nuisance,Noise Complaint,High,Resolved,0.2,Mobile App,Public Works,3.7,2025-01,2025Q1,1
RVA-12398,2025-11-20,Northside,Public Safety,Missing Sign,Low,Closed,12.29,Website,Code Enforcement,1.5,2025-11,2025Q4,1
RVA-12399,2024-09-09,Highland Park,Noise & Nuisance,Noise Complaint,Low,Resolved,13.24,Mobile App,Parks & Rec,3.4,2024-09,2024Q3,1
RVA-12400,2024-02-25,Museum District,Noise & Nuisance,Abandoned Vehicle,Medium,Closed,1.68,Mobile App,Police,3.4,2024-02,2024Q1,1
RVA-12401,2025-04-07,Museum District,Water & Utilities,Hydrant Issue,Medium,Resolved,1.77,Phone,Public Utilities,1.6,2025-04,2025Q2,1
RVA-12402,2025-04-01,East End,Water & Utilities,Storm Drain Blocked,High,Resolved,1.27,Email,Police,2.6,2025-04,2025Q2,1
RVA-12403,2024-03-23,Scott's Addition,Sanitation,Overflowing Bin,Emergency,Closed,0.01,Mobile App,Public Utilities,4.0,2024-03,2024Q1,1
RVA-12404,2024-04-08,Oregon Hill,Public Safety,Traffic Signal Issue,Medium,Resolved,7.79,Phone,Public Utilities,1.1,2024-04,2024Q2,1
RVA-12405,2024-05-28,Southside,Public Safety,Unsafe Structure,Low,In Progress,3.81,Phone,Transportation,1.6,2024-05,2024Q2,0
RVA-12406,2024-11-24,The Fan,Water & Utilities,Hydrant Issue,High,Resolved,3.85,Walk-in,Code Enforcement,5.0,2024-11,2024Q4,1
RVA-12407,2024-06-04,Museum District,Parks & Public Spaces,Graffiti Removal,Medium,Resolved,8.11,Mobile App,Police,3.9,2024-06,2024Q2,1
RVA-12408,2024-07-08,Northside,Parks & Public Spaces,Playground Repair,Medium,Closed,5.41,Phone,Police,2.9,2024-07,2024Q3,1
RVA-12409,2025-05-08,Bon Air,Road & Sidewalk,Street Light Out,Medium,Closed,1.96,Walk-in,Parks & Rec,3.5,2025-05,2025Q2,1
RVA-12410,2024-09-19,Woodland Heights,Road & Sidewalk,Crosswalk Faded,Medium,Open,3.63,Email,Parks & Rec,4.4,2024-09,2024Q3,0
RVA-12411,2024-03-20,Scott's Addition,Noise & Nuisance,Animal Control,Medium,Resolved,2.94,Website,Police,4.4,2024-03,2024Q1,1
RVA-12412,2025-02-03,Lakeside,Sanitation,Illegal Dumping,High,Closed,0.83,Phone,Parks & Rec,2.3,2025-02,2025Q1,1
RVA-12413,2025-08-31,The Fan,Public Safety,Unsafe Structure,Medium,Closed,9.42,Phone,Parks & Rec,3.0,2025-08,2025Q3,1
RVA-12414,2024-09-16,Scott's Addition,Water & Utilities,Water Main Break,High,Closed,1.32,Phone,Public Utilities,3.6,2024-09,2024Q3,1
RVA-12415,2025-09-06,Highland Park,Public Safety,Hazardous Condition,Medium,Closed,8.94,Website,Code Enforcement,1.3,2025-09,2025Q3,1
RVA-12416,2025-07-05,Carytown,Noise & Nuisance,Property Maintenance,Low,Resolved,1.11,Website,Public Utilities,4.8,2025-07,2025Q3,1
RVA-12417,2024-04-10,Scott's Addition,Water & Utilities,Water Main Break,High,In Progress,0.3,Walk-in,Transportation,2.7,2024-04,2024Q2,0
RVA-12418,2024-12-24,Bon Air,Road & Sidewalk,Crosswalk Faded,Medium,Resolved,18.93,Phone,Parks & Rec,2.5,2024-12,2024Q4,1
RVA-12419,2025-01-14,Ginter Park,Noise & Nuisance,Property Maintenance,Low,Resolved,8.86,Website,Public Utilities,4.6,2025-01,2025Q1,1
RVA-12420,2024-08-08,Highland Park,Road & Sidewalk,Sidewalk Damage,Medium,Closed,3.56,Email,Public Utilities,1.5,2024-08,2024Q3,1
RVA-12421,2025-02-23,Ginter Park,Noise & Nuisance,Noise Complaint,Medium,Resolved,3.7,Email,Public Works,1.2,2025-02,2025Q1,1
RVA-12422,2024-05-03,Highland Park,Sanitation,Illegal Dumping,High,Closed,0.48,Website,Public Utilities,3.7,2024-05,2024Q2,1
RVA-12423,2025-02-25,Carytown,Water & Utilities,Storm Drain Blocked,Medium,Resolved,6.34,Website,Public Utilities,2.5,2025-02,2025Q1,1
RVA-12424,2024-08-18,Short Pump,Public Safety,Missing Sign,High,Closed,0.18,Phone,Code Enforcement,4.1,2024-08,2024Q3,1
RVA-12425,2025-11-20,Museum District,Parks & Public Spaces,Park Maintenance,Low,In Progress,8.52,Mobile App,Police,1.3,2025-11,2025Q4,0
RVA-12426,2024-03-03,Manchester,Noise & Nuisance,Noise Complaint,Medium,In Progress,4.23,Mobile App,Public Works,2.5,2024-03,2024Q1,0
RVA-12427,2025-04-29,Ginter Park,Parks & Public Spaces,Graffiti Removal,Emergency,In Progress,1.23,Phone,Public Works,1.9,2025-04,2025Q2,0
RVA-12428,2025-09-19,Museum District,Public Safety,Unsafe Structure,High,Closed,1.49,Mobile App,Public Works,4.0,2025-09,2025Q3,1
RVA-12429,2025-12-03,The Fan,Road & Sidewalk,Street Light Out,Low,Open,1.47,Phone,Transportation,1.9,2025-12,2025Q4,0
RVA-12430,2025-07-27,Scott's Addition,Water & Utilities,Hydrant Issue,Medium,Closed,4.25,Website,Public Works,2.8,2025-07,2025Q3,1
RVA-12431,2025-04-27,Scott's Addition,Parks & Public Spaces,Tree Hazard,Medium,Resolved,0.48,Phone,Code Enforcement,4.3,2025-04,2025Q2,1
RVA-12432,2025-06-02,Fulton,Parks & Public Spaces,Tree Hazard,High,Resolved,0.46,Mobile App,Police,4.7,2025-06,2025Q2,1
RVA-12433,2024-06-03,East End,Water & Utilities,Hydrant Issue,High,Closed,0.06,Mobile App,Transportation,3.9,2024-06,2024Q2,1
RVA-12434,2024-04-01,Northside,Sanitation,Illegal Dumping,High,Resolved,1.44,Mobile App,Code Enforcement,2.7,2024-04,2024Q2,1
RVA-12435,2025-06-09,Lakeside,Sanitation,Bulk Pickup Request,Medium,Resolved,0.44,Mobile App,Public Works,3.3,2025-06,2025Q2,1
RVA-12436,2025-03-30,East End,Road & Sidewalk,Sidewalk Damage,High,Resolved,1.27,Email,Police,3.8,2025-03,2025Q1,1
RVA-12437,2025-08-20,Highland Park,Road & Sidewalk,Pothole Repair,Medium,Closed,13.51,Mobile App,Code Enforcement,4.5,2025-08,2025Q3,1
RVA-12438,2025-10-06,Northside,Noise & Nuisance,Animal Control,Low,Resolved,12.72,Mobile App,Police,4.6,2025-10,2025Q4,1
RVA-12439,2025-05-24,Bon Air,Road & Sidewalk,Sidewalk Damage,Medium,Resolved,0.4,Mobile App,Transportation,4.7,2025-05,2025Q2,1
RVA-12440,2024-07-01,Bon Air,Water & Utilities,Hydrant Issue,Emergency,Resolved,0.13,Website,Code Enforcement,4.2,2024-07,2024Q3,1
RVA-12441,2025-01-20,Bon Air,Parks & Public Spaces,Graffiti Removal,High,Resolved,2.24,Website,Police,1.6,2025-01,2025Q1,1
RVA-12442,2025-07-27,East End,Water & Utilities,Storm Drain Blocked,Medium,Resolved,11.25,Mobile App,Code Enforcement,4.0,2025-07,2025Q3,1
RVA-12443,2025-02-08,Bon Air,Road & Sidewalk,Pothole Repair,Medium,Closed,0.17,Email,Public Works,4.3,2025-02,2025Q1,1
RVA-12444,2024-09-02,Jackson Ward,Sanitation,Overflowing Bin,Emergency,Closed,0.84,Walk-in,Public Works,4.5,2024-09,2024Q3,1
RVA-12445,2025-08-13,Ginter Park,Road & Sidewalk,Street Light Out,Medium,Resolved,4.13,Mobile App,Public Works,4.7,2025-08,2025Q3,1
RVA-12446,2025-10-22,Bon Air,Sanitation,Bulk Pickup Request,Medium,Closed,3.95,Phone,Transportation,3.0,2025-10,2025Q4,1
RVA-12447,2025-10-11,Bon Air,Sanitation,Illegal Dumping,Emergency,Closed,1.58,Phone,Code Enforcement,3.6,2025-10,2025Q4,1
RVA-12448,2025-04-15,Ginter Park,Noise & Nuisance,Noise Complaint,High,Closed,2.75,Mobile App,Police,1.0,2025-04,2025Q2,1
RVA-12449,2025-02-26,Jackson Ward,Water & Utilities,Water Main Break,Medium,In Progress,9.49,Walk-in,Police,3.3,2025-02,2025Q1,0
RVA-12450,2024-03-05,Shockoe Bottom,Water & Utilities,Hydrant Issue,Medium,Resolved,2.18,Mobile App,Parks & Rec,2.9,2024-03,2024Q1,1
RVA-12451,2024-01-13,Manchester,Sanitation,Illegal Dumping,Medium,Closed,4.04,Phone,Public Utilities,4.8,2024-01,2024Q1,1
RVA-12452,2024-07-31,Highland Park,Parks & Public Spaces,Playground Repair,Low,In Progress,9.56,Phone,Public Works,4.6,2024-07,2024Q3,0
RVA-12453,2024-08-29,Scott's Addition,Sanitation,Illegal Dumping,Emergency,Open,0.19,Phone,Public Works,4.2,2024-08,2024Q3,0
RVA-12454,2025-05-07,Museum District,Public Safety,Traffic Signal Issue,Medium,Closed,4.22,Walk-in,Public Works,1.2,2025-05,2025Q2,1
RVA-12455,2024-07-31,Northside,Water & Utilities,Hydrant Issue,High,Resolved,0.54,Mobile App,Parks & Rec,2.6,2024-07,2024Q3,1
RVA-12456,2025-11-23,Northside,Sanitation,Overflowing Bin,Low,Resolved,1.55,Mobile App,Parks & Rec,3.8,2025-11,2025Q4,1
RVA-12457,2024-12-03,Bon Air,Noise & Nuisance,Noise Complaint,Medium,Resolved,2.34,Website,Parks & Rec,1.1,2024-12,2024Q4,1
RVA-12458,2024-06-21,East End,Water & Utilities,Sewer Problem,Low,Closed,13.44,Mobile App,Public Works,1.9,2024-06,2024Q2,1
RVA-12459,2025-11-02,Highland Park,Sanitation,Missed Trash Pickup,High,Resolved,4.96,Mobile App,Police,4.6,2025-11,2025Q4,1
RVA-12460,2024-06-12,Northside,Road & Sidewalk,Sidewalk Damage,Medium,Closed,3.06,Phone,Public Works,1.5,2024-06,2024Q2,1
RVA-12461,2025-04-09,Ginter Park,Sanitation,Illegal Dumping,Medium,Resolved,5.15,Mobile App,Parks & Rec,1.2,2025-04,2025Q2,1
RVA-12462,2025-05-11,Scott's Addition,Parks & Public Spaces,Park Maintenance,Low,Resolved,1.09,Phone,Parks & Rec,3.3,2025-05,2025Q2,1
RVA-12463,2025-11-30,Scott's Addition,Road & Sidewalk,Sidewalk Damage,Low,Resolved,23.48,Mobile App,Public Utilities,4.8,2025-11,2025Q4,1
RVA-12464,2025-01-29,Bon Air,Noise & Nuisance,Abandoned Vehicle,Low,Resolved,8.41,Mobile App,Code Enforcement,4.3,2025-01,2025Q1,1
RVA-12465,2025-12-03,West End,Road & Sidewalk,Sidewalk Damage,Medium,Resolved,7.58,Phone,Public Utilities,4.9,2025-12,2025Q4,1
RVA-12466,2024-11-03,East End,Road & Sidewalk,Street Light Out,Medium,Resolved,7.91,Mobile App,Public Utilities,4.0,2024-11,2024Q4,1
RVA-12467,2024-07-01,Museum District,Road & Sidewalk,Sidewalk Damage,Medium,Closed,1.48,Email,Public Works,2.7,2024-07,2024Q3,1
RVA-12468,2025-09-20,Oregon Hill,Parks & Public Spaces,Playground Repair,Medium,Resolved,3.77,Mobile App,Code Enforcement,4.8,2025-09,2025Q3,1
RVA-12469,2025-05-24,Northside,Water & Utilities,Hydrant Issue,Medium,Resolved,16.15,Website,Code Enforcement,2.7,2025-05,2025Q2,1
RVA-12470,2025-12-08,Carytown,Noise & Nuisance,Property Maintenance,Medium,Resolved,0.47,Walk-in,Public Works,2.4,2025-12,2025Q4,1
RVA-12471,2025-06-29,Museum District,Water & Utilities,Storm Drain Blocked,Low,Closed,11.49,Mobile App,Police,2.8,2025-06,2025Q2,1
RVA-12472,2025-07-17,Museum District,Public Safety,Traffic Signal Issue,Low,Resolved,32.77,Website,Transportation,4.3,2025-07,2025Q3,1
RVA-12473,2025-09-15,Short Pump,Sanitation,Illegal Dumping,High,Resolved,0.71,Walk-in,Public Works,4.7,2025-09,2025Q3,1
RVA-12474,2025-08-16,Southside,Water & Utilities,Water Main Break,Medium,Closed,9.88,Mobile App,Police,2.4,2025-08,2025Q3,1
RVA-12475,2024-08-14,Bon Air,Public Safety,Traffic Signal Issue,Low,Resolved,27.13,Email,Police,2.8,2024-08,2024Q3,1
RVA-12476,2025-03-11,East End,Public Safety,Missing Sign,Low,Resolved,13.75,Mobile App,Code Enforcement,4.6,2025-03,2025Q1,1
RVA-12477,2025-02-25,Fulton,Sanitation,Overflowing Bin,High,Resolved,0.53,Mobile App,Public Works,1.2,2025-02,2025Q1,1
RVA-12478,2025-07-07,Northside,Parks & Public Spaces,Park Maintenance,High,Closed,0.81,Website,Public Works,4.1,2025-07,2025Q3,1
RVA-12479,2024-01-21,Southside,Parks & Public Spaces,Playground Repair,High,Resolved,0.07,Mobile App,Code Enforcement,2.8,2024-01,2024Q1,1
RVA-12480,2025-07-07,The Fan,Public Safety,Hazardous Condition,Medium,Open,8.9,Website,Public Utilities,2.5,2025-07,2025Q3,0
RVA-12481,2025-01-31,Carytown,Parks & Public Spaces,Tree Hazard,Medium,Closed,9.47,Walk-in,Public Works,2.8,2025-01,2025Q1,1
RVA-12482,2025-09-16,Northside,Public Safety,Hazardous Condition,Emergency,In Progress,0.5,Email,Transportation,2.7,2025-09,2025Q3,0
RVA-12483,2024-04-14,Oregon Hill,Road & Sidewalk,Street Light Out,High,Closed,0.87,Phone,Transportation,4.0,2024-04,2024Q2,1
RVA-12484,2024-07-10,Highland Park,Water & Utilities,Hydrant Issue,Medium,In Progress,0.4,Email,Parks & Rec,4.7,2024-07,2024Q3,0
RVA-12485,2024-01-17,Short Pump,Public Safety,Hazardous Condition,High,Resolved,2.8,Phone,Parks & Rec,3.0,2024-01,2024Q1,1
RVA-12486,2024-04-29,Woodland Heights,Noise & Nuisance,Property Maintenance,High,Open,2.59,Mobile App,Public Works,4.3,2024-04,2024Q2,0
RVA-12487,2025-01-27,Bon Air,Noise & Nuisance,Abandoned Vehicle,Medium,Resolved,12.19,Phone,Police,3.9,2025-01,2025Q1,1
RVA-12488,2025-02-28,Church Hill,Sanitation,Illegal Dumping,Medium,Closed,6.56,Website,Transportation,2.3,2025-02,2025Q1,1
RVA-12489,2024-05-08,Oregon Hill,Sanitation,Missed Trash Pickup,Low,In Progress,17.64,Phone,Transportation,3.3,2024-05,2024Q2,0
RVA-12490,2024-05-09,East End,Parks & Public Spaces,Graffiti Removal,Low,Resolved,13.7,Phone,Code Enforcement,3.7,2024-05,2024Q2,1
RVA-12491,2025-07-25,Manchester,Public Safety,Missing Sign,High,Closed,1.99,Phone,Transportation,1.1,2025-07,2025Q3,1
RVA-12492,2025-07-13,Scott's Addition,Water & Utilities,Hydrant Issue,Medium,Resolved,2.78,Phone,Police,2.6,2025-07,2025Q3,1
RVA-12493,2024-01-29,Highland Park,Sanitation,Bulk Pickup Request,High,Closed,4.65,Email,Parks & Rec,5.0,2024-01,2024Q1,1
RVA-12494,2024-04-06,Bon Air,Noise & Nuisance,Abandoned Vehicle,Emergency,Closed,0.53,Phone,Parks & Rec,3.5,2024-04,2024Q2,1
RVA-12495,2024-01-10,Highland Park,Parks & Public Spaces,Playground Repair,Low,Closed,5.08,Mobile App,Code Enforcement,2.3,2024-01,2024Q1,1
RVA-12496,2024-08-29,Short Pump,Road & Sidewalk,Sidewalk Damage,Medium,Closed,0.44,Website,Parks & Rec,2.0,2024-08,2024Q3,1
RVA-12497,2024-08-19,Museum District,Road & Sidewalk,Sidewalk Damage,High,Resolved,0.69,Mobile App,Public Utilities,1.8,2024-08,2024Q3,1
RVA-12498,2024-10-10,Short Pump,Noise & Nuisance,Property Maintenance,High,Closed,1.57,Walk-in,Parks & Rec,2.6,2024-10,2024Q4,1
RVA-12499,2025-12-15,Museum District,Noise & Nuisance,Abandoned Vehicle,High,Closed,0.64,Mobile App,Transportation,1.8,2025-12,2025Q4,1
RVA-12500,2025-12-26,Lakeside,Water & Utilities,Sewer Problem,Medium,Closed,1.25,Mobile App,Police,1.5,2025-12,2025Q4,1
RVA-12501,2024-07-18,Scott's Addition,Road & Sidewalk,Pothole Repair,Medium,Open,3.75,Mobile App,Police,2.5,2024-07,2024Q3,0
RVA-12502,2024-03-19,Bon Air,Road & Sidewalk,Pothole Repair,Medium,Closed,0.93,Mobile App,Public Utilities,3.4,2024-03,2024Q1,1
RVA-12503,2024-06-21,Highland Park,Noise & Nuisance,Property Maintenance,Emergency,Closed,0.81,Website,Police,1.6,2024-06,2024Q2,1
RVA-12504,2025-04-11,West End,Public Safety,Hazardous Condition,Medium,Closed,3.31,Phone,Police,1.2,2025-04,2025Q2,1
RVA-12505,2025-08-03,Bon Air,Parks & Public Spaces,Graffiti Removal,Emergency,In Progress,0.43,Walk-in,Police,1.1,2025-08,2025Q3,0
RVA-12506,2025-02-19,Scott's Addition,Road & Sidewalk,Street Light Out,Medium,Resolved,0.8,Phone,Public Works,2.1,2025-02,2025Q1,1
RVA-12507,2025-03-24,The Fan,Parks & Public Spaces,Graffiti Removal,Emergency,Closed,0.2,Mobile App,Public Utilities,1.8,2025-03,2025Q1,1
RVA-12508,2024-03-27,Ginter Park,Water & Utilities,Sewer Problem,High,Resolved,1.06,Website,Public Utilities,3.2,2024-03,2024Q1,1
RVA-12509,2024-04-10,Bon Air,Parks & Public Spaces,Playground Repair,Medium,Resolved,8.26,Website,Parks & Rec,2.8,2024-04,2024Q2,1
RVA-12510,2024-01-08,Northside,Water & Utilities,Water Main Break,Medium,Closed,7.35,Website,Transportation,2.3,2024-01,2024Q1,1
RVA-12511,2024-07-18,The Fan,Water & Utilities,Hydrant Issue,Medium,In Progress,1.26,Website,Public Utilities,4.3,2024-07,2024Q3,0
RVA-12512,2025-05-19,Highland Park,Water & Utilities,Sewer Problem,Medium,Resolved,4.79,Mobile App,Code Enforcement,3.0,2025-05,2025Q2,1
RVA-12513,2024-03-27,The Fan,Water & Utilities,Water Main Break,Low,Resolved,2.79,Website,Public Utilities,1.4,2024-03,2024Q1,1
RVA-12514,2024-02-12,Short Pump,Noise & Nuisance,Animal Control,Low,Resolved,44.44,Phone,Code Enforcement,2.2,2024-02,2024Q1,1
RVA-12515,2025-01-19,Scott's Addition,Noise & Nuisance,Abandoned Vehicle,Medium,Resolved,15.2,Phone,Police,4.9,2025-01,2025Q1,1
RVA-12516,2025-09-12,Bon Air,Water & Utilities,Sewer Problem,High,Resolved,1.66,Email,Transportation,4.9,2025-09,2025Q3,1
RVA-12517,2025-03-10,Museum District,Sanitation,Missed Trash Pickup,Medium,In Progress,6.0,Phone,Code Enforcement,2.0,2025-03,2025Q1,0
RVA-12518,2025-02-11,Bon Air,Sanitation,Bulk Pickup Request,Low,Resolved,16.17,Website,Transportation,1.7,2025-02,2025Q1,1
RVA-12519,2025-04-27,Manchester,Public Safety,Missing Sign,High,Closed,2.55,Phone,Transportation,3.0,2025-04,2025Q2,1
RVA-12520,2025-10-25,Oregon Hill,Public Safety,Unsafe Structure,Medium,Resolved,6.02,Mobile App,Public Works,2.9,2025-10,2025Q4,1
RVA-12521,2024-01-17,Bon Air,Public Safety,Traffic Signal Issue,Emergency,Resolved,1.59,Phone,Transportation,2.6,2024-01,2024Q1,1
RVA-12522,2025-10-06,Shockoe Bottom,Water & Utilities,Hydrant Issue,High,In Progress,1.81,Phone,Police,3.1,2025-10,2025Q4,0
RVA-12523,2024-05-27,Northside,Noise & Nuisance,Animal Control,Low,Closed,10.11,Phone,Code Enforcement,1.9,2024-05,2024Q2,1
RVA-12524,2024-10-03,Oregon Hill,Road & Sidewalk,Street Light Out,Medium,Closed,9.46,Phone,Transportation,1.5,2024-10,2024Q4,1
RVA-12525,2024-08-19,Highland Park,Road & Sidewalk,Sidewalk Damage,Medium,Resolved,5.54,Walk-in,Police,3.3,2024-08,2024Q3,1
RVA-12526,2024-12-31,Carytown,Public Safety,Missing Sign,Low,Resolved,13.2,Mobile App,Public Works,4.7,2024-12,2024Q4,1
RVA-12527,2024-08-15,Museum District,Public Safety,Hazardous Condition,Low,Resolved,2.67,Mobile App,Police,1.6,2024-08,2024Q3,1
RVA-12528,2025-10-12,West End,Noise & Nuisance,Noise Complaint,Low,Closed,4.64,Walk-in,Police,3.8,2025-10,2025Q4,1
RVA-12529,2025-03-11,Jackson Ward,Public Safety,Unsafe Structure,Medium,Resolved,0.8,Email,Public Utilities,2.8,2025-03,2025Q1,1
RVA-12530,2025-02-02,The Fan,Sanitation,Missed Trash Pickup,Medium,Resolved,3.52,Phone,Parks & Rec,2.2,2025-02,2025Q1,1
RVA-12531,2024-07-29,West End,Road & Sidewalk,Crosswalk Faded,Medium,Closed,3.04,Walk-in,Code Enforcement,4.4,2024-07,2024Q3,1
RVA-12532,2025-01-25,Lakeside,Road & Sidewalk,Crosswalk Faded,Low,Closed,58.65,Mobile App,Parks & Rec,2.8,2025-01,2025Q1,1
RVA-12533,2025-05-13,The Fan,Road & Sidewalk,Street Light Out,High,In Progress,1.89,Mobile App,Public Works,3.3,2025-05,2025Q2,0
RVA-12534,2025-06-23,Northside,Water & Utilities,Sewer Problem,Medium,Closed,7.72,Walk-in,Public Works,2.8,2025-06,2025Q2,1
RVA-12535,2025-07-16,Bon Air,Sanitation,Overflowing Bin,Medium,Resolved,2.03,Email,Police,1.3,2025-07,2025Q3,1
RVA-12536,2025-05-05,Carytown,Parks & Public Spaces,Graffiti Removal,Low,Closed,17.81,Mobile App,Parks & Rec,3.4,2025-05,2025Q2,1
RVA-12537,2025-03-17,Northside,Noise & Nuisance,Abandoned Vehicle,Low,Resolved,9.55,Mobile App,Code Enforcement,2.7,2025-03,2025Q1,1
RVA-12538,2024-09-17,West End,Parks & Public Spaces,Park Maintenance,Medium,Resolved,5.97,Mobile App,Code Enforcement,1.3,2024-09,2024Q3,1
RVA-12539,2024-12-15,The Fan,Water & Utilities,Storm Drain Blocked,Low,Closed,3.49,Mobile App,Police,3.4,2024-12,2024Q4,1
RVA-12540,2024-12-17,The Fan,Sanitation,Missed Trash Pickup,Medium,Resolved,3.98,Website,Code Enforcement,1.0,2024-12,2024Q4,1
RVA-12541,2025-06-03,Museum District,Parks & Public Spaces,Playground Repair,Medium,In Progress,5.03,Phone,Public Utilities,1.8,2025-06,2025Q2,0
RVA-12542,2024-11-15,Highland Park,Sanitation,Overflowing Bin,Medium,Resolved,4.45,Phone,Parks & Rec,4.1,2024-11,2024Q4,1
RVA-12543,2024-05-17,Shockoe Bottom,Water & Utilities,Hydrant Issue,Low,Resolved,24.67,Phone,Public Works,1.2,2024-05,2024Q2,1
RVA-12544,2025-07-03,Ginter Park,Noise & Nuisance,Animal Control,Medium,Resolved,11.43,Walk-in,Code Enforcement,3.6,2025-07,2025Q3,1
RVA-12545,2025-09-14,East End,Sanitation,Missed Trash Pickup,Medium,Closed,17.7,Mobile App,Code Enforcement,4.8,2025-09,2025Q3,1
RVA-12546,2025-01-02,Manchester,Sanitation,Illegal Dumping,High,Resolved,2.2,Website,Code Enforcement,1.7,2025-01,2025Q1,1
RVA-12547,2024-08-07,Short Pump,Noise & Nuisance,Property Maintenance,High,Resolved,7.14,Email,Police,2.7,2024-08,2024Q3,1
RVA-12548,2024-12-02,Bon Air,Sanitation,Overflowing Bin,Medium,In Progress,8.93,Mobile App,Public Works,3.3,2024-12,2024Q4,0
RVA-12549,2024-08-10,Scott's Addition,Sanitation,Illegal Dumping,Medium,Resolved,1.58,Walk-in,Parks & Rec,2.8,2024-08,2024Q3,1
RVA-12550,2025-10-09,Lakeside,Road & Sidewalk,Sidewalk Damage,Medium,Resolved,2.79,Website,Code Enforcement,3.5,2025-10,2025Q4,1
RVA-12551,2024-12-25,Southside,Road & Sidewalk,Pothole Repair,High,Resolved,0.54,Mobile App,Public Utilities,2.6,2024-12,2024Q4,1
RVA-12552,2024-11-24,Church Hill,Sanitation,Overflowing Bin,Low,Resolved,0.04,Mobile App,Transportation,1.6,2024-11,2024Q4,1
RVA-12553,2025-04-07,The Fan,Noise & Nuisance,Noise Complaint,Emergency,Open,0.1,Website,Police,1.4,2025-04,2025Q2,0
RVA-12554,2025-07-14,The Fan,Public Safety,Hazardous Condition,High,Closed,0.01,Phone,Parks & Rec,4.0,2025-07,2025Q3,1
RVA-12555,2025-01-16,Manchester,Road & Sidewalk,Pothole Repair,High,Resolved,2.54,Phone,Code Enforcement,2.0,2025-01,2025Q1,1
RVA-12556,2025-08-12,The Fan,Sanitation,Overflowing Bin,Low,Resolved,5.54,Mobile App,Parks & Rec,4.4,2025-08,2025Q3,1
RVA-12557,2025-09-08,Highland Park,Public Safety,Traffic Signal Issue,Medium,Open,1.87,Website,Police,4.0,2025-09,2025Q3,0
RVA-12558,2024-06-17,Bon Air,Public Safety,Unsafe Structure,Medium,Closed,7.17,Mobile App,Transportation,1.2,2024-06,2024Q2,1
RVA-12559,2024-08-04,The Fan,Sanitation,Illegal Dumping,Low,In Progress,17.87,Phone,Public Utilities,1.8,2024-08,2024Q3,0
RVA-12560,2025-01-12,Museum District,Parks & Public Spaces,Graffiti Removal,Medium,Closed,18.5,Phone,Code Enforcement,2.2,2025-01,2025Q1,1
RVA-12561,2024-04-28,The Fan,Parks & Public Spaces,Tree Hazard,High,Resolved,2.05,Website,Public Utilities,3.4,2024-04,2024Q2,1
RVA-12562,2024-07-08,Carytown,Sanitation,Missed Trash Pickup,Medium,Resolved,3.1,Mobile App,Police,4.2,2024-07,2024Q3,1
RVA-12563,2025-01-04,Manchester,Road & Sidewalk,Pothole Repair,Medium,Closed,1.82,Mobile App,Public Utilities,1.2,2025-01,2025Q1,1
RVA-12564,2024-05-28,Oregon Hill,Road & Sidewalk,Pothole Repair,Low,Closed,2.51,Mobile App,Police,2.0,2024-05,2024Q2,1
RVA-12565,2025-11-06,Bon Air,Parks & Public Spaces,Playground Repair,High,Resolved,0.48,Mobile App,Transportation,2.5,2025-11,2025Q4,1
RVA-12566,2025-10-13,Oregon Hill,Water & Utilities,Water Main Break,High,Resolved,1.05,Mobile App,Public Utilities,1.7,2025-10,2025Q4,1
RVA-12567,2025-05-02,Museum District,Water & Utilities,Storm Drain Blocked,Medium,Resolved,24.01,Website,Parks & Rec,3.2,2025-05,2025Q2,1
RVA-12568,2025-01-08,Scott's Addition,Road & Sidewalk,Pothole Repair,Medium,Closed,0.0,Website,Parks & Rec,2.9,2025-01,2025Q1,1
RVA-12569,2025-11-23,The Fan,Road & Sidewalk,Street Light Out,Medium,Closed,1.1,Website,Police,2.3,2025-11,2025Q4,1
RVA-12570,2024-06-08,Bon Air,Public Safety,Traffic Signal Issue,Medium,Resolved,1.04,Phone,Parks & Rec,3.1,2024-06,2024Q2,1
RVA-12571,2024-12-16,The Fan,Road & Sidewalk,Crosswalk Faded,Low,In Progress,12.63,Mobile App,Transportation,2.4,2024-12,2024Q4,0
RVA-12572,2024-10-14,Bon Air,Water & Utilities,Water Main Break,Emergency,Resolved,0.22,Email,Public Utilities,2.4,2024-10,2024Q4,1
RVA-12573,2024-10-14,Carytown,Noise & Nuisance,Abandoned Vehicle,Medium,Resolved,3.06,Mobile App,Public Utilities,2.1,2024-10,2024Q4,1
RVA-12574,2024-08-13,Northside,Parks & Public Spaces,Tree Hazard,Medium,Resolved,0.8,Website,Code Enforcement,3.2,2024-08,2024Q3,1
RVA-12575,2025-06-06,Bon Air,Road & Sidewalk,Street Light Out,Medium,Closed,2.6,Email,Police,2.8,2025-06,2025Q2,1
RVA-12576,2025-06-05,Church Hill,Water & Utilities,Sewer Problem,High,In Progress,0.22,Website,Parks & Rec,1.8,2025-06,2025Q2,0
RVA-12577,2024-09-29,Museum District,Road & Sidewalk,Street Light Out,Low,Resolved,7.62,Mobile App,Transportation,1.1,2024-09,2024Q3,1
RVA-12578,2025-02-05,Highland Park,Noise & Nuisance,Animal Control,Medium,Resolved,0.52,Mobile App,Police,1.6,2025-02,2025Q1,1
RVA-12579,2024-07-01,The Fan,Water & Utilities,Hydrant Issue,High,Resolved,3.13,Mobile App,Parks & Rec,1.2,2024-07,2024Q3,1
RVA-12580,2025-10-26,West End,Road & Sidewalk,Sidewalk Damage,Medium,Open,4.18,Website,Code Enforcement,2.7,2025-10,2025Q4,0
RVA-12581,2025-05-02,The Fan,Road & Sidewalk,Pothole Repair,High,In Progress,2.57,Website,Public Utilities,1.9,2025-05,2025Q2,0
RVA-12582,2024-05-03,Scott's Addition,Road & Sidewalk,Crosswalk Faded,Low,In Progress,5.42,Website,Public Utilities,2.7,2024-05,2024Q2,0
RVA-12583,2025-09-17,Shockoe Bottom,Parks & Public Spaces,Tree Hazard,High,Closed,0.96,Mobile App,Transportation,2.3,2025-09,2025Q3,1
RVA-12584,2025-02-17,Bon Air,Noise & Nuisance,Noise Complaint,Low,Closed,1.03,Walk-in,Public Works,3.2,2025-02,2025Q1,1
RVA-12585,2025-12-25,Shockoe Bottom,Parks & Public Spaces,Graffiti Removal,Low,Open,7.42,Website,Police,3.9,2025-12,2025Q4,0
RVA-12586,2024-06-20,The Fan,Public Safety,Traffic Signal Issue,High,Resolved,1.45,Mobile App,Parks & Rec,2.9,2024-06,2024Q2,1
RVA-12587,2024-10-14,Northside,Noise & Nuisance,Noise Complaint,Medium,Resolved,3.16,Mobile App,Public Works,1.2,2024-10,2024Q4,1
RVA-12588,2025-03-10,Oregon Hill,Road & Sidewalk,Pothole Repair,Medium,Resolved,6.75,Website,Police,1.1,2025-03,2025Q1,1
RVA-12589,2025-11-16,Jackson Ward,Noise & Nuisance,Animal Control,Low,Resolved,17.87,Phone,Parks & Rec,1.9,2025-11,2025Q4,1
RVA-12590,2024-04-22,Carytown,Road & Sidewalk,Sidewalk Damage,Medium,Resolved,6.95,Mobile App,Code Enforcement,2.7,2024-04,2024Q2,1
RVA-12591,2024-05-01,Highland Park,Road & Sidewalk,Sidewalk Damage,Medium,Resolved,0.78,Mobile App,Police,1.2,2024-05,2024Q2,1
RVA-12592,2025-06-27,Northside,Noise & Nuisance,Property Maintenance,Emergency,In Progress,0.49,Website,Parks & Rec,2.3,2025-06,2025Q2,0
RVA-12593,2024-08-09,Oregon Hill,Sanitation,Overflowing Bin,Emergency,Closed,0.04,Mobile App,Public Utilities,4.5,2024-08,2024Q3,1
RVA-12594,2025-09-22,Shockoe Bottom,Noise & Nuisance,Abandoned Vehicle,Medium,Closed,5.93,Mobile App,Police,1.4,2025-09,2025Q3,1
RVA-12595,2024-02-08,Northside,Road & Sidewalk,Pothole Repair,Medium,Closed,2.41,Walk-in,Parks & Rec,4.8,2024-02,2024Q1,1
RVA-12596,2025-05-11,Highland Park,Road & Sidewalk,Pothole Repair,Medium,Open,0.71,Website,Transportation,4.4,2025-05,2025Q2,0
RVA-12597,2024-08-20,Manchester,Noise & Nuisance,Animal Control,High,Closed,3.96,Website,Public Utilities,4.3,2024-08,2024Q3,1
RVA-12598,2025-06-13,The Fan,Noise & Nuisance,Animal Control,Low,Closed,9.52,Phone,Public Utilities,4.5,2025-06,2025Q2,1
RVA-12599,2024-05-28,Scott's Addition,Sanitation,Bulk Pickup Request,Medium,Closed,2.19,Phone,Public Works,1.3,2024-05,2024Q2,1
RVA-12600,2025-01-31,West End,Water & Utilities,Hydrant Issue,Low,Resolved,0.31,Website,Parks & Rec,1.6,2025-01,2025Q1,1
RVA-12601,2025-10-22,Bon Air,Noise & Nuisance,Noise Complaint,Low,Closed,7.71,Email,Public Works,1.5,2025-10,2025Q4,1
RVA-12602,2025-09-29,The Fan,Noise & Nuisance,Noise Complaint,Low,Open,25.67,Mobile App,Transportation,1.4,2025-09,2025Q3,0
RVA-12603,2024-10-28,Manchester,Parks & Public Spaces,Park Maintenance,Medium,Resolved,4.54,Mobile App,Public Works,2.3,2024-10,2024Q4,1
RVA-12604,2024-12-25,The Fan,Sanitation,Illegal Dumping,High,Resolved,7.13,Mobile App,Code Enforcement,4.3,2024-12,2024Q4,1
RVA-12605,2024-08-25,Manchester,Parks & Public Spaces,Park Maintenance,Medium,Closed,0.73,Website,Public Works,2.0,2024-08,2024Q3,1
RVA-12606,2025-10-08,Jackson Ward,Noise & Nuisance,Noise Complaint,Medium,Closed,4.2,Phone,Public Works,2.0,2025-10,2025Q4,1
RVA-12607,2025-10-24,Bon Air,Public Safety,Missing Sign,Low,Resolved,16.0,Mobile App,Code Enforcement,3.7,2025-10,2025Q4,1
RVA-12608,2024-08-23,The Fan,Water & Utilities,Sewer Problem,Medium,Resolved,3.73,Phone,Code Enforcement,1.4,2024-08,2024Q3,1
RVA-12609,2024-07-21,Highland Park,Water & Utilities,Hydrant Issue,Medium,In Progress,0.48,Mobile App,Police,2.4,2024-07,2024Q3,0
RVA-12610,2024-09-12,Oregon Hill,Public Safety,Missing Sign,Medium,Resolved,4.37,Mobile App,Public Works,2.2,2024-09,2024Q3,1
RVA-12611,2025-08-20,Highland Park,Sanitation,Missed Trash Pickup,Emergency,Resolved,0.47,Email,Public Utilities,4.4,2025-08,2025Q3,1
RVA-12612,2025-10-23,Short Pump,Public Safety,Missing Sign,Low,In Progress,13.05,Website,Code Enforcement,3.1,2025-10,2025Q4,0
RVA-12613,2024-08-22,The Fan,Sanitation,Illegal Dumping,Low,Closed,14.32,Mobile App,Parks & Rec,3.6,2024-08,2024Q3,1
RVA-12614,2024-12-10,Bon Air,Noise & Nuisance,Abandoned Vehicle,Medium,In Progress,7.37,Mobile App,Police,1.5,2024-12,2024Q4,0
RVA-12615,2025-06-17,The Fan,Noise & Nuisance,Abandoned Vehicle,Emergency,Resolved,0.54,Mobile App,Police,4.7,2025-06,2025Q2,1
RVA-12616,2025-04-10,Northside,Sanitation,Missed Trash Pickup,High,Closed,0.49,Website,Public Works,2.3,2025-04,2025Q2,1
RVA-12617,2025-06-24,Woodland Heights,Water & Utilities,Water Main Break,High,Closed,1.04,Phone,Transportation,3.8,2025-06,2025Q2,1
RVA-12618,2024-07-31,The Fan,Sanitation,Illegal Dumping,Medium,Closed,7.48,Email,Public Utilities,4.8,2024-07,2024Q3,1
RVA-12619,2025-04-07,Northside,Parks & Public Spaces,Graffiti Removal,Emergency,In Progress,1.53,Website,Transportation,3.0,2025-04,2025Q2,0
RVA-12620,2025-03-11,Ginter Park,Public Safety,Missing Sign,Low,Closed,0.82,Phone,Transportation,3.0,2025-03,2025Q1,1
RVA-12621,2024-10-09,Bon Air,Road & Sidewalk,Crosswalk Faded,Low,Resolved,7.67,Walk-in,Code Enforcement,1.5,2024-10,2024Q4,1
RVA-12622,2025-07-15,West End,Water & Utilities,Storm Drain Blocked,High,Closed,0.75,Website,Parks & Rec,2.6,2025-07,2025Q3,1
RVA-12623,2025-08-29,Scott's Addition,Sanitation,Missed Trash Pickup,Emergency,Closed,0.13,Mobile App,Public Works,4.4,2025-08,2025Q3,1
RVA-12624,2025-04-07,West End,Public Safety,Hazardous Condition,Low,Closed,7.05,Phone,Public Utilities,1.5,2025-04,2025Q2,1
RVA-12625,2025-02-10,West End,Public Safety,Traffic Signal Issue,Low,In Progress,9.32,Phone,Public Works,4.7,2025-02,2025Q1,0
RVA-12626,2024-03-28,West End,Noise & Nuisance,Animal Control,Low,Resolved,0.1,Phone,Public Works,3.7,2024-03,2024Q1,1
RVA-12627,2024-02-13,Ginter Park,Public Safety,Missing Sign,Low,Closed,15.15,Mobile App,Police,2.7,2024-02,2024Q1,1
RVA-12628,2025-04-05,The Fan,Noise & Nuisance,Animal Control,Low,Closed,17.14,Mobile App,Transportation,3.2,2025-04,2025Q2,1
RVA-12629,2024-10-04,Carytown,Water & Utilities,Water Main Break,Emergency,Open,1.68,Mobile App,Parks & Rec,1.6,2024-10,2024Q4,0
RVA-12630,2025-11-13,Southside,Water & Utilities,Storm Drain Blocked,High,Closed,0.4,Mobile App,Parks & Rec,1.9,2025-11,2025Q4,1
RVA-12631,2025-02-24,Bon Air,Parks & Public Spaces,Graffiti Removal,High,Open,1.81,Email,Parks & Rec,2.1,2025-02,2025Q1,0
RVA-12632,2025-12-01,Museum District,Noise & Nuisance,Property Maintenance,High,Resolved,1.11,Website,Parks & Rec,2.5,2025-12,2025Q4,1
RVA-12633,2024-12-18,Bon Air,Road & Sidewalk,Pothole Repair,Medium,Closed,2.04,Website,Code Enforcement,4.7,2024-12,2024Q4,1
RVA-12634,2025-11-26,Bon Air,Water & Utilities,Sewer Problem,High,In Progress,1.67,Phone,Code Enforcement,2.5,2025-11,2025Q4,0
RVA-12635,2025-05-29,Bon Air,Parks & Public Spaces,Playground Repair,Medium,Open,7.63,Website,Parks & Rec,3.1,2025-05,2025Q2,0
RVA-12636,2025-12-03,Bon Air,Noise & Nuisance,Noise Complaint,Medium,Closed,0.12,Email,Public Utilities,1.6,2025-12,2025Q4,1
RVA-12637,2025-09-21,Bon Air,Sanitation,Bulk Pickup Request,Medium,Resolved,17.43,Phone,Code Enforcement,3.9,2025-09,2025Q3,1
RVA-12638,2024-01-19,Ginter Park,Water & Utilities,Hydrant Issue,Medium,In Progress,8.3,Website,Code Enforcement,3.2,2024-01,2024Q1,0
RVA-12639,2024-01-23,West End,Parks & Public Spaces,Playground Repair,High,Closed,2.78,Phone,Public Utilities,2.8,2024-01,2024Q1,1
RVA-12640,2025-02-16,The Fan,Road & Sidewalk,Street Light Out,Emergency,Closed,0.71,Walk-in,Parks & Rec,4.8,2025-02,2025Q1,1
RVA-12641,2024-01-30,Carytown,Sanitation,Overflowing Bin,Medium,Resolved,2.46,Walk-in,Public Works,4.6,2024-01,2024Q1,1
RVA-12642,2024-04-17,Carytown,Parks & Public Spaces,Graffiti Removal,High,In Progress,2.79,Email,Code Enforcement,3.6,2024-04,2024Q2,0
RVA-12643,2025-01-01,The Fan,Water & Utilities,Hydrant Issue,Low,Open,4.89,Mobile App,Public Works,4.7,2025-01,2025Q1,0
RVA-12644,2024-10-07,Carytown,Water & Utilities,Water Main Break,High,Closed,4.58,Mobile App,Public Works,3.3,2024-10,2024Q4,1
RVA-12645,2024-05-07,Bon Air,Noise & Nuisance,Noise Complaint,Medium,Resolved,0.98,Mobile App,Public Utilities,4.3,2024-05,2024Q2,1
RVA-12646,2024-08-16,East End,Noise & Nuisance,Animal Control,Low,Closed,3.46,Phone,Parks & Rec,2.6,2024-08,2024Q3,1
RVA-12647,2024-04-20,Manchester,Public Safety,Missing Sign,Medium,Closed,4.01,Phone,Transportation,1.3,2024-04,2024Q2,1
RVA-12648,2024-05-15,Highland Park,Noise & Nuisance,Noise Complaint,Medium,Resolved,1.92,Mobile App,Public Works,5.0,2024-05,2024Q2,1
RVA-12649,2024-12-27,Museum District,Water & Utilities,Storm Drain Blocked,Low,In Progress,5.52,Website,Parks & Rec,1.7,2024-12,2024Q4,0
RVA-12650,2024-07-04,Church Hill,Public Safety,Unsafe Structure,Emergency,Closed,0.34,Mobile App,Police,2.0,2024-07,2024Q3,1
RVA-12651,2025-10-17,Fulton,Sanitation,Missed Trash Pickup,Low,Resolved,19.4,Walk-in,Transportation,1.7,2025-10,2025Q4,1
RVA-12652,2025-08-06,Manchester,Water & Utilities,Sewer Problem,Emergency,Resolved,0.37,Mobile App,Transportation,2.3,2025-08,2025Q3,1
RVA-12653,2024-05-08,West End,Water & Utilities,Hydrant Issue,High,Closed,0.9,Phone,Transportation,2.2,2024-05,2024Q2,1
RVA-12654,2024-09-17,Scott's Addition,Sanitation,Bulk Pickup Request,Medium,Closed,1.42,Website,Parks & Rec,3.4,2024-09,2024Q3,1
RVA-12655,2025-05-29,Lakeside,Sanitation,Bulk Pickup Request,Medium,Resolved,2.63,Website,Public Utilities,5.0,2025-05,2025Q2,1
RVA-12656,2025-03-24,Highland Park,Noise & Nuisance,Noise Complaint,High,Resolved,1.45,Mobile App,Public Utilities,1.2,2025-03,2025Q1,1
RVA-12657,2024-04-13,Shockoe Bottom,Parks & Public Spaces,Playground Repair,Medium,Closed,6.85,Walk-in,Police,4.1,2024-04,2024Q2,1
RVA-12658,2025-04-27,Bon Air,Sanitation,Illegal Dumping,High,Closed,0.26,Phone,Public Utilities,1.5,2025-04,2025Q2,1
RVA-12659,2024-08-11,The Fan,Sanitation,Overflowing Bin,Medium,Resolved,1.25,Walk-in,Parks & Rec,1.1,2024-08,2024Q3,1
RVA-12660,2025-05-05,Short Pump,Parks & Public Spaces,Tree Hazard,Medium,Resolved,2.39,Walk-in,Transportation,3.6,2025-05,2025Q2,1
RVA-12661,2025-04-17,Bon Air,Parks & Public Spaces,Playground Repair,Emergency,Resolved,0.22,Phone,Parks & Rec,4.5,2025-04,2025Q2,1
RVA-12662,2024-01-10,Bon Air,Water & Utilities,Hydrant Issue,Low,Closed,4.97,Email,Transportation,1.7,2024-01,2024Q1,1
RVA-12663,2025-02-08,Scott's Addition,Sanitation,Illegal Dumping,Medium,Resolved,7.89,Walk-in,Parks & Rec,2.4,2025-02,2025Q1,1
RVA-12664,2024-10-28,Church Hill,Road & Sidewalk,Street Light Out,Medium,Closed,1.96,Email,Public Utilities,1.7,2024-10,2024Q4,1
RVA-12665,2024-08-18,West End,Water & Utilities,Sewer Problem,High,Closed,1.39,Walk-in,Parks & Rec,4.6,2024-08,2024Q3,1
RVA-12666,2024-03-06,The Fan,Public Safety,Unsafe Structure,High,Closed,1.96,Walk-in,Code Enforcement,2.1,2024-03,2024Q1,1
RVA-12667,2024-04-21,Museum District,Water & Utilities,Sewer Problem,Medium,Closed,1.32,Phone,Transportation,2.8,2024-04,2024Q2,1
RVA-12668,2024-01-13,Highland Park,Public Safety,Traffic Signal Issue,Low,Closed,12.68,Mobile App,Transportation,4.6,2024-01,2024Q1,1
RVA-12669,2025-01-27,Northside,Noise & Nuisance,Animal Control,Low,Resolved,7.92,Email,Police,3.2,2025-01,2025Q1,1
RVA-12670,2025-05-14,Shockoe Bottom,Sanitation,Overflowing Bin,Medium,In Progress,2.96,Website,Code Enforcement,4.7,2025-05,2025Q2,0
RVA-12671,2025-08-20,Museum District,Sanitation,Overflowing Bin,Medium,Closed,8.3,Mobile App,Parks & Rec,4.7,2025-08,2025Q3,1
RVA-12672,2024-08-21,Bon Air,Water & Utilities,Storm Drain Blocked,Emergency,Resolved,0.14,Mobile App,Public Utilities,2.8,2024-08,2024Q3,1
RVA-12673,2025-08-24,Southside,Public Safety,Unsafe Structure,Medium,In Progress,10.74,Website,Police,3.3,2025-08,2025Q3,0
RVA-12674,2024-11-09,West End,Noise & Nuisance,Property Maintenance,Medium,In Progress,4.12,Phone,Code Enforcement,1.9,2024-11,2024Q4,0
RVA-12675,2025-07-19,Manchester,Noise & Nuisance,Property Maintenance,High,In Progress,1.88,Mobile App,Parks & Rec,5.0,2025-07,2025Q3,0
RVA-12676,2024-01-12,Shockoe Bottom,Parks & Public Spaces,Park Maintenance,Medium,Closed,10.4,Mobile App,Public Utilities,2.1,2024-01,2024Q1,1
RVA-12677,2024-07-27,Scott's Addition,Road & Sidewalk,Crosswalk Faded,Medium,Closed,8.51,Website,Parks & Rec,4.1,2024-07,2024Q3,1
RVA-12678,2024-01-14,Short Pump,Water & Utilities,Sewer Problem,Low,Resolved,9.2,Mobile App,Transportation,2.3,2024-01,2024Q1,1
RVA-12679,2025-09-24,Scott's Addition,Noise & Nuisance,Abandoned Vehicle,Medium,Closed,7.0,Phone,Code Enforcement,2.3,2025-09,2025Q3,1
RVA-12680,2025-02-21,Short Pump,Road & Sidewalk,Street Light Out,Emergency,Resolved,0.28,Website,Code Enforcement,1.4,2025-02,2025Q1,1
RVA-12681,2025-03-12,West End,Road & Sidewalk,Street Light Out,Medium,Closed,3.96,Website,Police,3.2,2025-03,2025Q1,1
RVA-12682,2025-01-11,West End,Sanitation,Illegal Dumping,Medium,Resolved,0.32,Mobile App,Public Utilities,2.0,2025-01,2025Q1,1
RVA-12683,2024-01-20,Shockoe Bottom,Parks & Public Spaces,Playground Repair,Medium,Closed,0.47,Mobile App,Public Works,1.6,2024-01,2024Q1,1
RVA-12684,2025-08-09,Highland Park,Public Safety,Traffic Signal Issue,Emergency,Resolved,0.88,Phone,Parks & Rec,1.9,2025-08,2025Q3,1
RVA-12685,2024-03-10,East End,Road & Sidewalk,Crosswalk Faded,Medium,Resolved,0.31,Website,Public Utilities,2.0,2024-03,2024Q1,1
RVA-12686,2024-07-29,The Fan,Public Safety,Unsafe Structure,Medium,Closed,0.93,Mobile App,Public Works,3.0,2024-07,2024Q3,1
RVA-12687,2024-04-10,The Fan,Water & Utilities,Hydrant Issue,Emergency,Open,0.79,Phone,Public Utilities,2.5,2024-04,2024Q2,0
RVA-12688,2025-11-28,East End,Road & Sidewalk,Crosswalk Faded,Low,Closed,0.01,Walk-in,Parks & Rec,1.3,2025-11,2025Q4,1
RVA-12689,2024-05-11,Oregon Hill,Parks & Public Spaces,Park Maintenance,High,Resolved,0.66,Email,Parks & Rec,3.1,2024-05,2024Q2,1
RVA-12690,2025-09-14,Church Hill,Road & Sidewalk,Pothole Repair,Medium,Resolved,4.39,Phone,Police,4.2,2025-09,2025Q3,1
RVA-12691,2025-01-15,The Fan,Parks & Public Spaces,Graffiti Removal,High,Resolved,1.81,Mobile App,Code Enforcement,3.3,2025-01,2025Q1,1
RVA-12692,2024-05-11,Shockoe Bottom,Road & Sidewalk,Street Light Out,Medium,In Progress,7.51,Mobile App,Code Enforcement,4.9,2024-05,2024Q2,0
RVA-12693,2024-01-20,Bon Air,Sanitation,Missed Trash Pickup,Medium,Resolved,3.53,Mobile App,Code Enforcement,1.4,2024-01,2024Q1,1
RVA-12694,2025-06-19,West End,Public Safety,Traffic Signal Issue,High,Closed,1.42,Mobile App,Police,4.3,2025-06,2025Q2,1
RVA-12695,2024-08-14,Short Pump,Water & Utilities,Hydrant Issue,Low,Resolved,12.92,Phone,Code Enforcement,3.0,2024-08,2024Q3,1
RVA-12696,2024-06-02,Bon Air,Public Safety,Missing Sign,Medium,Closed,3.45,Phone,Public Utilities,3.1,2024-06,2024Q2,1
RVA-12697,2025-04-13,Southside,Sanitation,Illegal Dumping,Low,Resolved,9.38,Mobile App,Code Enforcement,3.1,2025-04,2025Q2,1
RVA-12698,2025-02-08,West End,Public Safety,Unsafe Structure,Low,Closed,22.81,Walk-in,Code Enforcement,2.3,2025-02,2025Q1,1
RVA-12699,2024-07-20,Scott's Addition,Road & Sidewalk,Pothole Repair,Emergency,Resolved,0.26,Website,Transportation,2.3,2024-07,2024Q3,1
RVA-12700,2024-02-07,Northside,Noise & Nuisance,Property Maintenance,Medium,Resolved,2.43,Phone,Parks & Rec,3.5,2024-02,2024Q1,1
RVA-12701,2024-07-06,Church Hill,Noise & Nuisance,Animal Control,Emergency,Closed,0.0,Email,Police,1.2,2024-07,2024Q3,1
RVA-12702,2024-02-26,Jackson Ward,Water & Utilities,Sewer Problem,Low,In Progress,9.5,Website,Police,3.4,2024-02,2024Q1,0
RVA-12703,2024-01-20,The Fan,Water & Utilities,Water Main Break,Medium,Resolved,0.15,Email,Code Enforcement,3.9,2024-01,2024Q1,1
RVA-12704,2024-09-29,Scott's Addition,Public Safety,Hazardous Condition,Low,Resolved,7.01,Mobile App,Transportation,2.4,2024-09,2024Q3,1
RVA-12705,2024-04-28,The Fan,Noise & Nuisance,Noise Complaint,High,Resolved,3.26,Mobile App,Public Works,1.9,2024-04,2024Q2,1
RVA-12706,2025-08-05,Oregon Hill,Water & Utilities,Storm Drain Blocked,High,Resolved,1.6,Phone,Parks & Rec,1.9,2025-08,2025Q3,1
RVA-12707,2025-05-30,Ginter Park,Parks & Public Spaces,Park Maintenance,Low,Resolved,3.14,Phone,Code Enforcement,1.3,2025-05,2025Q2,1
RVA-12708,2024-08-08,Oregon Hill,Road & Sidewalk,Crosswalk Faded,Emergency,Open,0.77,Mobile App,Public Works,1.4,2024-08,2024Q3,0
RVA-12709,2025-06-09,Ginter Park,Sanitation,Illegal Dumping,Low,Closed,3.14,Website,Public Utilities,1.7,2025-06,2025Q2,1
RVA-12710,2025-05-29,East End,Sanitation,Overflowing Bin,Medium,Closed,6.6,Mobile App,Transportation,1.1,2025-05,2025Q2,1
RVA-12711,2025-12-28,Lakeside,Road & Sidewalk,Pothole Repair,Emergency,In Progress,0.47,Website,Transportation,2.1,2025-12,2025Q4,0
RVA-12712,2024-12-01,Scott's Addition,Water & Utilities,Water Main Break,High,Resolved,0.37,Phone,Parks & Rec,2.2,2024-12,2024Q4,1
RVA-12713,2025-11-28,Bon Air,Noise & Nuisance,Abandoned Vehicle,Emergency,Closed,1.18,Website,Transportation,5.0,2025-11,2025Q4,1
RVA-12714,2024-02-24,The Fan,Road & Sidewalk,Crosswalk Faded,Medium,Closed,1.12,Phone,Police,5.0,2024-02,2024Q1,1
RVA-12715,2025-05-14,West End,Road & Sidewalk,Sidewalk Damage,Low,Closed,45.65,Email,Public Works,1.7,2025-05,2025Q2,1
RVA-12716,2025-06-19,Southside,Sanitation,Overflowing Bin,Low,Closed,0.07,Mobile App,Code Enforcement,1.9,2025-06,2025Q2,1
RVA-12717,2024-06-10,Museum District,Sanitation,Illegal Dumping,Medium,In Progress,1.53,Email,Public Works,3.0,2024-06,2024Q2,0
RVA-12718,2025-10-31,Scott's Addition,Public Safety,Traffic Signal Issue,High,Closed,0.45,Mobile App,Police,1.6,2025-10,2025Q4,1
RVA-12719,2025-08-16,Museum District,Road & Sidewalk,Crosswalk Faded,Low,Closed,0.14,Website,Public Utilities,3.0,2025-08,2025Q3,1
RVA-12720,2024-06-07,Ginter Park,Road & Sidewalk,Crosswalk Faded,High,Resolved,2.64,Phone,Public Works,2.6,2024-06,2024Q2,1
RVA-12721,2024-07-06,Ginter Park,Parks & Public Spaces,Playground Repair,Medium,Resolved,5.91,Walk-in,Code Enforcement,2.3,2024-07,2024Q3,1
RVA-12722,2024-02-29,Bon Air,Public Safety,Missing Sign,Medium,Resolved,7.86,Website,Public Works,4.3,2024-02,2024Q1,1
RVA-12723,2024-11-14,Manchester,Parks & Public Spaces,Park Maintenance,High,Closed,0.59,Walk-in,Transportation,4.3,2024-11,2024Q4,1
RVA-12724,2024-07-29,Oregon Hill,Water & Utilities,Hydrant Issue,Medium,Resolved,2.94,Mobile App,Public Utilities,5.0,2024-07,2024Q3,1
RVA-12725,2025-02-09,The Fan,Parks & Public Spaces,Park Maintenance,High,Open,2.15,Walk-in,Public Works,1.9,2025-02,2025Q1,0
RVA-12726,2025-10-25,Bon Air,Road & Sidewalk,Sidewalk Damage,Low,In Progress,5.79,Mobile App,Public Utilities,4.6,2025-10,2025Q4,0
RVA-12727,2024-04-18,Manchester,Noise & Nuisance,Abandoned Vehicle,High,Resolved,2.39,Mobile App,Public Utilities,3.2,2024-04,2024Q2,1
RVA-12728,2024-03-16,Jackson Ward,Parks & Public Spaces,Tree Hazard,Low,Resolved,10.05,Mobile App,Parks & Rec,3.4,2024-03,2024Q1,1
RVA-12729,2025-06-25,Bon Air,Water & Utilities,Storm Drain Blocked,Low,Closed,1.22,Phone,Parks & Rec,4.6,2025-06,2025Q2,1
RVA-12730,2024-11-09,Short Pump,Road & Sidewalk,Pothole Repair,High,In Progress,3.04,Website,Code Enforcement,4.8,2024-11,2024Q4,0
RVA-12731,2024-04-26,Northside,Noise & Nuisance,Animal Control,High,Closed,2.55,Mobile App,Code Enforcement,3.9,2024-04,2024Q2,1
RVA-12732,2025-12-04,Shockoe Bottom,Noise & Nuisance,Abandoned Vehicle,Medium,Closed,5.33,Mobile App,Code Enforcement,2.4,2025-12,2025Q4,1
RVA-12733,2024-01-19,Lakeside,Public Safety,Missing Sign,Medium,Closed,0.84,Website,Public Utilities,3.0,2024-01,2024Q1,1
RVA-12734,2025-03-07,Bon Air,Parks & Public Spaces,Park Maintenance,Medium,Closed,1.56,Email,Public Utilities,3.5,2025-03,2025Q1,1
RVA-12735,2025-11-15,Northside,Parks & Public Spaces,Tree Hazard,Low,In Progress,5.0,Website,Parks & Rec,4.3,2025-11,2025Q4,0
RVA-12736,2024-12-15,Scott's Addition,Sanitation,Illegal Dumping,High,Resolved,0.66,Website,Transportation,3.6,2024-12,2024Q4,1
RVA-12737,2024-07-01,The Fan,Parks & Public Spaces,Park Maintenance,High,In Progress,0.52,Phone,Public Utilities,2.5,2024-07,2024Q3,0
RVA-12738,2024-04-22,Manchester,Public Safety,Hazardous Condition,Low,Closed,16.37,Website,Parks & Rec,2.7,2024-04,2024Q2,1
RVA-12739,2024-07-01,Northside,Parks & Public Spaces,Graffiti Removal,Medium,Resolved,5.08,Email,Public Works,1.2,2024-07,2024Q3,1
RVA-12740,2025-04-25,The Fan,Public Safety,Hazardous Condition,High,Resolved,1.67,Phone,Code Enforcement,4.7,2025-04,2025Q2,1
RVA-12741,2024-05-25,Northside,Sanitation,Missed Trash Pickup,Medium,Closed,1.28,Phone,Code Enforcement,1.4,2024-05,2024Q2,1
RVA-12742,2025-09-19,Short Pump,Parks & Public Spaces,Playground Repair,Medium,Closed,12.51,Walk-in,Police,3.3,2025-09,2025Q3,1
RVA-12743,2024-04-22,Highland Park,Water & Utilities,Hydrant Issue,Low,Closed,2.12,Email,Transportation,4.5,2024-04,2024Q2,1
RVA-12744,2025-04-20,The Fan,Water & Utilities,Hydrant Issue,Medium,Closed,7.92,Mobile App,Parks & Rec,2.7,2025-04,2025Q2,1
RVA-12745,2024-10-29,Highland Park,Noise & Nuisance,Noise Complaint,Low,Resolved,34.01,Phone,Police,4.2,2024-10,2024Q4,1
RVA-12746,2024-04-27,Short Pump,Water & Utilities,Water Main Break,High,Resolved,2.6,Website,Code Enforcement,4.2,2024-04,2024Q2,1
RVA-12747,2024-06-09,Oregon Hill,Parks & Public Spaces,Tree Hazard,Medium,In Progress,24.71,Phone,Police,1.2,2024-06,2024Q2,0
RVA-12748,2025-02-04,Bon Air,Parks & Public Spaces,Playground Repair,Medium,Closed,5.26,Phone,Public Works,2.6,2025-02,2025Q1,1
RVA-12749,2024-07-16,Shockoe Bottom,Noise & Nuisance,Abandoned Vehicle,High,Resolved,0.49,Website,Police,3.8,2024-07,2024Q3,1
RVA-12750,2024-09-16,Short Pump,Water & Utilities,Hydrant Issue,Low,Open,2.28,Mobile App,Public Works,2.7,2024-09,2024Q3,0
RVA-12751,2025-10-21,Manchester,Noise & Nuisance,Animal Control,Medium,Closed,1.96,Mobile App,Code Enforcement,3.2,2025-10,2025Q4,1
RVA-12752,2024-02-16,Short Pump,Water & Utilities,Hydrant Issue,Medium,Resolved,0.04,Email,Public Utilities,3.4,2024-02,2024Q1,1
RVA-12753,2025-02-02,Northside,Road & Sidewalk,Street Light Out,Medium,Closed,5.72,Website,Parks & Rec,1.6,2025-02,2025Q1,1
RVA-12754,2025-12-10,Carytown,Sanitation,Bulk Pickup Request,Emergency,Closed,0.16,Walk-in,Police,2.6,2025-12,2025Q4,1
RVA-12755,2025-07-12,East End,Road & Sidewalk,Pothole Repair,High,Closed,3.38,Walk-in,Transportation,1.1,2025-07,2025Q3,1
RVA-12756,2024-03-18,Southside,Parks & Public Spaces,Park Maintenance,Low,Open,4.45,Website,Public Works,1.6,2024-03,2024Q1,0
RVA-12757,2024-05-03,Highland Park,Water & Utilities,Hydrant Issue,High,Resolved,1.31,Walk-in,Transportation,3.0,2024-05,2024Q2,1
RVA-12758,2024-03-15,Carytown,Public Safety,Unsafe Structure,Medium,Closed,16.86,Mobile App,Code Enforcement,3.3,2024-03,2024Q1,1
RVA-12759,2024-05-16,Manchester,Sanitation,Overflowing Bin,Emergency,Closed,0.14,Website,Transportation,1.6,2024-05,2024Q2,1
RVA-12760,2025-08-24,East End,Public Safety,Unsafe Structure,Medium,Resolved,6.39,Phone,Transportation,4.0,2025-08,2025Q3,1
RVA-12761,2025-02-03,Church Hill,Parks & Public Spaces,Park Maintenance,Medium,Resolved,7.03,Website,Code Enforcement,2.5,2025-02,2025Q1,1
RVA-12762,2025-05-19,East End,Noise & Nuisance,Animal Control,Medium,In Progress,1.25,Mobile App,Public Utilities,4.7,2025-05,2025Q2,0
RVA-12763,2025-05-14,The Fan,Public Safety,Traffic Signal Issue,Medium,Closed,3.48,Mobile App,Transportation,2.6,2025-05,2025Q2,1
RVA-12764,2025-07-26,Manchester,Water & Utilities,Hydrant Issue,Medium,Resolved,2.16,Mobile App,Transportation,1.6,2025-07,2025Q3,1
RVA-12765,2024-05-17,Ginter Park,Public Safety,Hazardous Condition,Low,In Progress,14.78,Website,Transportation,4.0,2024-05,2024Q2,0
RVA-12766,2024-02-19,Highland Park,Public Safety,Missing Sign,High,Closed,1.95,Email,Code Enforcement,3.3,2024-02,2024Q1,1
RVA-12767,2025-09-10,East End,Sanitation,Overflowing Bin,Medium,Resolved,3.23,Email,Transportation,2.5,2025-09,2025Q3,1
RVA-12768,2025-09-16,Ginter Park,Sanitation,Illegal Dumping,Emergency,Closed,0.76,Mobile App,Code Enforcement,2.4,2025-09,2025Q3,1
RVA-12769,2024-09-10,West End,Parks & Public Spaces,Graffiti Removal,Medium,Open,1.34,Mobile App,Public Utilities,1.6,2024-09,2024Q3,0
RVA-12770,2025-09-21,Short Pump,Sanitation,Overflowing Bin,High,Open,2.8,Mobile App,Code Enforcement,2.4,2025-09,2025Q3,0
RVA-12771,2025-12-10,Bon Air,Road & Sidewalk,Pothole Repair,Emergency,Resolved,1.0,Phone,Transportation,1.1,2025-12,2025Q4,1
RVA-12772,2025-07-16,West End,Road & Sidewalk,Pothole Repair,High,Resolved,4.22,Walk-in,Public Works,3.0,2025-07,2025Q3,1
RVA-12773,2025-03-01,Northside,Water & Utilities,Storm Drain Blocked,High,In Progress,3.06,Email,Transportation,4.6,2025-03,2025Q1,0
RVA-12774,2025-06-30,Museum District,Sanitation,Missed Trash Pickup,High,Resolved,1.05,Mobile App,Police,4.2,2025-06,2025Q2,1
RVA-12775,2024-10-28,Bon Air,Water & Utilities,Storm Drain Blocked,Medium,Resolved,20.03,Mobile App,Police,1.1,2024-10,2024Q4,1
RVA-12776,2025-08-03,Scott's Addition,Road & Sidewalk,Crosswalk Faded,Medium,Closed,2.39,Mobile App,Public Works,4.5,2025-08,2025Q3,1
RVA-12777,2024-12-14,The Fan,Parks & Public Spaces,Playground Repair,Low,Open,10.18,Phone,Police,2.8,2024-12,2024Q4,0
RVA-12778,2024-02-18,Shockoe Bottom,Parks & Public Spaces,Tree Hazard,Medium,Closed,0.88,Walk-in,Transportation,1.8,2024-02,2024Q1,1
RVA-12779,2024-03-14,Carytown,Parks & Public Spaces,Playground Repair,Low,Resolved,39.35,Website,Code Enforcement,4.0,2024-03,2024Q1,1
RVA-12780,2025-12-04,Manchester,Water & Utilities,Storm Drain Blocked,High,In Progress,2.43,Website,Transportation,2.3,2025-12,2025Q4,0
RVA-12781,2024-09-17,Ginter Park,Parks & Public Spaces,Playground Repair,Medium,Open,7.0,Phone,Police,2.0,2024-09,2024Q3,0
RVA-12782,2024-12-21,East End,Noise & Nuisance,Noise Complaint,Medium,Resolved,0.34,Mobile App,Police,1.6,2024-12,2024Q4,1
RVA-12783,2025-08-04,Shockoe Bottom,Noise & Nuisance,Noise Complaint,Medium,Resolved,7.21,Mobile App,Code Enforcement,2.9,2025-08,2025Q3,1
RVA-12784,2025-08-24,Highland Park,Parks & Public Spaces,Playground Repair,Emergency,Resolved,0.75,Mobile App,Police,1.4,2025-08,2025Q3,1
RVA-12785,2024-09-16,Lakeside,Noise & Nuisance,Noise Complaint,Low,Resolved,11.14,Website,Code Enforcement,4.1,2024-09,2024Q3,1
RVA-12786,2025-09-29,Short Pump,Noise & Nuisance,Abandoned Vehicle,Low,Closed,3.45,Walk-in,Public Utilities,2.9,2025-09,2025Q3,1
RVA-12787,2024-10-21,Oregon Hill,Water & Utilities,Storm Drain Blocked,Low,Resolved,6.73,Website,Transportation,2.8,2024-10,2024Q4,1
RVA-12788,2025-10-02,Ginter Park,Noise & Nuisance,Animal Control,Emergency,Open,0.06,Mobile App,Public Utilities,1.0,2025-10,2025Q4,0
RVA-12789,2024-11-08,Manchester,Water & Utilities,Hydrant Issue,Emergency,Resolved,0.32,Website,Police,4.3,2024-11,2024Q4,1
RVA-12790,2025-09-03,Carytown,Parks & Public Spaces,Tree Hazard,High,Closed,0.56,Mobile App,Public Utilities,3.0,2025-09,2025Q3,1
RVA-12791,2024-06-30,Manchester,Water & Utilities,Storm Drain Blocked,High,In Progress,0.86,Mobile App,Police,2.8,2024-06,2024Q2,0
RVA-12792,2025-11-16,West End,Parks & Public Spaces,Playground Repair,Low,Closed,1.77,Phone,Public Utilities,4.0,2025-11,2025Q4,1
RVA-12793,2024-12-29,East End,Road & Sidewalk,Street Light Out,Emergency,Resolved,0.13,Phone,Police,1.3,2024-12,2024Q4,1
RVA-12794,2024-07-06,Shockoe Bottom,Road & Sidewalk,Crosswalk Faded,Low,Closed,0.8,Walk-in,Parks & Rec,2.5,2024-07,2024Q3,1
RVA-12795,2025-07-22,Carytown,Parks & Public Spaces,Playground Repair,Low,In Progress,25.24,Website,Transportation,3.3,2025-07,2025Q3,0
RVA-12796,2025-06-26,East End,Parks & Public Spaces,Tree Hazard,Low,Closed,7.56,Mobile App,Public Works,2.8,2025-06,2025Q2,1
RVA-12797,2025-08-18,East End,Public Safety,Missing Sign,Medium,Resolved,2.53,Mobile App,Transportation,1.7,2025-08,2025Q3,1
RVA-12798,2025-10-25,Oregon Hill,Sanitation,Illegal Dumping,High,Resolved,1.53,Mobile App,Public Utilities,2.2,2025-10,2025Q4,1
RVA-12799,2025-07-01,Ginter Park,Sanitation,Overflowing Bin,Medium,Resolved,4.95,Mobile App,Code Enforcement,2.2,2025-07,2025Q3,1
RVA-12800,2025-12-25,Bon Air,Water & Utilities,Water Main Break,Emergency,Open,1.27,Mobile App,Public Works,5.0,2025-12,2025Q4,0
RVA-12801,2025-02-11,Scott's Addition,Sanitation,Overflowing Bin,Medium,Closed,0.98,Website,Police,2.3,2025-02,2025Q1,1
RVA-12802,2025-09-09,Northside,Public Safety,Hazardous Condition,Low,Resolved,3.5,Mobile App,Public Works,1.8,2025-09,2025Q3,1
RVA-12803,2025-02-17,The Fan,Public Safety,Unsafe Structure,Medium,In Progress,18.6,Walk-in,Code Enforcement,4.3,2025-02,2025Q1,0
RVA-12804,2024-12-07,West End,Road & Sidewalk,Sidewalk Damage,High,Open,0.93,Phone,Code Enforcement,2.7,2024-12,2024Q4,0
RVA-12805,2024-08-07,Museum District,Road & Sidewalk,Street Light Out,High,Open,0.05,Mobile App,Transportation,2.8,2024-08,2024Q3,0
RVA-12806,2024-06-11,Shockoe Bottom,Parks & Public Spaces,Park Maintenance,Medium,Resolved,0.8,Phone,Police,3.2,2024-06,2024Q2,1
RVA-12807,2024-08-07,Highland Park,Water & Utilities,Water Main Break,Medium,Resolved,0.13,Website,Transportation,3.4,2024-08,2024Q3,1
RVA-12808,2024-09-26,Highland Park,Noise & Nuisance,Animal Control,Medium,Resolved,22.99,Phone,Public Utilities,3.4,2024-09,2024Q3,1
RVA-12809,2025-09-23,Carytown,Parks & Public Spaces,Playground Repair,Medium,Resolved,1.63,Mobile App,Public Utilities,1.1,2025-09,2025Q3,1
RVA-12810,2025-02-03,The Fan,Noise & Nuisance,Animal Control,Emergency,Resolved,1.29,Email,Parks & Rec,4.3,2025-02,2025Q1,1
RVA-12811,2024-06-30,Manchester,Public Safety,Unsafe Structure,Low,Resolved,54.93,Mobile App,Transportation,1.8,2024-06,2024Q2,1
RVA-12812,2025-09-09,Southside,Sanitation,Bulk Pickup Request,High,Open,1.83,Email,Code Enforcement,2.2,2025-09,2025Q3,0
RVA-12813,2025-12-29,Highland Park,Public Safety,Unsafe Structure,Medium,Resolved,0.17,Mobile App,Parks & Rec,1.7,2025-12,2025Q4,1
RVA-12814,2024-07-23,Northside,Noise & Nuisance,Animal Control,Medium,Open,0.43,Website,Code Enforcement,4.1,2024-07,2024Q3,0
RVA-12815,2025-08-04,Northside,Water & Utilities,Hydrant Issue,Emergency,Closed,0.33,Phone,Parks & Rec,3.3,2025-08,2025Q3,1
RVA-12816,2025-07-09,Highland Park,Water & Utilities,Storm Drain Blocked,Medium,Closed,2.61,Phone,Transportation,4.0,2025-07,2025Q3,1
RVA-12817,2024-08-15,Short Pump,Noise & Nuisance,Noise Complaint,Medium,Closed,4.66,Mobile App,Public Utilities,3.6,2024-08,2024Q3,1
RVA-12818,2025-11-26,Northside,Noise & Nuisance,Animal Control,Low,Resolved,5.78,Mobile App,Code Enforcement,1.4,2025-11,2025Q4,1
RVA-12819,2025-09-10,Short Pump,Noise & Nuisance,Noise Complaint,Low,Closed,27.19,Website,Transportation,2.2,2025-09,2025Q3,1
RVA-12820,2025-08-18,Woodland Heights,Water & Utilities,Hydrant Issue,High,Resolved,1.53,Walk-in,Transportation,3.0,2025-08,2025Q3,1
RVA-12821,2024-09-06,Scott's Addition,Sanitation,Illegal Dumping,Medium,Resolved,5.92,Phone,Public Utilities,2.2,2024-09,2024Q3,1
RVA-12822,2025-03-16,Scott's Addition,Sanitation,Illegal Dumping,Emergency,Resolved,1.13,Phone,Public Works,1.8,2025-03,2025Q1,1
RVA-12823,2025-06-16,Carytown,Sanitation,Missed Trash Pickup,Low,Closed,1.59,Mobile App,Public Utilities,4.5,2025-06,2025Q2,1
RVA-12824,2024-07-14,Ginter Park,Public Safety,Unsafe Structure,Low,Closed,2.61,Website,Code Enforcement,4.0,2024-07,2024Q3,1
RVA-12825,2025-11-20,Museum District,Parks & Public Spaces,Park Maintenance,Low,Resolved,1.14,Mobile App,Public Works,2.4,2025-11,2025Q4,1
RVA-12826,2025-06-02,Oregon Hill,Road & Sidewalk,Crosswalk Faded,Medium,In Progress,0.75,Mobile App,Parks & Rec,4.1,2025-06,2025Q2,0
RVA-12827,2024-03-10,Bon Air,Sanitation,Illegal Dumping,Emergency,Closed,0.36,Website,Police,3.5,2024-03,2024Q1,1
RVA-12828,2025-09-30,Bon Air,Road & Sidewalk,Pothole Repair,High,Closed,0.77,Phone,Code Enforcement,1.0,2025-09,2025Q3,1
RVA-12829,2025-02-02,Bon Air,Noise & Nuisance,Property Maintenance,Medium,Closed,2.75,Mobile App,Police,2.5,2025-02,2025Q1,1
RVA-12830,2025-11-02,Church Hill,Public Safety,Hazardous Condition,High,Resolved,8.09,Mobile App,Police,2.2,2025-11,2025Q4,1
RVA-12831,2024-07-21,Fulton,Public Safety,Hazardous Condition,High,Resolved,0.34,Website,Public Works,1.9,2024-07,2024Q3,1
RVA-12832,2024-05-27,Manchester,Public Safety,Unsafe Structure,Low,Resolved,7.78,Mobile App,Parks & Rec,2.0,2024-05,2024Q2,1
RVA-12833,2025-04-16,The Fan,Noise & Nuisance,Animal Control,High,Closed,0.21,Walk-in,Public Utilities,4.8,2025-04,2025Q2,1
RVA-12834,2025-10-16,Oregon Hill,Noise & Nuisance,Property Maintenance,Medium,Closed,1.92,Mobile App,Public Works,2.9,2025-10,2025Q4,1
RVA-12835,2024-07-17,Lakeside,Road & Sidewalk,Sidewalk Damage,Low,Resolved,7.5,Mobile App,Parks & Rec,4.4,2024-07,2024Q3,1
RVA-12836,2025-03-01,Carytown,Parks & Public Spaces,Tree Hazard,Low,Resolved,29.31,Website,Public Utilities,1.9,2025-03,2025Q1,1
RVA-12837,2025-10-27,Short Pump,Noise & Nuisance,Animal Control,Medium,Closed,2.48,Phone,Public Utilities,1.7,2025-10,2025Q4,1
RVA-12838,2025-05-06,Ginter Park,Noise & Nuisance,Noise Complaint,Medium,Closed,0.34,Mobile App,Parks & Rec,4.6,2025-05,2025Q2,1
RVA-12839,2024-05-21,Oregon Hill,Public Safety,Missing Sign,Medium,Closed,2.46,Phone,Public Utilities,3.0,2024-05,2024Q2,1
RVA-12840,2024-11-08,Oregon Hill,Public Safety,Hazardous Condition,Low,Resolved,1.58,Mobile App,Code Enforcement,4.6,2024-11,2024Q4,1
RVA-12841,2024-06-13,Manchester,Parks & Public Spaces,Graffiti Removal,High,Closed,0.52,Website,Code Enforcement,1.3,2024-06,2024Q2,1
RVA-12842,2024-11-09,Bon Air,Water & Utilities,Sewer Problem,Emergency,Closed,0.48,Phone,Public Works,4.7,2024-11,2024Q4,1
RVA-12843,2024-01-21,The Fan,Sanitation,Overflowing Bin,High,Resolved,0.14,Website,Public Utilities,2.7,2024-01,2024Q1,1
RVA-12844,2024-03-22,Museum District,Public Safety,Traffic Signal Issue,Medium,Closed,3.12,Website,Public Utilities,1.6,2024-03,2024Q1,1
RVA-12845,2025-08-03,Scott's Addition,Sanitation,Illegal Dumping,Low,Open,9.4,Website,Parks & Rec,3.7,2025-08,2025Q3,0
RVA-12846,2024-05-10,Bon Air,Parks & Public Spaces,Park Maintenance,Low,Closed,5.48,Website,Code Enforcement,4.2,2024-05,2024Q2,1
RVA-12847,2025-08-21,Carytown,Water & Utilities,Water Main Break,Low,Closed,0.19,Website,Police,1.2,2025-08,2025Q3,1
RVA-12848,2025-12-30,Museum District,Road & Sidewalk,Crosswalk Faded,Medium,Resolved,21.17,Phone,Public Works,4.9,2025-12,2025Q4,1
RVA-12849,2024-10-31,Jackson Ward,Sanitation,Overflowing Bin,Medium,Resolved,2.29,Phone,Transportation,3.8,2024-10,2024Q4,1
RVA-12850,2025-01-05,Fulton,Parks & Public Spaces,Tree Hazard,High,Resolved,3.02,Mobile App,Code Enforcement,2.3,2025-01,2025Q1,1
RVA-12851,2025-01-18,Scott's Addition,Public Safety,Missing Sign,High,Closed,0.79,Website,Parks & Rec,1.6,2025-01,2025Q1,1
RVA-12852,2025-03-20,East End,Public Safety,Hazardous Condition,Medium,Closed,3.22,Website,Public Works,2.6,2025-03,2025Q1,1
RVA-12853,2025-02-28,Carytown,Water & Utilities,Hydrant Issue,Medium,Resolved,2.46,Mobile App,Police,1.9,2025-02,2025Q1,1
RVA-12854,2024-06-09,Bon Air,Noise & Nuisance,Property Maintenance,High,Closed,0.84,Walk-in,Transportation,3.0,2024-06,2024Q2,1
RVA-12855,2024-06-26,Northside,Sanitation,Bulk Pickup Request,Medium,Resolved,0.11,Phone,Public Works,4.1,2024-06,2024Q2,1
RVA-12856,2025-09-20,Southside,Noise & Nuisance,Property Maintenance,Low,Resolved,4.46,Phone,Code Enforcement,3.6,2025-09,2025Q3,1
RVA-12857,2025-12-08,Museum District,Water & Utilities,Hydrant Issue,Medium,Resolved,11.01,Mobile App,Police,2.7,2025-12,2025Q4,1
RVA-12858,2025-05-04,Manchester,Sanitation,Bulk Pickup Request,Medium,Closed,5.86,Phone,Transportation,1.5,2025-05,2025Q2,1
RVA-12859,2024-11-22,Scott's Addition,Road & Sidewalk,Street Light Out,Low,In Progress,1.57,Website,Parks & Rec,4.8,2024-11,2024Q4,0
RVA-12860,2025-08-20,Northside,Road & Sidewalk,Pothole Repair,High,Closed,1.79,Mobile App,Public Works,2.1,2025-08,2025Q3,1
RVA-12861,2024-10-15,Bon Air,Water & Utilities,Water Main Break,High,Resolved,4.46,Phone,Code Enforcement,2.1,2024-10,2024Q4,1
RVA-12862,2025-08-15,Oregon Hill,Noise & Nuisance,Property Maintenance,Low,Closed,12.04,Email,Parks & Rec,3.6,2025-08,2025Q3,1
RVA-12863,2025-10-25,Fulton,Road & Sidewalk,Street Light Out,Low,Open,1.61,Website,Police,4.1,2025-10,2025Q4,0
RVA-12864,2025-07-26,Church Hill,Noise & Nuisance,Noise Complaint,High,Closed,4.05,Phone,Public Works,4.9,2025-07,2025Q3,1
RVA-12865,2025-07-26,Bon Air,Water & Utilities,Water Main Break,Low,Resolved,3.59,Phone,Public Utilities,4.9,2025-07,2025Q3,1
RVA-12866,2024-12-19,Oregon Hill,Public Safety,Missing Sign,Medium,Closed,3.03,Mobile App,Code Enforcement,4.7,2024-12,2024Q4,1
RVA-12867,2024-01-28,Oregon Hill,Noise & Nuisance,Property Maintenance,Low,Closed,7.47,Email,Code Enforcement,2.7,2024-01,2024Q1,1
RVA-12868,2024-02-12,Museum District,Water & Utilities,Sewer Problem,Low,Closed,19.01,Email,Public Utilities,1.7,2024-02,2024Q1,1
RVA-12869,2025-11-11,West End,Noise & Nuisance,Property Maintenance,High,Closed,5.36,Website,Parks & Rec,3.3,2025-11,2025Q4,1
RVA-12870,2025-02-26,West End,Road & Sidewalk,Crosswalk Faded,High,Closed,5.31,Mobile App,Code Enforcement,1.1,2025-02,2025Q1,1
RVA-12871,2025-08-20,Museum District,Water & Utilities,Sewer Problem,Low,Resolved,0.08,Mobile App,Parks & Rec,1.8,2025-08,2025Q3,1
RVA-12872,2024-06-25,Short Pump,Water & Utilities,Hydrant Issue,Medium,Closed,12.75,Mobile App,Police,1.0,2024-06,2024Q2,1
RVA-12873,2025-06-12,The Fan,Parks & Public Spaces,Graffiti Removal,Low,Closed,0.56,Phone,Public Utilities,1.7,2025-06,2025Q2,1
RVA-12874,2025-09-01,Manchester,Public Safety,Unsafe Structure,Low,Resolved,3.09,Mobile App,Parks & Rec,2.9,2025-09,2025Q3,1
RVA-12875,2025-05-08,Manchester,Public Safety,Hazardous Condition,Emergency,Closed,0.36,Website,Police,2.6,2025-05,2025Q2,1
RVA-12876,2024-07-16,Northside,Parks & Public Spaces,Playground Repair,High,Closed,1.31,Phone,Public Works,2.5,2024-07,2024Q3,1
RVA-12877,2025-09-01,Northside,Water & Utilities,Water Main Break,Medium,Closed,4.64,Mobile App,Code Enforcement,4.3,2025-09,2025Q3,1
RVA-12878,2025-07-30,West End,Noise & Nuisance,Animal Control,High,Closed,1.31,Website,Public Utilities,3.7,2025-07,2025Q3,1
RVA-12879,2025-05-31,West End,Road & Sidewalk,Pothole Repair,High,Resolved,5.45,Mobile App,Public Works,4.7,2025-05,2025Q2,1
RVA-12880,2025-05-28,Scott's Addition,Sanitation,Illegal Dumping,High,Resolved,0.55,Walk-in,Public Works,2.8,2025-05,2025Q2,1
RVA-12881,2024-01-22,Highland Park,Noise & Nuisance,Abandoned Vehicle,Low,In Progress,3.2,Phone,Public Works,2.1,2024-01,2024Q1,0
RVA-12882,2024-04-21,The Fan,Parks & Public Spaces,Park Maintenance,Low,Resolved,25.35,Mobile App,Parks & Rec,1.5,2024-04,2024Q2,1
RVA-12883,2024-02-26,West End,Parks & Public Spaces,Playground Repair,High,Closed,0.16,Mobile App,Code Enforcement,3.7,2024-02,2024Q1,1
RVA-12884,2024-03-06,Carytown,Noise & Nuisance,Abandoned Vehicle,Medium,Resolved,4.7,Email,Public Utilities,4.4,2024-03,2024Q1,1
RVA-12885,2024-04-07,West End,Public Safety,Missing Sign,Emergency,Resolved,0.57,Website,Transportation,1.7,2024-04,2024Q2,1
RVA-12886,2024-05-23,Short Pump,Road & Sidewalk,Sidewalk Damage,High,Closed,1.41,Phone,Transportation,4.5,2024-05,2024Q2,1
RVA-12887,2025-03-10,Museum District,Sanitation,Overflowing Bin,Emergency,Closed,0.59,Mobile App,Code Enforcement,3.1,2025-03,2025Q1,1
RVA-12888,2025-09-28,West End,Public Safety,Hazardous Condition,Low,In Progress,1.9,Website,Code Enforcement,1.6,2025-09,2025Q3,0
RVA-12889,2025-11-09,The Fan,Noise & Nuisance,Noise Complaint,High,Resolved,3.83,Mobile App,Code Enforcement,3.6,2025-11,2025Q4,1
RVA-12890,2024-03-26,Scott's Addition,Water & Utilities,Hydrant Issue,Medium,Resolved,0.75,Email,Police,3.1,2024-03,2024Q1,1
RVA-12891,2025-08-10,Southside,Sanitation,Overflowing Bin,Emergency,Resolved,0.26,Email,Police,1.1,2025-08,2025Q3,1
RVA-12892,2024-12-09,Ginter Park,Public Safety,Unsafe Structure,Low,Closed,0.78,Website,Police,2.6,2024-12,2024Q4,1
RVA-12893,2024-10-20,Oregon Hill,Sanitation,Bulk Pickup Request,Medium,Closed,3.94,Email,Police,4.1,2024-10,2024Q4,1
RVA-12894,2025-07-24,Scott's Addition,Noise & Nuisance,Animal Control,High,Resolved,2.22,Mobile App,Code Enforcement,3.2,2025-07,2025Q3,1
RVA-12895,2025-10-11,Short Pump,Public Safety,Traffic Signal Issue,Medium,Closed,14.17,Mobile App,Code Enforcement,2.1,2025-10,2025Q4,1
RVA-12896,2025-09-02,Southside,Road & Sidewalk,Crosswalk Faded,Medium,Resolved,6.72,Mobile App,Transportation,4.7,2025-09,2025Q3,1
RVA-12897,2025-12-04,Museum District,Road & Sidewalk,Crosswalk Faded,Emergency,Closed,0.39,Mobile App,Public Utilities,2.0,2025-12,2025Q4,1
RVA-12898,2024-08-30,Woodland Heights,Public Safety,Traffic Signal Issue,Medium,Resolved,13.49,Email,Transportation,2.0,2024-08,2024Q3,1
RVA-12899,2025-07-14,Short Pump,Sanitation,Overflowing Bin,Medium,Closed,3.25,Mobile App,Transportation,2.4,2025-07,2025Q3,1
RVA-12900,2024-02-01,The Fan,Road & Sidewalk,Pothole Repair,Low,Resolved,8.24,Walk-in,Public Utilities,4.6,2024-02,2024Q1,1
RVA-12901,2025-01-25,Scott's Addition,Water & Utilities,Hydrant Issue,High,In Progress,1.81,Website,Public Utilities,3.0,2025-01,2025Q1,0
RVA-12902,2024-10-03,Museum District,Parks & Public Spaces,Tree Hazard,Medium,Resolved,2.64,Phone,Transportation,3.7,2024-10,2024Q4,1
RVA-12903,2025-06-15,West End,Sanitation,Illegal Dumping,Medium,Resolved,9.12,Mobile App,Transportation,4.9,2025-06,2025Q2,1
RVA-12904,2024-06-02,Scott's Addition,Noise & Nuisance,Animal Control,Low,Closed,2.05,Mobile App,Transportation,4.1,2024-06,2024Q2,1
RVA-12905,2025-01-17,Bon Air,Noise & Nuisance,Property Maintenance,Medium,Open,4.05,Mobile App,Public Utilities,1.7,2025-01,2025Q1,0
RVA-12906,2024-03-08,Manchester,Public Safety,Traffic Signal Issue,Low,Closed,12.81,Phone,Public Utilities,4.2,2024-03,2024Q1,1
RVA-12907,2024-08-01,Short Pump,Road & Sidewalk,Pothole Repair,Low,Closed,23.43,Phone,Police,4.0,2024-08,2024Q3,1
RVA-12908,2025-10-16,The Fan,Sanitation,Missed Trash Pickup,Medium,Closed,10.77,Phone,Code Enforcement,1.9,2025-10,2025Q4,1
RVA-12909,2025-01-10,Fulton,Parks & Public Spaces,Park Maintenance,Low,Closed,7.11,Website,Public Utilities,2.3,2025-01,2025Q1,1
RVA-12910,2024-07-31,Highland Park,Road & Sidewalk,Crosswalk Faded,Low,In Progress,10.3,Phone,Parks & Rec,3.8,2024-07,2024Q3,0
RVA-12911,2024-03-19,Shockoe Bottom,Water & Utilities,Water Main Break,High,Resolved,1.0,Mobile App,Public Utilities,2.0,2024-03,2024Q1,1
RVA-12912,2025-12-26,Bon Air,Noise & Nuisance,Property Maintenance,Low,Closed,6.31,Walk-in,Public Utilities,1.8,2025-12,2025Q4,1
RVA-12913,2025-09-19,Manchester,Sanitation,Overflowing Bin,Medium,Resolved,11.84,Mobile App,Code Enforcement,3.8,2025-09,2025Q3,1
RVA-12914,2025-08-26,West End,Noise & Nuisance,Animal Control,Low,Resolved,26.69,Mobile App,Transportation,4.5,2025-08,2025Q3,1
RVA-12915,2025-01-15,Ginter Park,Water & Utilities,Water Main Break,Medium,Closed,11.29,Website,Police,1.3,2025-01,2025Q1,1
RVA-12916,2025-11-10,West End,Noise & Nuisance,Noise Complaint,High,Resolved,0.3,Email,Public Works,2.8,2025-11,2025Q4,1
RVA-12917,2024-02-27,Bon Air,Sanitation,Illegal Dumping,High,Closed,3.8,Email,Transportation,3.4,2024-02,2024Q1,1
RVA-12918,2024-01-26,Ginter Park,Water & Utilities,Storm Drain Blocked,Medium,Closed,14.82,Mobile App,Transportation,3.7,2024-01,2024Q1,1
RVA-12919,2025-03-22,Bon Air,Road & Sidewalk,Sidewalk Damage,Low,Open,4.48,Phone,Code Enforcement,5.0,2025-03,2025Q1,0
RVA-12920,2024-03-06,Shockoe Bottom,Parks & Public Spaces,Tree Hazard,Low,Closed,7.31,Mobile App,Police,3.7,2024-03,2024Q1,1
RVA-12921,2024-09-10,Manchester,Public Safety,Unsafe Structure,Medium,Resolved,7.55,Email,Parks & Rec,3.5,2024-09,2024Q3,1
RVA-12922,2024-02-13,Southside,Public Safety,Traffic Signal Issue,Emergency,Resolved,0.41,Mobile App,Public Works,5.0,2024-02,2024Q1,1
RVA-12923,2024-04-06,West End,Public Safety,Unsafe Structure,Low,Closed,50.33,Mobile App,Police,1.2,2024-04,2024Q2,1
RVA-12924,2025-07-07,Short Pump,Noise & Nuisance,Abandoned Vehicle,Medium,Closed,3.04,Walk-in,Transportation,1.3,2025-07,2025Q3,1
RVA-12925,2024-08-14,The Fan,Public Safety,Unsafe Structure,Low,Closed,12.52,Email,Police,3.2,2024-08,2024Q3,1
RVA-12926,2025-11-09,Ginter Park,Road & Sidewalk,Sidewalk Damage,Medium,Closed,7.87,Website,Code Enforcement,2.4,2025-11,2025Q4,1
RVA-12927,2025-03-11,Bon Air,Sanitation,Illegal Dumping,High,Resolved,1.36,Mobile App,Police,1.4,2025-03,2025Q1,1
RVA-12928,2025-08-23,Jackson Ward,Public Safety,Traffic Signal Issue,Medium,Closed,9.72,Phone,Public Utilities,2.2,2025-08,2025Q3,1
RVA-12929,2025-01-13,Scott's Addition,Sanitation,Overflowing Bin,High,Resolved,1.58,Walk-in,Police,3.7,2025-01,2025Q1,1
RVA-12930,2024-06-26,The Fan,Sanitation,Overflowing Bin,Medium,Resolved,2.65,Phone,Public Works,4.5,2024-06,2024Q2,1
RVA-12931,2025-03-02,Scott's Addition,Sanitation,Missed Trash Pickup,Low,Resolved,1.14,Mobile App,Police,1.4,2025-03,2025Q1,1
RVA-12932,2025-12-09,West End,Parks & Public Spaces,Graffiti Removal,Medium,Closed,2.5,Mobile App,Parks & Rec,3.2,2025-12,2025Q4,1
RVA-12933,2024-11-02,Bon Air,Water & Utilities,Sewer Problem,High,Resolved,2.65,Walk-in,Public Utilities,2.2,2024-11,2024Q4,1
RVA-12934,2025-05-18,Carytown,Road & Sidewalk,Crosswalk Faded,Medium,Closed,12.71,Phone,Public Works,3.7,2025-05,2025Q2,1
RVA-12935,2024-09-24,Northside,Parks & Public Spaces,Playground Repair,Medium,Closed,1.45,Website,Public Works,3.2,2024-09,2024Q3,1
RVA-12936,2025-08-08,West End,Parks & Public Spaces,Playground Repair,High,Open,0.88,Phone,Transportation,4.7,2025-08,2025Q3,0
RVA-12937,2024-01-08,Scott's Addition,Water & Utilities,Water Main Break,Medium,Resolved,0.84,Phone,Code Enforcement,1.2,2024-01,2024Q1,1
RVA-12938,2025-05-22,Northside,Sanitation,Overflowing Bin,High,Resolved,2.35,Email,Code Enforcement,2.9,2025-05,2025Q2,1
RVA-12939,2025-04-20,West End,Noise & Nuisance,Property Maintenance,Medium,Resolved,16.12,Mobile App,Public Utilities,1.8,2025-04,2025Q2,1
RVA-12940,2024-10-23,Ginter Park,Noise & Nuisance,Noise Complaint,High,Closed,2.05,Website,Public Works,3.1,2024-10,2024Q4,1
RVA-12941,2024-06-12,Museum District,Sanitation,Bulk Pickup Request,Low,Resolved,9.6,Mobile App,Transportation,4.4,2024-06,2024Q2,1
RVA-12942,2025-04-29,Highland Park,Noise & Nuisance,Animal Control,High,Closed,1.61,Mobile App,Parks & Rec,4.6,2025-04,2025Q2,1
RVA-12943,2025-08-19,Manchester,Road & Sidewalk,Street Light Out,Emergency,Closed,0.05,Website,Police,2.6,2025-08,2025Q3,1
RVA-12944,2024-03-12,Scott's Addition,Water & Utilities,Hydrant Issue,Medium,Resolved,6.54,Walk-in,Police,4.2,2024-03,2024Q1,1
RVA-12945,2025-07-20,Shockoe Bottom,Public Safety,Hazardous Condition,High,Closed,1.84,Website,Police,2.1,2025-07,2025Q3,1
RVA-12946,2025-07-12,Oregon Hill,Parks & Public Spaces,Graffiti Removal,High,Open,2.17,Mobile App,Code Enforcement,1.0,2025-07,2025Q3,0
RVA-12947,2024-08-25,The Fan,Public Safety,Traffic Signal Issue,Low,Open,22.91,Mobile App,Public Works,4.4,2024-08,2024Q3,0
RVA-12948,2024-04-13,Scott's Addition,Sanitation,Missed Trash Pickup,Medium,In Progress,7.66,Email,Public Works,1.5,2024-04,2024Q2,0
RVA-12949,2024-07-28,East End,Road & Sidewalk,Sidewalk Damage,Low,Resolved,15.18,Mobile App,Parks & Rec,1.1,2024-07,2024Q3,1
RVA-12950,2025-07-07,East End,Water & Utilities,Sewer Problem,Emergency,Resolved,1.31,Walk-in,Code Enforcement,2.4,2025-07,2025Q3,1
RVA-12951,2025-04-12,The Fan,Public Safety,Hazardous Condition,High,Closed,9.2,Mobile App,Parks & Rec,2.5,2025-04,2025Q2,1
RVA-12952,2025-03-29,Scott's Addition,Public Safety,Unsafe Structure,Low,Resolved,8.71,Email,Public Works,1.3,2025-03,2025Q1,1
RVA-12953,2024-09-24,Northside,Sanitation,Bulk Pickup Request,Low,Closed,1.15,Email,Police,4.3,2024-09,2024Q3,1
RVA-12954,2025-01-20,Manchester,Road & Sidewalk,Pothole Repair,Medium,Resolved,3.07,Mobile App,Code Enforcement,2.6,2025-01,2025Q1,1
RVA-12955,2025-01-21,Museum District,Parks & Public Spaces,Graffiti Removal,Medium,Resolved,7.75,Website,Code Enforcement,3.0,2025-01,2025Q1,1
RVA-12956,2024-09-15,West End,Parks & Public Spaces,Tree Hazard,Low,Resolved,0.28,Mobile App,Code Enforcement,2.1,2024-09,2024Q3,1
RVA-12957,2024-10-09,The Fan,Sanitation,Illegal Dumping,Medium,Closed,0.29,Mobile App,Transportation,3.0,2024-10,2024Q4,1
RVA-12958,2025-09-17,Scott's Addition,Parks & Public Spaces,Graffiti Removal,Medium,Resolved,0.35,Phone,Transportation,4.1,2025-09,2025Q3,1
RVA-12959,2024-02-09,Church Hill,Noise & Nuisance,Noise Complaint,Low,Resolved,13.13,Phone,Police,4.6,2024-02,2024Q1,1
RVA-12960,2025-04-30,Carytown,Public Safety,Hazardous Condition,High,Resolved,1.39,Mobile App,Transportation,4.9,2025-04,2025Q2,1
RVA-12961,2024-08-07,Bon Air,Noise & Nuisance,Noise Complaint,Emergency,Closed,0.23,Phone,Code Enforcement,2.7,2024-08,2024Q3,1
RVA-12962,2024-05-08,Oregon Hill,Road & Sidewalk,Pothole Repair,High,In Progress,0.22,Mobile App,Transportation,5.0,2024-05,2024Q2,0
RVA-12963,2025-06-03,Short Pump,Noise & Nuisance,Animal Control,High,Closed,2.64,Mobile App,Transportation,2.2,2025-06,2025Q2,1
RVA-12964,2025-09-04,West End,Noise & Nuisance,Abandoned Vehicle,Low,Resolved,3.87,Phone,Public Utilities,1.0,2025-09,2025Q3,1
RVA-12965,2025-11-18,The Fan,Road & Sidewalk,Crosswalk Faded,Medium,Closed,1.54,Phone,Code Enforcement,4.1,2025-11,2025Q4,1
RVA-12966,2025-09-10,Scott's Addition,Sanitation,Overflowing Bin,Low,Resolved,10.56,Website,Transportation,1.7,2025-09,2025Q3,1
RVA-12967,2025-09-04,Ginter Park,Parks & Public Spaces,Graffiti Removal,High,Resolved,1.64,Website,Police,1.2,2025-09,2025Q3,1
RVA-12968,2024-09-16,Ginter Park,Water & Utilities,Hydrant Issue,Emergency,Resolved,0.23,Walk-in,Transportation,4.7,2024-09,2024Q3,1
RVA-12969,2024-12-31,Oregon Hill,Water & Utilities,Water Main Break,High,Closed,2.05,Phone,Transportation,4.2,2024-12,2024Q4,1
RVA-12970,2025-06-27,Oregon Hill,Sanitation,Missed Trash Pickup,High,Resolved,0.63,Mobile App,Code Enforcement,1.4,2025-06,2025Q2,1
RVA-12971,2025-10-10,Highland Park,Sanitation,Overflowing Bin,Medium,Closed,7.92,Website,Transportation,4.1,2025-10,2025Q4,1
RVA-12972,2025-06-07,Scott's Addition,Road & Sidewalk,Sidewalk Damage,Medium,Resolved,1.3,Website,Public Utilities,4.4,2025-06,2025Q2,1
RVA-12973,2024-01-16,Carytown,Road & Sidewalk,Crosswalk Faded,Medium,Resolved,0.86,Phone,Public Utilities,4.6,2024-01,2024Q1,1
RVA-12974,2024-05-08,Scott's Addition,Road & Sidewalk,Sidewalk Damage,Low,Resolved,15.25,Website,Transportation,3.2,2024-05,2024Q2,1
RVA-12975,2025-07-28,Oregon Hill,Parks & Public Spaces,Park Maintenance,Low,Open,12.31,Mobile App,Code Enforcement,3.8,2025-07,2025Q3,0
RVA-12976,2024-04-18,The Fan,Sanitation,Missed Trash Pickup,High,Closed,0.4,Mobile App,Public Works,4.0,2024-04,2024Q2,1
RVA-12977,2025-06-16,Museum District,Public Safety,Hazardous Condition,Medium,Closed,0.62,Website,Public Works,3.8,2025-06,2025Q2,1
RVA-12978,2025-10-31,West End,Sanitation,Overflowing Bin,Medium,Closed,9.11,Mobile App,Parks & Rec,3.6,2025-10,2025Q4,1
RVA-12979,2024-09-25,Short Pump,Sanitation,Bulk Pickup Request,Medium,Resolved,7.49,Phone,Public Utilities,3.2,2024-09,2024Q3,1
RVA-12980,2024-06-10,The Fan,Noise & Nuisance,Noise Complaint,Medium,Resolved,1.98,Phone,Public Works,2.9,2024-06,2024Q2,1
RVA-12981,2024-09-16,Museum District,Road & Sidewalk,Pothole Repair,Medium,Closed,5.37,Phone,Parks & Rec,5.0,2024-09,2024Q3,1
RVA-12982,2024-04-11,West End,Water & Utilities,Hydrant Issue,Medium,Resolved,0.66,Phone,Public Works,2.4,2024-04,2024Q2,1
RVA-12983,2025-05-20,The Fan,Water & Utilities,Sewer Problem,Medium,Closed,3.54,Mobile App,Code Enforcement,1.4,2025-05,2025Q2,1
RVA-12984,2025-07-24,The Fan,Public Safety,Traffic Signal Issue,High,Resolved,0.04,Email,Transportation,4.1,2025-07,2025Q3,1
RVA-12985,2024-09-03,Oregon Hill,Noise & Nuisance,Animal Control,Medium,Closed,2.48,Website,Public Utilities,1.9,2024-09,2024Q3,1
RVA-12986,2025-10-01,Shockoe Bottom,Water & Utilities,Water Main Break,Medium,Closed,0.39,Phone,Public Works,3.1,2025-10,2025Q4,1
RVA-12987,2025-06-20,Bon Air,Road & Sidewalk,Crosswalk Faded,High,Closed,1.29,Mobile App,Code Enforcement,1.4,2025-06,2025Q2,1
RVA-12988,2024-05-10,Northside,Parks & Public Spaces,Graffiti Removal,High,Resolved,1.1,Mobile App,Parks & Rec,3.5,2024-05,2024Q2,1
RVA-12989,2024-12-18,Scott's Addition,Water & Utilities,Storm Drain Blocked,High,Resolved,1.18,Website,Code Enforcement,4.8,2024-12,2024Q4,1
RVA-12990,2024-07-14,West End,Parks & Public Spaces,Playground Repair,Medium,Resolved,0.23,Mobile App,Parks & Rec,3.9,2024-07,2024Q3,1
RVA-12991,2025-10-27,Oregon Hill,Noise & Nuisance,Abandoned Vehicle,Low,Closed,4.49,Mobile App,Public Works,1.9,2025-10,2025Q4,1
RVA-12992,2025-01-16,Carytown,Noise & Nuisance,Abandoned Vehicle,Medium,Closed,7.06,Phone,Transportation,4.9,2025-01,2025Q1,1
RVA-12993,2025-10-06,Scott's Addition,Public Safety,Traffic Signal Issue,Medium,Open,2.3,Phone,Police,2.2,2025-10,2025Q4,0
RVA-12994,2024-08-14,Southside,Public Safety,Unsafe Structure,Emergency,Resolved,0.63,Website,Transportation,2.7,2024-08,2024Q3,1
RVA-12995,2025-12-01,The Fan,Water & Utilities,Water Main Break,Medium,Resolved,2.31,Website,Code Enforcement,3.0,2025-12,2025Q4,1
RVA-12996,2025-04-20,Scott's Addition,Road & Sidewalk,Crosswalk Faded,Low,Closed,5.5,Walk-in,Police,5.0,2025-04,2025Q2,1
RVA-12997,2025-04-21,Scott's Addition,Public Safety,Unsafe Structure,Low,In Progress,8.3,Mobile App,Public Utilities,1.3,2025-04,2025Q2,0
RVA-12998,2024-09-21,Shockoe Bottom,Public Safety,Unsafe Structure,Low,Closed,30.09,Website,Police,3.8,2024-09,2024Q3,1
RVA-12999,2025-01-06,West End,Road & Sidewalk,Crosswalk Faded,Medium,Resolved,0.58,Mobile App,Transportation,2.4,2025-01,2025Q1,1
RVA-13000,2025-04-30,Ginter Park,Road & Sidewalk,Street Light Out,High,Resolved,0.07,Phone,Public Utilities,1.3,2025-04,2025Q2,1
RVA-13001,2025-03-09,West End,Parks & Public Spaces,Graffiti Removal,High,Closed,1.87,Phone,Public Works,4.7,2025-03,2025Q1,1
RVA-13002,2025-10-07,East End,Noise & Nuisance,Abandoned Vehicle,Emergency,Resolved,1.49,Mobile App,Public Works,3.4,2025-10,2025Q4,1
RVA-13003,2024-07-29,Bon Air,Parks & Public Spaces,Graffiti Removal,Low,In Progress,45.78,Phone,Code Enforcement,4.0,2024-07,2024Q3,0
RVA-13004,2025-07-25,The Fan,Parks & Public Spaces,Graffiti Removal,Medium,Open,3.31,Walk-in,Police,2.0,2025-07,2025Q3,0
RVA-13005,2025-01-11,Shockoe Bottom,Noise & Nuisance,Property Maintenance,Low,Resolved,6.31,Mobile App,Public Utilities,4.0,2025-01,2025Q1,1
RVA-13006,2025-01-29,Museum District,Parks & Public Spaces,Park Maintenance,Medium,Resolved,5.18,Phone,Public Utilities,4.3,2025-01,2025Q1,1
RVA-13007,2025-03-25,Oregon Hill,Parks & Public Spaces,Playground Repair,Emergency,Resolved,0.41,Email,Police,2.7,2025-03,2025Q1,1
RVA-13008,2024-12-29,Museum District,Parks & Public Spaces,Park Maintenance,Medium,Closed,5.03,Phone,Transportation,3.3,2024-12,2024Q4,1
RVA-13009,2025-04-01,Scott's Addition,Parks & Public Spaces,Playground Repair,High,Open,4.14,Website,Public Works,4.9,2025-04,2025Q2,0
RVA-13010,2025-12-25,Church Hill,Water & Utilities,Storm Drain Blocked,Medium,Closed,6.86,Walk-in,Transportation,4.4,2025-12,2025Q4,1
RVA-13011,2025-12-28,Lakeside,Noise & Nuisance,Property Maintenance,Low,Closed,6.87,Mobile App,Public Works,2.8,2025-12,2025Q4,1
RVA-13012,2024-08-13,Bon Air,Water & Utilities,Water Main Break,Low,Closed,6.2,Mobile App,Public Utilities,3.7,2024-08,2024Q3,1
RVA-13013,2024-05-10,Oregon Hill,Public Safety,Missing Sign,Medium,Closed,5.1,Website,Code Enforcement,4.1,2024-05,2024Q2,1
RVA-13014,2025-08-10,The Fan,Parks & Public Spaces,Playground Repair,High,Resolved,1.22,Website,Public Works,1.1,2025-08,2025Q3,1
RVA-13015,2025-04-20,West End,Sanitation,Bulk Pickup Request,Low,Resolved,6.12,Mobile App,Parks & Rec,3.4,2025-04,2025Q2,1
RVA-13016,2024-10-03,Scott's Addition,Water & Utilities,Storm Drain Blocked,High,Closed,0.03,Mobile App,Public Utilities,4.9,2024-10,2024Q4,1
RVA-13017,2024-06-04,Scott's Addition,Public Safety,Missing Sign,High,In Progress,0.38,Phone,Police,4.8,2024-06,2024Q2,0
RVA-13018,2024-08-05,Manchester,Water & Utilities,Storm Drain Blocked,Medium,Resolved,3.35,Walk-in,Police,4.3,2024-08,2024Q3,1
RVA-13019,2024-07-08,West End,Parks & Public Spaces,Graffiti Removal,High,In Progress,3.46,Phone,Transportation,1.4,2024-07,2024Q3,0
RVA-13020,2025-02-20,Ginter Park,Road & Sidewalk,Crosswalk Faded,Medium,Resolved,1.63,Email,Transportation,5.0,2025-02,2025Q1,1
RVA-13021,2025-11-05,Northside,Noise & Nuisance,Animal Control,High,Resolved,1.48,Email,Public Utilities,3.4,2025-11,2025Q4,1
RVA-13022,2025-11-22,Manchester,Sanitation,Overflowing Bin,High,Resolved,0.85,Website,Transportation,1.9,2025-11,2025Q4,1
RVA-13023,2025-06-29,Manchester,Sanitation,Missed Trash Pickup,Emergency,Open,0.06,Website,Transportation,3.7,2025-06,2025Q2,0
RVA-13024,2024-02-10,Carytown,Public Safety,Unsafe Structure,Medium,Closed,15.89,Phone,Public Utilities,4.4,2024-02,2024Q1,1
RVA-13025,2024-11-02,Bon Air,Parks & Public Spaces,Graffiti Removal,Medium,Open,9.64,Mobile App,Public Works,1.4,2024-11,2024Q4,0
RVA-13026,2024-12-03,Southside,Parks & Public Spaces,Park Maintenance,Low,Closed,0.82,Phone,Public Utilities,4.7,2024-12,2024Q4,1
RVA-13027,2024-11-09,The Fan,Water & Utilities,Hydrant Issue,Low,Resolved,12.72,Phone,Public Utilities,4.7,2024-11,2024Q4,1
RVA-13028,2024-03-15,East End,Parks & Public Spaces,Tree Hazard,High,Closed,0.85,Phone,Transportation,1.1,2024-03,2024Q1,1
RVA-13029,2024-10-05,Museum District,Parks & Public Spaces,Playground Repair,Emergency,Resolved,2.63,Website,Parks & Rec,4.6,2024-10,2024Q4,1
RVA-13030,2024-06-24,Bon Air,Parks & Public Spaces,Playground Repair,Medium,Open,1.8,Phone,Police,4.8,2024-06,2024Q2,0
RVA-13031,2025-10-23,Ginter Park,Road & Sidewalk,Street Light Out,Low,Resolved,2.73,Website,Transportation,1.2,2025-10,2025Q4,1
RVA-13032,2024-09-29,Shockoe Bottom,Parks & Public Spaces,Graffiti Removal,Medium,Resolved,4.2,Phone,Public Works,2.2,2024-09,2024Q3,1
RVA-13033,2025-09-11,West End,Noise & Nuisance,Noise Complaint,Medium,Closed,9.01,Mobile App,Code Enforcement,2.5,2025-09,2025Q3,1
RVA-13034,2025-10-12,Museum District,Sanitation,Overflowing Bin,Medium,Closed,1.07,Phone,Public Works,2.4,2025-10,2025Q4,1
RVA-13035,2024-10-15,Shockoe Bottom,Road & Sidewalk,Street Light Out,Low,Open,12.36,Email,Police,4.0,2024-10,2024Q4,0
RVA-13036,2025-12-24,West End,Sanitation,Bulk Pickup Request,High,Resolved,0.13,Walk-in,Code Enforcement,2.4,2025-12,2025Q4,1
RVA-13037,2024-09-28,Northside,Public Safety,Unsafe Structure,Low,Resolved,25.13,Mobile App,Public Utilities,4.8,2024-09,2024Q3,1
RVA-13038,2024-03-06,The Fan,Noise & Nuisance,Property Maintenance,Medium,In Progress,0.42,Phone,Parks & Rec,5.0,2024-03,2024Q1,0
RVA-13039,2025-04-27,East End,Parks & Public Spaces,Playground Repair,High,Resolved,4.91,Email,Parks & Rec,2.3,2025-04,2025Q2,1
RVA-13040,2024-09-04,Southside,Public Safety,Hazardous Condition,Medium,Closed,3.37,Mobile App,Police,3.0,2024-09,2024Q3,1
RVA-13041,2024-06-04,Church Hill,Road & Sidewalk,Crosswalk Faded,Medium,Resolved,2.97,Mobile App,Transportation,3.2,2024-06,2024Q2,1
RVA-13042,2024-02-16,Oregon Hill,Noise & Nuisance,Property Maintenance,High,Closed,7.25,Mobile App,Police,3.3,2024-02,2024Q1,1
RVA-13043,2025-03-29,Northside,Sanitation,Overflowing Bin,High,Closed,9.29,Phone,Parks & Rec,2.5,2025-03,2025Q1,1
RVA-13044,2024-07-19,Church Hill,Road & Sidewalk,Sidewalk Damage,Medium,Closed,5.25,Phone,Code Enforcement,1.7,2024-07,2024Q3,1
RVA-13045,2025-10-21,Ginter Park,Public Safety,Unsafe Structure,Medium,Resolved,0.68,Mobile App,Code Enforcement,1.2,2025-10,2025Q4,1
RVA-13046,2024-05-03,The Fan,Road & Sidewalk,Crosswalk Faded,High,Closed,1.41,Website,Transportation,1.4,2024-05,2024Q2,1
RVA-13047,2024-01-01,Carytown,Water & Utilities,Sewer Problem,High,Closed,1.51,Mobile App,Public Works,4.6,2024-01,2024Q1,1
RVA-13048,2025-10-01,Carytown,Water & Utilities,Hydrant Issue,Medium,In Progress,3.61,Website,Public Utilities,2.1,2025-10,2025Q4,0
RVA-13049,2024-07-09,Short Pump,Parks & Public Spaces,Playground Repair,Low,Resolved,8.43,Phone,Transportation,1.3,2024-07,2024Q3,1
RVA-13050,2025-08-01,Southside,Water & Utilities,Sewer Problem,Low,Closed,0.19,Phone,Code Enforcement,3.5,2025-08,2025Q3,1
RVA-13051,2025-05-30,Jackson Ward,Parks & Public Spaces,Playground Repair,Low,Closed,12.42,Mobile App,Public Utilities,1.3,2025-05,2025Q2,1
RVA-13052,2025-03-17,Scott's Addition,Sanitation,Missed Trash Pickup,Medium,Resolved,6.23,Website,Police,1.3,2025-03,2025Q1,1
RVA-13053,2024-05-22,Highland Park,Noise & Nuisance,Noise Complaint,Low,Resolved,1.23,Phone,Code Enforcement,3.5,2024-05,2024Q2,1
RVA-13054,2024-07-09,The Fan,Public Safety,Unsafe Structure,Medium,Resolved,4.22,Phone,Code Enforcement,3.4,2024-07,2024Q3,1
RVA-13055,2025-06-16,Scott's Addition,Noise & Nuisance,Noise Complaint,High,Resolved,1.68,Phone,Code Enforcement,1.2,2025-06,2025Q2,1
RVA-13056,2024-08-14,The Fan,Noise & Nuisance,Noise Complaint,Medium,Resolved,5.74,Website,Public Works,2.8,2024-08,2024Q3,1
RVA-13057,2024-11-08,The Fan,Road & Sidewalk,Street Light Out,High,Resolved,0.18,Mobile App,Transportation,2.7,2024-11,2024Q4,1
RVA-13058,2025-09-20,Oregon Hill,Public Safety,Missing Sign,High,Closed,1.97,Mobile App,Police,3.2,2025-09,2025Q3,1
RVA-13059,2024-10-28,Shockoe Bottom,Parks & Public Spaces,Graffiti Removal,Low,Closed,3.3,Mobile App,Parks & Rec,4.0,2024-10,2024Q4,1
RVA-13060,2025-10-15,Scott's Addition,Water & Utilities,Water Main Break,High,Closed,1.41,Website,Public Works,2.1,2025-10,2025Q4,1
RVA-13061,2025-04-04,Ginter Park,Noise & Nuisance,Property Maintenance,High,In Progress,2.97,Phone,Public Works,2.7,2025-04,2025Q2,0
RVA-13062,2025-02-04,Shockoe Bottom,Parks & Public Spaces,Park Maintenance,Medium,Closed,6.11,Website,Code Enforcement,4.2,2025-02,2025Q1,1
RVA-13063,2025-07-04,Highland Park,Public Safety,Hazardous Condition,Low,Resolved,1.27,Website,Public Works,4.7,2025-07,2025Q3,1
RVA-13064,2025-01-27,East End,Parks & Public Spaces,Tree Hazard,Medium,Resolved,4.47,Walk-in,Transportation,4.6,2025-01,2025Q1,1
RVA-13065,2024-07-25,Manchester,Noise & Nuisance,Abandoned Vehicle,Emergency,Closed,1.74,Phone,Transportation,2.9,2024-07,2024Q3,1
RVA-13066,2024-07-28,Northside,Public Safety,Hazardous Condition,Medium,Resolved,0.85,Mobile App,Transportation,3.1,2024-07,2024Q3,1
RVA-13067,2024-04-24,Museum District,Road & Sidewalk,Pothole Repair,Low,In Progress,19.17,Walk-in,Parks & Rec,3.1,2024-04,2024Q2,0
RVA-13068,2025-10-07,Carytown,Road & Sidewalk,Crosswalk Faded,High,In Progress,2.43,Mobile App,Public Works,4.5,2025-10,2025Q4,0
RVA-13069,2024-09-07,Bon Air,Noise & Nuisance,Animal Control,Medium,Resolved,7.44,Phone,Transportation,4.4,2024-09,2024Q3,1
RVA-13070,2024-08-06,Northside,Parks & Public Spaces,Tree Hazard,Medium,Closed,1.66,Mobile App,Public Works,2.2,2024-08,2024Q3,1
RVA-13071,2025-02-10,Woodland Heights,Water & Utilities,Hydrant Issue,High,Closed,0.68,Email,Code Enforcement,1.7,2025-02,2025Q1,1
RVA-13072,2025-03-18,Ginter Park,Sanitation,Illegal Dumping,Medium,Closed,11.82,Phone,Police,2.5,2025-03,2025Q1,1
RVA-13073,2025-08-25,The Fan,Sanitation,Overflowing Bin,High,Closed,0.89,Mobile App,Transportation,2.2,2025-08,2025Q3,1
RVA-13074,2024-12-19,Scott's Addition,Road & Sidewalk,Street Light Out,High,Closed,0.13,Website,Parks & Rec,4.8,2024-12,2024Q4,1
RVA-13075,2025-07-11,Church Hill,Sanitation,Bulk Pickup Request,Medium,Closed,4.59,Mobile App,Code Enforcement,2.1,2025-07,2025Q3,1
RVA-13076,2025-07-03,Ginter Park,Noise & Nuisance,Animal Control,Low,Open,1.33,Email,Public Works,1.7,2025-07,2025Q3,0
RVA-13077,2024-05-21,Ginter Park,Parks & Public Spaces,Graffiti Removal,High,Closed,3.19,Phone,Transportation,4.6,2024-05,2024Q2,1
RVA-13078,2025-09-03,Short Pump,Noise & Nuisance,Abandoned Vehicle,Emergency,Resolved,0.51,Website,Parks & Rec,1.3,2025-09,2025Q3,1
RVA-13079,2025-05-15,Carytown,Public Safety,Unsafe Structure,Low,Closed,20.77,Mobile App,Public Utilities,2.0,2025-05,2025Q2,1
RVA-13080,2025-12-02,Church Hill,Public Safety,Traffic Signal Issue,Medium,Open,7.68,Walk-in,Transportation,2.8,2025-12,2025Q4,0
RVA-13081,2025-06-30,Highland Park,Parks & Public Spaces,Graffiti Removal,Medium,Closed,0.59,Walk-in,Transportation,3.4,2025-06,2025Q2,1
RVA-13082,2025-10-20,Bon Air,Sanitation,Bulk Pickup Request,High,Closed,0.96,Website,Public Works,2.3,2025-10,2025Q4,1
RVA-13083,2025-06-25,Shockoe Bottom,Noise & Nuisance,Abandoned Vehicle,High,Closed,2.98,Walk-in,Police,3.0,2025-06,2025Q2,1
RVA-13084,2025-05-21,The Fan,Road & Sidewalk,Crosswalk Faded,Low,Closed,5.4,Mobile App,Public Works,1.8,2025-05,2025Q2,1
RVA-13085,2025-08-18,Manchester,Road & Sidewalk,Pothole Repair,High,Resolved,7.18,Email,Police,3.3,2025-08,2025Q3,1
RVA-13086,2024-10-07,The Fan,Road & Sidewalk,Street Light Out,Low,Resolved,13.31,Website,Public Utilities,2.6,2024-10,2024Q4,1
RVA-13087,2025-02-27,Ginter Park,Public Safety,Missing Sign,High,Resolved,0.03,Walk-in,Code Enforcement,4.4,2025-02,2025Q1,1
RVA-13088,2024-09-26,Museum District,Sanitation,Overflowing Bin,Medium,In Progress,10.6,Website,Code Enforcement,2.7,2024-09,2024Q3,0
RVA-13089,2024-06-02,Southside,Sanitation,Bulk Pickup Request,Medium,Resolved,0.53,Mobile App,Transportation,2.8,2024-06,2024Q2,1
RVA-13090,2025-09-05,Museum District,Parks & Public Spaces,Tree Hazard,Low,Resolved,1.51,Website,Code Enforcement,3.4,2025-09,2025Q3,1
RVA-13091,2025-12-27,Manchester,Sanitation,Overflowing Bin,Low,Resolved,13.26,Mobile App,Parks & Rec,1.5,2025-12,2025Q4,1
RVA-13092,2025-10-23,Scott's Addition,Noise & Nuisance,Animal Control,High,Closed,4.0,Website,Police,1.6,2025-10,2025Q4,1
RVA-13093,2024-03-23,Highland Park,Public Safety,Unsafe Structure,Medium,Closed,3.84,Phone,Public Works,4.2,2024-03,2024Q1,1
RVA-13094,2025-09-13,West End,Road & Sidewalk,Sidewalk Damage,Low,Open,3.41,Mobile App,Parks & Rec,2.1,2025-09,2025Q3,0
RVA-13095,2025-03-01,Oregon Hill,Public Safety,Hazardous Condition,Low,Open,4.33,Email,Parks & Rec,3.7,2025-03,2025Q1,0
RVA-13096,2024-10-01,Manchester,Parks & Public Spaces,Graffiti Removal,Low,Resolved,4.2,Email,Public Works,1.4,2024-10,2024Q4,1
RVA-13097,2025-12-13,The Fan,Noise & Nuisance,Property Maintenance,High,Resolved,0.79,Walk-in,Public Utilities,4.3,2025-12,2025Q4,1
RVA-13098,2024-10-10,The Fan,Noise & Nuisance,Abandoned Vehicle,High,In Progress,0.56,Website,Code Enforcement,5.0,2024-10,2024Q4,0
RVA-13099,2024-06-21,Southside,Public Safety,Hazardous Condition,Low,Resolved,9.39,Website,Public Utilities,2.5,2024-06,2024Q2,1
RVA-13100,2024-11-22,Short Pump,Sanitation,Overflowing Bin,Medium,Resolved,11.53,Website,Public Utilities,3.0,2024-11,2024Q4,1
RVA-13101,2025-12-18,Museum District,Sanitation,Overflowing Bin,Low,Resolved,3.67,Mobile App,Code Enforcement,2.8,2025-12,2025Q4,1
RVA-13102,2024-03-03,Ginter Park,Parks & Public Spaces,Tree Hazard,Emergency,Resolved,0.1,Email,Public Utilities,4.6,2024-03,2024Q1,1
RVA-13103,2024-03-13,Lakeside,Water & Utilities,Hydrant Issue,Emergency,Resolved,0.91,Walk-in,Parks & Rec,1.0,2024-03,2024Q1,1
RVA-13104,2025-09-27,Oregon Hill,Public Safety,Traffic Signal Issue,High,Closed,2.71,Website,Transportation,3.6,2025-09,2025Q3,1
RVA-13105,2025-01-09,Shockoe Bottom,Water & Utilities,Hydrant Issue,Emergency,Closed,1.34,Email,Public Works,3.6,2025-01,2025Q1,1
RVA-13106,2025-09-24,Ginter Park,Noise & Nuisance,Animal Control,High,Resolved,0.36,Phone,Transportation,2.5,2025-09,2025Q3,1
RVA-13107,2025-05-22,Northside,Parks & Public Spaces,Graffiti Removal,High,In Progress,0.31,Phone,Parks & Rec,1.9,2025-05,2025Q2,0
RVA-13108,2025-02-01,Carytown,Road & Sidewalk,Sidewalk Damage,Medium,Resolved,3.9,Email,Transportation,2.0,2025-02,2025Q1,1
RVA-13109,2024-04-29,East End,Sanitation,Illegal Dumping,Medium,In Progress,4.77,Phone,Parks & Rec,4.2,2024-04,2024Q2,0
RVA-13110,2025-03-12,Museum District,Road & Sidewalk,Sidewalk Damage,Low,Resolved,6.54,Website,Police,1.3,2025-03,2025Q1,1
RVA-13111,2025-11-06,Highland Park,Noise & Nuisance,Property Maintenance,Medium,In Progress,4.57,Phone,Code Enforcement,3.3,2025-11,2025Q4,0
RVA-13112,2025-04-09,Bon Air,Parks & Public Spaces,Park Maintenance,Medium,Resolved,0.99,Website,Code Enforcement,2.2,2025-04,2025Q2,1
RVA-13113,2024-10-12,Northside,Road & Sidewalk,Crosswalk Faded,Low,Resolved,6.53,Website,Transportation,2.1,2024-10,2024Q4,1
RVA-13114,2024-09-21,West End,Road & Sidewalk,Pothole Repair,Medium,Closed,5.37,Website,Parks & Rec,3.0,2024-09,2024Q3,1
RVA-13115,2024-11-15,The Fan,Water & Utilities,Hydrant Issue,Medium,Open,2.83,Phone,Code Enforcement,4.6,2024-11,2024Q4,0
RVA-13116,2025-11-03,Northside,Public Safety,Unsafe Structure,Low,Resolved,11.38,Mobile App,Police,3.5,2025-11,2025Q4,1
RVA-13117,2025-01-10,Highland Park,Sanitation,Missed Trash Pickup,Medium,In Progress,3.0,Website,Transportation,4.2,2025-01,2025Q1,0
RVA-13118,2024-03-29,Museum District,Public Safety,Unsafe Structure,Emergency,Open,0.2,Email,Public Works,3.4,2024-03,2024Q1,0
RVA-13119,2025-10-15,Northside,Public Safety,Unsafe Structure,High,Closed,0.72,Mobile App,Public Utilities,3.8,2025-10,2025Q4,1
RVA-13120,2024-07-21,Bon Air,Noise & Nuisance,Noise Complaint,High,Closed,1.06,Mobile App,Code Enforcement,2.7,2024-07,2024Q3,1
RVA-13121,2024-11-29,Shockoe Bottom,Noise & Nuisance,Noise Complaint,Medium,In Progress,0.12,Mobile App,Parks & Rec,4.7,2024-11,2024Q4,0
RVA-13122,2024-08-09,Carytown,Parks & Public Spaces,Park Maintenance,Medium,Closed,5.52,Email,Code Enforcement,3.0,2024-08,2024Q3,1
RVA-13123,2024-02-10,West End,Road & Sidewalk,Crosswalk Faded,Low,Resolved,18.65,Website,Parks & Rec,3.2,2024-02,2024Q1,1
RVA-13124,2025-12-08,Ginter Park,Noise & Nuisance,Abandoned Vehicle,High,Resolved,0.88,Email,Transportation,3.1,2025-12,2025Q4,1
RVA-13125,2024-03-08,Ginter Park,Parks & Public Spaces,Park Maintenance,Low,Resolved,0.47,Phone,Transportation,2.3,2024-03,2024Q1,1
RVA-13126,2025-05-28,Southside,Noise & Nuisance,Abandoned Vehicle,Low,Closed,43.26,Phone,Public Utilities,1.9,2025-05,2025Q2,1
RVA-13127,2025-09-28,Ginter Park,Water & Utilities,Hydrant Issue,High,Resolved,0.61,Website,Code Enforcement,1.3,2025-09,2025Q3,1
RVA-13128,2025-09-13,West End,Road & Sidewalk,Sidewalk Damage,Low,Resolved,1.35,Mobile App,Public Utilities,3.9,2025-09,2025Q3,1
RVA-13129,2025-08-20,The Fan,Sanitation,Missed Trash Pickup,Medium,Resolved,2.31,Phone,Parks & Rec,2.2,2025-08,2025Q3,1
RVA-13130,2025-09-23,Highland Park,Public Safety,Unsafe Structure,Low,Closed,13.42,Phone,Police,2.6,2025-09,2025Q3,1
RVA-13131,2024-05-06,Shockoe Bottom,Sanitation,Missed Trash Pickup,Low,Closed,3.48,Mobile App,Police,4.7,2024-05,2024Q2,1
RVA-13132,2024-09-11,Scott's Addition,Public Safety,Traffic Signal Issue,Low,Closed,8.55,Phone,Public Works,3.3,2024-09,2024Q3,1
RVA-13133,2025-11-25,Oregon Hill,Parks & Public Spaces,Park Maintenance,Low,Closed,5.37,Mobile App,Parks & Rec,1.4,2025-11,2025Q4,1
RVA-13134,2024-01-16,Manchester,Public Safety,Missing Sign,High,Closed,0.25,Mobile App,Parks & Rec,4.2,2024-01,2024Q1,1
RVA-13135,2025-04-21,Manchester,Parks & Public Spaces,Park Maintenance,High,Closed,0.8,Mobile App,Parks & Rec,2.0,2025-04,2025Q2,1
RVA-13136,2024-03-02,Shockoe Bottom,Noise & Nuisance,Noise Complaint,Medium,Closed,6.45,Website,Transportation,3.2,2024-03,2024Q1,1
RVA-13137,2025-03-07,Scott's Addition,Noise & Nuisance,Property Maintenance,High,Closed,1.89,Mobile App,Transportation,3.0,2025-03,2025Q1,1
RVA-13138,2025-10-31,The Fan,Sanitation,Missed Trash Pickup,Low,Open,1.28,Mobile App,Police,2.0,2025-10,2025Q4,0
RVA-13139,2024-09-24,Museum District,Public Safety,Missing Sign,Medium,Resolved,0.89,Mobile App,Police,1.5,2024-09,2024Q3,1
RVA-13140,2024-02-04,Highland Park,Water & Utilities,Sewer Problem,Low,Closed,10.24,Phone,Police,1.8,2024-02,2024Q1,1
RVA-13141,2025-07-29,Ginter Park,Noise & Nuisance,Property Maintenance,Medium,Closed,8.39,Website,Code Enforcement,1.4,2025-07,2025Q3,1
RVA-13142,2025-05-08,Ginter Park,Public Safety,Hazardous Condition,Medium,Closed,2.15,Walk-in,Code Enforcement,2.1,2025-05,2025Q2,1
RVA-13143,2025-07-15,Museum District,Sanitation,Overflowing Bin,Medium,Closed,4.52,Walk-in,Police,5.0,2025-07,2025Q3,1
RVA-13144,2025-04-13,West End,Water & Utilities,Water Main Break,High,Closed,0.37,Mobile App,Public Utilities,2.6,2025-04,2025Q2,1
RVA-13145,2025-10-22,Scott's Addition,Water & Utilities,Water Main Break,Medium,Resolved,1.87,Mobile App,Code Enforcement,4.5,2025-10,2025Q4,1
RVA-13146,2024-11-20,The Fan,Road & Sidewalk,Pothole Repair,Medium,Open,0.1,Mobile App,Transportation,3.2,2024-11,2024Q4,0
RVA-13147,2024-10-30,East End,Noise & Nuisance,Noise Complaint,Emergency,Open,0.73,Email,Code Enforcement,3.7,2024-10,2024Q4,0
RVA-13148,2024-10-02,East End,Public Safety,Unsafe Structure,Medium,Resolved,2.56,Website,Code Enforcement,1.6,2024-10,2024Q4,1
RVA-13149,2025-11-14,Highland Park,Parks & Public Spaces,Graffiti Removal,Medium,Resolved,8.47,Mobile App,Code Enforcement,2.1,2025-11,2025Q4,1
RVA-13150,2024-07-19,Southside,Sanitation,Overflowing Bin,High,Resolved,2.46,Mobile App,Public Works,3.0,2024-07,2024Q3,1
RVA-13151,2025-03-20,Shockoe Bottom,Water & Utilities,Storm Drain Blocked,Medium,Resolved,8.82,Phone,Code Enforcement,4.5,2025-03,2025Q1,1
RVA-13152,2024-11-19,Ginter Park,Water & Utilities,Storm Drain Blocked,Low,Closed,3.36,Mobile App,Public Utilities,1.2,2024-11,2024Q4,1
RVA-13153,2024-02-04,Southside,Sanitation,Illegal Dumping,Medium,Resolved,1.02,Walk-in,Public Works,3.0,2024-02,2024Q1,1
RVA-13154,2025-04-26,Highland Park,Sanitation,Missed Trash Pickup,Medium,Closed,17.86,Phone,Transportation,1.2,2025-04,2025Q2,1
RVA-13155,2025-12-28,Highland Park,Noise & Nuisance,Property Maintenance,Medium,Closed,6.32,Website,Transportation,2.8,2025-12,2025Q4,1
RVA-13156,2025-04-24,Manchester,Parks & Public Spaces,Graffiti Removal,Low,Resolved,17.96,Phone,Code Enforcement,3.5,2025-04,2025Q2,1
RVA-13157,2024-03-05,The Fan,Water & Utilities,Sewer Problem,Emergency,Resolved,0.01,Mobile App,Parks & Rec,4.0,2024-03,2024Q1,1
RVA-13158,2024-01-08,Shockoe Bottom,Road & Sidewalk,Sidewalk Damage,High,Closed,0.88,Phone,Public Works,1.6,2024-01,2024Q1,1
RVA-13159,2024-10-27,Carytown,Water & Utilities,Sewer Problem,Medium,Closed,6.79,Website,Transportation,1.7,2024-10,2024Q4,1
RVA-13160,2024-12-08,Scott's Addition,Parks & Public Spaces,Graffiti Removal,High,Resolved,0.16,Phone,Code Enforcement,2.9,2024-12,2024Q4,1
RVA-13161,2025-03-06,Museum District,Water & Utilities,Hydrant Issue,High,In Progress,1.68,Phone,Public Utilities,5.0,2025-03,2025Q1,0
RVA-13162,2025-02-27,Bon Air,Noise & Nuisance,Noise Complaint,Low,Resolved,5.6,Walk-in,Police,2.4,2025-02,2025Q1,1
RVA-13163,2024-11-27,Ginter Park,Road & Sidewalk,Street Light Out,Medium,In Progress,0.09,Mobile App,Transportation,2.7,2024-11,2024Q4,0
RVA-13164,2025-03-13,West End,Road & Sidewalk,Sidewalk Damage,Medium,Resolved,1.35,Phone,Code Enforcement,2.7,2025-03,2025Q1,1
RVA-13165,2025-08-10,The Fan,Public Safety,Traffic Signal Issue,High,Resolved,0.67,Mobile App,Parks & Rec,1.3,2025-08,2025Q3,1
RVA-13166,2024-06-22,Manchester,Public Safety,Hazardous Condition,Low,Resolved,1.19,Website,Public Utilities,4.1,2024-06,2024Q2,1
RVA-13167,2025-07-12,West End,Road & Sidewalk,Sidewalk Damage,Emergency,Closed,0.5,Mobile App,Transportation,2.0,2025-07,2025Q3,1
RVA-13168,2025-06-10,Carytown,Public Safety,Unsafe Structure,Medium,Closed,1.39,Website,Public Works,3.8,2025-06,2025Q2,1
RVA-13169,2025-10-20,Highland Park,Road & Sidewalk,Sidewalk Damage,Medium,Closed,1.63,Mobile App,Public Utilities,2.9,2025-10,2025Q4,1
RVA-13170,2024-01-26,Bon Air,Water & Utilities,Storm Drain Blocked,Medium,Closed,11.43,Mobile App,Code Enforcement,3.4,2024-01,2024Q1,1
RVA-13171,2025-08-27,Oregon Hill,Water & Utilities,Storm Drain Blocked,Low,Closed,6.29,Website,Transportation,1.2,2025-08,2025Q3,1
RVA-13172,2025-02-09,West End,Sanitation,Illegal Dumping,High,Resolved,1.0,Website,Transportation,4.6,2025-02,2025Q1,1
RVA-13173,2024-08-19,Church Hill,Parks & Public Spaces,Park Maintenance,Emergency,Resolved,0.64,Walk-in,Parks & Rec,2.0,2024-08,2024Q3,1
RVA-13174,2025-06-16,West End,Parks & Public Spaces,Graffiti Removal,Medium,Closed,12.02,Phone,Transportation,3.7,2025-06,2025Q2,1
RVA-13175,2025-07-03,The Fan,Sanitation,Bulk Pickup Request,Emergency,Closed,0.01,Phone,Public Utilities,4.2,2025-07,2025Q3,1
RVA-13176,2025-05-19,Shockoe Bottom,Noise & Nuisance,Animal Control,High,Resolved,1.19,Website,Transportation,3.2,2025-05,2025Q2,1
RVA-13177,2025-10-30,West End,Road & Sidewalk,Street Light Out,Medium,Open,4.72,Mobile App,Public Utilities,2.3,2025-10,2025Q4,0
RVA-13178,2024-06-27,West End,Sanitation,Bulk Pickup Request,High,Closed,0.77,Mobile App,Police,4.9,2024-06,2024Q2,1
RVA-13179,2024-05-11,Southside,Parks & Public Spaces,Tree Hazard,Medium,Resolved,7.4,Mobile App,Police,2.1,2024-05,2024Q2,1
RVA-13180,2025-03-30,Museum District,Water & Utilities,Water Main Break,Medium,Open,17.79,Mobile App,Code Enforcement,4.8,2025-03,2025Q1,0
RVA-13181,2024-12-13,East End,Road & Sidewalk,Sidewalk Damage,Low,Closed,28.72,Mobile App,Public Works,1.6,2024-12,2024Q4,1
RVA-13182,2025-06-23,Highland Park,Road & Sidewalk,Crosswalk Faded,High,Resolved,0.62,Email,Public Works,2.6,2025-06,2025Q2,1
RVA-13183,2025-02-09,Bon Air,Water & Utilities,Sewer Problem,Low,Closed,2.57,Walk-in,Parks & Rec,1.6,2025-02,2025Q1,1
RVA-13184,2024-03-16,Fulton,Sanitation,Illegal Dumping,High,Closed,6.32,Email,Code Enforcement,1.0,2024-03,2024Q1,1
RVA-13185,2025-08-01,Highland Park,Parks & Public Spaces,Park Maintenance,High,Resolved,1.23,Email,Public Works,2.0,2025-08,2025Q3,1
RVA-13186,2025-05-06,West End,Road & Sidewalk,Crosswalk Faded,Low,Resolved,2.34,Phone,Transportation,1.3,2025-05,2025Q2,1
RVA-13187,2024-07-12,Northside,Road & Sidewalk,Crosswalk Faded,Medium,Resolved,6.14,Mobile App,Public Utilities,4.9,2024-07,2024Q3,1
RVA-13188,2024-06-10,Carytown,Noise & Nuisance,Noise Complaint,Medium,Resolved,1.67,Phone,Code Enforcement,4.0,2024-06,2024Q2,1
RVA-13189,2024-12-12,Shockoe Bottom,Public Safety,Unsafe Structure,Medium,Closed,1.55,Walk-in,Public Utilities,1.0,2024-12,2024Q4,1
RVA-13190,2024-12-26,Ginter Park,Road & Sidewalk,Street Light Out,Medium,Resolved,10.57,Phone,Parks & Rec,1.9,2024-12,2024Q4,1
RVA-13191,2025-08-06,Highland Park,Public Safety,Unsafe Structure,Medium,In Progress,0.89,Phone,Transportation,3.7,2025-08,2025Q3,0
RVA-13192,2024-03-27,Northside,Sanitation,Overflowing Bin,Medium,In Progress,0.33,Mobile App,Code Enforcement,2.6,2024-03,2024Q1,0
RVA-13193,2024-09-18,Museum District,Water & Utilities,Storm Drain Blocked,Low,Resolved,3.14,Phone,Transportation,4.3,2024-09,2024Q3,1
RVA-13194,2024-08-01,The Fan,Sanitation,Bulk Pickup Request,Low,Resolved,9.34,Phone,Transportation,3.0,2024-08,2024Q3,1
RVA-13195,2025-10-26,Manchester,Public Safety,Hazardous Condition,Low,Closed,1.31,Phone,Transportation,3.6,2025-10,2025Q4,1
RVA-13196,2025-12-22,Museum District,Sanitation,Bulk Pickup Request,High,Resolved,1.28,Walk-in,Parks & Rec,3.4,2025-12,2025Q4,1
RVA-13197,2025-07-26,Museum District,Sanitation,Missed Trash Pickup,Emergency,In Progress,0.49,Mobile App,Police,3.6,2025-07,2025Q3,0
RVA-13198,2024-09-18,Bon Air,Parks & Public Spaces,Tree Hazard,Medium,Resolved,9.44,Email,Parks & Rec,1.9,2024-09,2024Q3,1
RVA-13199,2025-12-30,Carytown,Noise & Nuisance,Animal Control,Medium,Closed,1.31,Mobile App,Transportation,2.5,2025-12,2025Q4,1
RVA-13200,2024-10-09,Short Pump,Public Safety,Hazardous Condition,Low,In Progress,17.0,Email,Police,1.2,2024-10,2024Q4,0
RVA-13201,2025-10-09,Oregon Hill,Public Safety,Unsafe Structure,Medium,Closed,1.34,Phone,Code Enforcement,3.4,2025-10,2025Q4,1
RVA-13202,2025-04-11,Bon Air,Water & Utilities,Hydrant Issue,Low,Resolved,11.29,Website,Public Utilities,2.8,2025-04,2025Q2,1
RVA-13203,2025-01-14,Ginter Park,Parks & Public Spaces,Graffiti Removal,Medium,Closed,2.82,Mobile App,Public Utilities,4.0,2025-01,2025Q1,1
RVA-13204,2024-12-27,Museum District,Water & Utilities,Water Main Break,Emergency,In Progress,0.06,Website,Public Utilities,1.8,2024-12,2024Q4,0
RVA-13205,2025-03-24,Bon Air,Public Safety,Traffic Signal Issue,Low,Closed,12.53,Walk-in,Parks & Rec,2.7,2025-03,2025Q1,1
RVA-13206,2025-03-16,Short Pump,Water & Utilities,Sewer Problem,High,Resolved,0.49,Mobile App,Code Enforcement,1.7,2025-03,2025Q1,1
RVA-13207,2024-04-02,Shockoe Bottom,Sanitation,Bulk Pickup Request,Low,Closed,1.94,Mobile App,Code Enforcement,3.5,2024-04,2024Q2,1
RVA-13208,2025-09-12,Northside,Road & Sidewalk,Crosswalk Faded,Medium,Resolved,2.22,Mobile App,Police,4.4,2025-09,2025Q3,1
RVA-13209,2025-02-27,Scott's Addition,Water & Utilities,Water Main Break,Low,Closed,10.59,Mobile App,Code Enforcement,4.1,2025-02,2025Q1,1
RVA-13210,2024-05-21,Southside,Water & Utilities,Water Main Break,Medium,Closed,1.33,Mobile App,Public Utilities,4.8,2024-05,2024Q2,1
RVA-13211,2024-10-17,Bon Air,Sanitation,Missed Trash Pickup,Low,Resolved,2.03,Website,Code Enforcement,4.9,2024-10,2024Q4,1
RVA-13212,2025-03-07,Highland Park,Noise & Nuisance,Property Maintenance,Medium,Resolved,0.05,Mobile App,Police,4.1,2025-03,2025Q1,1
RVA-13213,2025-11-19,Scott's Addition,Public Safety,Missing Sign,Medium,Closed,3.19,Website,Code Enforcement,2.1,2025-11,2025Q4,1
RVA-13214,2025-10-14,Manchester,Water & Utilities,Storm Drain Blocked,Medium,In Progress,2.8,Walk-in,Code Enforcement,1.9,2025-10,2025Q4,0
RVA-13215,2025-12-01,The Fan,Road & Sidewalk,Pothole Repair,High,Closed,0.53,Website,Public Utilities,2.8,2025-12,2025Q4,1
RVA-13216,2024-02-18,Scott's Addition,Noise & Nuisance,Property Maintenance,Emergency,Open,0.03,Mobile App,Code Enforcement,5.0,2024-02,2024Q1,0
RVA-13217,2024-10-28,Carytown,Public Safety,Traffic Signal Issue,Medium,In Progress,2.8,Phone,Parks & Rec,2.7,2024-10,2024Q4,0
RVA-13218,2024-07-08,Lakeside,Noise & Nuisance,Noise Complaint,Low,Closed,15.52,Phone,Police,1.8,2024-07,2024Q3,1
RVA-13219,2024-05-15,West End,Parks & Public Spaces,Graffiti Removal,Medium,In Progress,6.28,Mobile App,Police,4.8,2024-05,2024Q2,0
RVA-13220,2025-07-08,Highland Park,Road & Sidewalk,Street Light Out,High,Closed,3.94,Mobile App,Police,2.5,2025-07,2025Q3,1
RVA-13221,2025-02-07,The Fan,Road & Sidewalk,Pothole Repair,Medium,Closed,0.05,Email,Code Enforcement,3.8,2025-02,2025Q1,1
RVA-13222,2025-08-24,Manchester,Road & Sidewalk,Street Light Out,Medium,Resolved,16.97,Website,Parks & Rec,4.2,2025-08,2025Q3,1
RVA-13223,2024-12-06,Scott's Addition,Noise & Nuisance,Animal Control,Low,Closed,4.18,Mobile App,Transportation,4.4,2024-12,2024Q4,1
RVA-13224,2025-12-04,Carytown,Road & Sidewalk,Crosswalk Faded,Medium,Closed,23.23,Phone,Transportation,4.3,2025-12,2025Q4,1
RVA-13225,2024-11-13,Oregon Hill,Parks & Public Spaces,Playground Repair,Medium,Resolved,1.46,Mobile App,Police,4.3,2024-11,2024Q4,1
RVA-13226,2025-09-09,Manchester,Sanitation,Overflowing Bin,Emergency,Closed,0.32,Email,Public Works,3.7,2025-09,2025Q3,1
RVA-13227,2024-12-28,Southside,Water & Utilities,Sewer Problem,High,In Progress,0.87,Email,Transportation,2.6,2024-12,2024Q4,0
RVA-13228,2025-01-16,Fulton,Sanitation,Missed Trash Pickup,Low,Resolved,4.4,Mobile App,Transportation,3.7,2025-01,2025Q1,1
RVA-13229,2024-08-20,Museum District,Road & Sidewalk,Street Light Out,Medium,Resolved,9.23,Phone,Public Utilities,4.3,2024-08,2024Q3,1
RVA-13230,2024-12-09,West End,Sanitation,Overflowing Bin,Low,Closed,13.72,Phone,Public Works,2.4,2024-12,2024Q4,1
RVA-13231,2025-07-02,Church Hill,Sanitation,Illegal Dumping,Medium,Open,24.24,Phone,Public Works,2.2,2025-07,2025Q3,0
RVA-13232,2025-07-06,Bon Air,Water & Utilities,Water Main Break,High,Resolved,1.9,Mobile App,Police,2.4,2025-07,2025Q3,1
RVA-13233,2025-06-12,Shockoe Bottom,Sanitation,Illegal Dumping,Medium,Resolved,3.11,Website,Public Works,3.2,2025-06,2025Q2,1
RVA-13234,2025-07-24,Shockoe Bottom,Noise & Nuisance,Noise Complaint,Medium,Resolved,0.47,Mobile App,Public Works,1.2,2025-07,2025Q3,1
RVA-13235,2024-07-01,Carytown,Public Safety,Missing Sign,Low,Closed,56.73,Website,Transportation,4.1,2024-07,2024Q3,1
RVA-13236,2024-02-10,Manchester,Noise & Nuisance,Abandoned Vehicle,High,Closed,1.6,Phone,Parks & Rec,1.6,2024-02,2024Q1,1
RVA-13237,2025-07-04,Northside,Sanitation,Illegal Dumping,Medium,Resolved,6.03,Website,Public Utilities,1.5,2025-07,2025Q3,1
RVA-13238,2025-01-31,Bon Air,Public Safety,Missing Sign,Medium,In Progress,2.61,Website,Code Enforcement,1.8,2025-01,2025Q1,0
RVA-13239,2025-12-04,Highland Park,Sanitation,Illegal Dumping,Low,Resolved,7.93,Phone,Police,3.3,2025-12,2025Q4,1
RVA-13240,2025-05-08,Oregon Hill,Public Safety,Hazardous Condition,Medium,Resolved,14.29,Website,Transportation,2.1,2025-05,2025Q2,1
RVA-13241,2025-10-20,Northside,Road & Sidewalk,Sidewalk Damage,Emergency,In Progress,0.09,Phone,Transportation,2.5,2025-10,2025Q4,0
RVA-13242,2024-11-28,Southside,Sanitation,Overflowing Bin,Medium,Resolved,1.73,Mobile App,Police,4.7,2024-11,2024Q4,1
RVA-13243,2024-05-06,Ginter Park,Public Safety,Hazardous Condition,Medium,Resolved,0.82,Mobile App,Public Works,4.4,2024-05,2024Q2,1
RVA-13244,2025-07-11,West End,Noise & Nuisance,Property Maintenance,Medium,In Progress,7.86,Mobile App,Code Enforcement,4.4,2025-07,2025Q3,0
RVA-13245,2025-07-10,Northside,Parks & Public Spaces,Park Maintenance,High,Resolved,0.13,Mobile App,Transportation,3.3,2025-07,2025Q3,1
RVA-13246,2024-01-01,East End,Water & Utilities,Storm Drain Blocked,Medium,Closed,0.43,Website,Code Enforcement,4.5,2024-01,2024Q1,1
RVA-13247,2024-06-16,West End,Public Safety,Missing Sign,Low,Resolved,3.55,Phone,Code Enforcement,4.1,2024-06,2024Q2,1
RVA-13248,2025-09-11,Carytown,Parks & Public Spaces,Tree Hazard,Medium,Closed,3.61,Mobile App,Police,4.8,2025-09,2025Q3,1
RVA-13249,2024-01-19,Shockoe Bottom,Road & Sidewalk,Street Light Out,High,In Progress,1.04,Walk-in,Police,1.3,2024-01,2024Q1,0
RVA-13250,2024-11-27,West End,Parks & Public Spaces,Playground Repair,High,Resolved,0.09,Website,Transportation,1.1,2024-11,2024Q4,1
RVA-13251,2025-08-06,Ginter Park,Parks & Public Spaces,Playground Repair,High,Resolved,6.32,Phone,Transportation,1.7,2025-08,2025Q3,1
RVA-13252,2025-03-31,Museum District,Noise & Nuisance,Property Maintenance,Medium,Closed,15.27,Mobile App,Transportation,4.7,2025-03,2025Q1,1
RVA-13253,2024-04-18,Bon Air,Road & Sidewalk,Pothole Repair,Low,Closed,3.28,Mobile App,Parks & Rec,3.4,2024-04,2024Q2,1
RVA-13254,2024-09-24,Scott's Addition,Road & Sidewalk,Pothole Repair,Emergency,Closed,0.66,Phone,Police,2.7,2024-09,2024Q3,1
RVA-13255,2025-03-20,Museum District,Noise & Nuisance,Abandoned Vehicle,Medium,Closed,4.32,Walk-in,Police,3.1,2025-03,2025Q1,1
RVA-13256,2024-08-27,Oregon Hill,Noise & Nuisance,Animal Control,Medium,In Progress,1.36,Mobile App,Parks & Rec,4.3,2024-08,2024Q3,0
RVA-13257,2024-10-27,Bon Air,Sanitation,Illegal Dumping,High,Closed,0.61,Phone,Police,4.7,2024-10,2024Q4,1
RVA-13258,2025-08-24,Scott's Addition,Sanitation,Bulk Pickup Request,Medium,Closed,3.38,Email,Public Works,3.9,2025-08,2025Q3,1
RVA-13259,2024-04-12,Museum District,Public Safety,Unsafe Structure,Low,Closed,5.43,Website,Public Works,4.0,2024-04,2024Q2,1
RVA-13260,2024-09-06,Shockoe Bottom,Parks & Public Spaces,Tree Hazard,High,Closed,0.69,Phone,Parks & Rec,2.3,2024-09,2024Q3,1
RVA-13261,2025-03-28,Short Pump,Parks & Public Spaces,Tree Hazard,High,Closed,3.3,Website,Transportation,2.9,2025-03,2025Q1,1
RVA-13262,2025-06-03,Ginter Park,Parks & Public Spaces,Park Maintenance,Medium,Resolved,3.28,Walk-in,Parks & Rec,4.5,2025-06,2025Q2,1
RVA-13263,2024-06-01,Manchester,Public Safety,Hazardous Condition,Medium,Closed,5.32,Phone,Public Works,4.1,2024-06,2024Q2,1
RVA-13264,2024-06-22,Highland Park,Public Safety,Missing Sign,Low,Closed,2.1,Walk-in,Code Enforcement,3.7,2024-06,2024Q2,1
RVA-13265,2024-12-08,Bon Air,Road & Sidewalk,Crosswalk Faded,Low,Closed,7.63,Phone,Police,1.3,2024-12,2024Q4,1
RVA-13266,2025-10-31,The Fan,Sanitation,Missed Trash Pickup,Medium,Resolved,1.91,Walk-in,Public Utilities,1.2,2025-10,2025Q4,1
RVA-13267,2025-03-06,Highland Park,Public Safety,Traffic Signal Issue,Medium,Open,3.74,Email,Public Utilities,1.5,2025-03,2025Q1,0
RVA-13268,2025-12-27,Scott's Addition,Water & Utilities,Storm Drain Blocked,Emergency,Closed,0.76,Phone,Parks & Rec,3.3,2025-12,2025Q4,1
RVA-13269,2025-11-19,Shockoe Bottom,Parks & Public Spaces,Graffiti Removal,High,Closed,2.93,Website,Public Utilities,3.1,2025-11,2025Q4,1
RVA-13270,2025-11-17,Northside,Road & Sidewalk,Crosswalk Faded,High,Closed,0.87,Website,Code Enforcement,4.8,2025-11,2025Q4,1
RVA-13271,2025-10-19,West End,Parks & Public Spaces,Tree Hazard,Medium,In Progress,5.93,Website,Public Utilities,3.8,2025-10,2025Q4,0
RVA-13272,2024-11-19,Oregon Hill,Sanitation,Illegal Dumping,Low,Closed,28.35,Walk-in,Public Works,2.2,2024-11,2024Q4,1
RVA-13273,2025-11-03,The Fan,Noise & Nuisance,Abandoned Vehicle,Emergency,Resolved,0.49,Mobile App,Parks & Rec,1.6,2025-11,2025Q4,1
RVA-13274,2025-09-30,Bon Air,Road & Sidewalk,Street Light Out,Medium,Closed,0.8,Website,Transportation,4.4,2025-09,2025Q3,1
RVA-13275,2025-02-23,West End,Road & Sidewalk,Street Light Out,Low,Resolved,11.39,Website,Public Utilities,2.8,2025-02,2025Q1,1
RVA-13276,2025-08-16,Scott's Addition,Public Safety,Traffic Signal Issue,Medium,Closed,0.55,Website,Police,3.6,2025-08,2025Q3,1
RVA-13277,2025-04-29,Museum District,Road & Sidewalk,Pothole Repair,High,Resolved,4.11,Website,Parks & Rec,3.3,2025-04,2025Q2,1
RVA-13278,2025-10-20,The Fan,Public Safety,Hazardous Condition,High,Open,1.45,Mobile App,Code Enforcement,1.4,2025-10,2025Q4,0
RVA-13279,2025-02-15,Manchester,Road & Sidewalk,Street Light Out,Low,Resolved,4.86,Phone,Public Works,1.2,2025-02,2025Q1,1
RVA-13280,2024-03-24,Short Pump,Public Safety,Missing Sign,High,In Progress,0.12,Walk-in,Public Utilities,2.5,2024-03,2024Q1,0
RVA-13281,2024-04-22,Short Pump,Water & Utilities,Storm Drain Blocked,Medium,Closed,2.4,Email,Public Works,2.4,2024-04,2024Q2,1
RVA-13282,2024-11-27,Scott's Addition,Noise & Nuisance,Animal Control,Low,Closed,23.35,Mobile App,Code Enforcement,3.7,2024-11,2024Q4,1
RVA-13283,2025-01-12,Highland Park,Public Safety,Hazardous Condition,High,Closed,0.04,Phone,Transportation,3.5,2025-01,2025Q1,1
RVA-13284,2025-10-16,Manchester,Road & Sidewalk,Sidewalk Damage,High,Resolved,1.29,Walk-in,Public Utilities,4.9,2025-10,2025Q4,1
RVA-13285,2024-02-10,Northside,Road & Sidewalk,Crosswalk Faded,Medium,Closed,13.38,Website,Transportation,4.4,2024-02,2024Q1,1
RVA-13286,2024-04-14,Scott's Addition,Water & Utilities,Sewer Problem,Medium,Resolved,2.51,Website,Transportation,3.0,2024-04,2024Q2,1
RVA-13287,2024-07-20,Museum District,Noise & Nuisance,Abandoned Vehicle,High,Closed,1.12,Mobile App,Parks & Rec,3.0,2024-07,2024Q3,1
RVA-13288,2025-03-25,Scott's Addition,Public Safety,Unsafe Structure,High,Closed,1.73,Website,Transportation,3.7,2025-03,2025Q1,1
RVA-13289,2024-09-22,Southside,Sanitation,Missed Trash Pickup,High,Open,1.24,Website,Parks & Rec,1.5,2024-09,2024Q3,0
RVA-13290,2024-07-28,Museum District,Public Safety,Missing Sign,Medium,Resolved,0.92,Website,Transportation,5.0,2024-07,2024Q3,1
RVA-13291,2025-07-16,The Fan,Parks & Public Spaces,Park Maintenance,Emergency,Resolved,0.01,Website,Police,3.1,2025-07,2025Q3,1
RVA-13292,2024-04-27,The Fan,Road & Sidewalk,Sidewalk Damage,Emergency,Closed,0.47,Phone,Code Enforcement,4.6,2024-04,2024Q2,1
RVA-13293,2025-12-13,Museum District,Water & Utilities,Water Main Break,Low,Resolved,25.36,Email,Public Utilities,4.9,2025-12,2025Q4,1
RVA-13294,2025-01-11,Shockoe Bottom,Water & Utilities,Water Main Break,High,Closed,0.22,Website,Public Works,3.3,2025-01,2025Q1,1
RVA-13295,2025-07-04,Northside,Sanitation,Missed Trash Pickup,Medium,Resolved,1.18,Phone,Public Works,1.4,2025-07,2025Q3,1
RVA-13296,2025-06-23,Jackson Ward,Road & Sidewalk,Pothole Repair,Medium,Closed,2.31,Email,Public Utilities,3.3,2025-06,2025Q2,1
RVA-13297,2024-03-24,East End,Water & Utilities,Water Main Break,Medium,Closed,8.27,Email,Code Enforcement,3.4,2024-03,2024Q1,1
RVA-13298,2025-03-29,Bon Air,Parks & Public Spaces,Graffiti Removal,Low,Resolved,3.14,Walk-in,Code Enforcement,4.2,2025-03,2025Q1,1
RVA-13299,2025-10-28,Short Pump,Sanitation,Bulk Pickup Request,Medium,Closed,10.69,Phone,Transportation,1.2,2025-10,2025Q4,1
RVA-13300,2025-09-20,Highland Park,Noise & Nuisance,Noise Complaint,High,Closed,0.11,Phone,Public Works,2.9,2025-09,2025Q3,1
RVA-13301,2025-05-28,Highland Park,Parks & Public Spaces,Graffiti Removal,Low,Closed,28.29,Mobile App,Public Utilities,4.7,2025-05,2025Q2,1
RVA-13302,2025-08-27,Bon Air,Public Safety,Hazardous Condition,Medium,Open,4.11,Mobile App,Transportation,5.0,2025-08,2025Q3,0
RVA-13303,2025-11-08,Scott's Addition,Water & Utilities,Storm Drain Blocked,Emergency,Resolved,0.54,Phone,Public Utilities,1.8,2025-11,2025Q4,1
RVA-13304,2025-01-21,Ginter Park,Water & Utilities,Storm Drain Blocked,Medium,Resolved,2.29,Phone,Public Works,4.5,2025-01,2025Q1,1
RVA-13305,2024-12-15,Bon Air,Parks & Public Spaces,Playground Repair,Medium,Resolved,7.62,Mobile App,Public Utilities,1.6,2024-12,2024Q4,1
RVA-13306,2024-10-22,Oregon Hill,Water & Utilities,Water Main Break,Medium,In Progress,0.91,Email,Public Utilities,4.4,2024-10,2024Q4,0
RVA-13307,2024-09-14,Manchester,Parks & Public Spaces,Park Maintenance,Medium,Resolved,0.25,Phone,Transportation,2.1,2024-09,2024Q3,1
RVA-13308,2024-03-21,Bon Air,Public Safety,Unsafe Structure,Medium,Closed,2.52,Phone,Parks & Rec,4.8,2024-03,2024Q1,1
RVA-13309,2024-09-24,Southside,Road & Sidewalk,Crosswalk Faded,High,Resolved,3.84,Phone,Parks & Rec,3.8,2024-09,2024Q3,1
RVA-13310,2025-02-22,Oregon Hill,Road & Sidewalk,Street Light Out,Medium,Closed,7.03,Mobile App,Police,2.6,2025-02,2025Q1,1
RVA-13311,2024-08-22,Highland Park,Noise & Nuisance,Property Maintenance,High,Open,1.46,Walk-in,Transportation,2.1,2024-08,2024Q3,0
RVA-13312,2024-11-06,Manchester,Road & Sidewalk,Crosswalk Faded,Medium,Closed,4.24,Mobile App,Police,1.9,2024-11,2024Q4,1
RVA-13313,2024-12-22,Shockoe Bottom,Road & Sidewalk,Street Light Out,Medium,Closed,0.7,Website,Code Enforcement,3.7,2024-12,2024Q4,1
RVA-13314,2024-07-31,Short Pump,Noise & Nuisance,Abandoned Vehicle,High,Resolved,3.67,Website,Parks & Rec,4.6,2024-07,2024Q3,1
RVA-13315,2025-07-27,Northside,Road & Sidewalk,Sidewalk Damage,High,Closed,3.09,Phone,Parks & Rec,4.0,2025-07,2025Q3,1
RVA-13316,2024-02-18,Ginter Park,Road & Sidewalk,Street Light Out,Medium,In Progress,5.34,Phone,Parks & Rec,4.3,2024-02,2024Q1,0
RVA-13317,2024-05-06,Museum District,Water & Utilities,Hydrant Issue,Low,Closed,6.28,Mobile App,Parks & Rec,4.1,2024-05,2024Q2,1
RVA-13318,2024-08-10,Highland Park,Sanitation,Illegal Dumping,Low,In Progress,33.37,Mobile App,Code Enforcement,4.9,2024-08,2024Q3,0
RVA-13319,2024-10-05,Manchester,Sanitation,Missed Trash Pickup,Medium,Resolved,10.56,Phone,Public Works,4.0,2024-10,2024Q4,1
RVA-13320,2025-02-11,Northside,Road & Sidewalk,Street Light Out,Medium,Resolved,5.17,Website,Code Enforcement,1.8,2025-02,2025Q1,1
RVA-13321,2025-05-19,Scott's Addition,Sanitation,Bulk Pickup Request,High,Resolved,0.93,Phone,Public Works,4.2,2025-05,2025Q2,1
RVA-13322,2024-10-20,Oregon Hill,Road & Sidewalk,Pothole Repair,Low,Resolved,9.62,Mobile App,Police,2.3,2024-10,2024Q4,1
RVA-13323,2024-10-03,Ginter Park,Parks & Public Spaces,Park Maintenance,High,Resolved,1.71,Mobile App,Parks & Rec,5.0,2024-10,2024Q4,1
RVA-13324,2025-03-13,Scott's Addition,Parks & Public Spaces,Playground Repair,Medium,Resolved,2.51,Website,Transportation,2.5,2025-03,2025Q1,1
RVA-13325,2024-04-16,Highland Park,Water & Utilities,Storm Drain Blocked,Medium,Closed,1.83,Phone,Transportation,2.2,2024-04,2024Q2,1
RVA-13326,2025-10-19,Scott's Addition,Public Safety,Traffic Signal Issue,Medium,Resolved,2.61,Mobile App,Public Works,2.0,2025-10,2025Q4,1
RVA-13327,2025-02-23,The Fan,Parks & Public Spaces,Tree Hazard,Low,Resolved,8.53,Website,Code Enforcement,3.6,2025-02,2025Q1,1
RVA-13328,2025-09-02,Carytown,Sanitation,Bulk Pickup Request,High,Resolved,1.12,Mobile App,Public Works,1.4,2025-09,2025Q3,1
RVA-13329,2025-03-04,West End,Road & Sidewalk,Pothole Repair,Low,Closed,3.06,Phone,Public Utilities,4.8,2025-03,2025Q1,1
RVA-13330,2025-01-09,Scott's Addition,Parks & Public Spaces,Park Maintenance,Medium,Resolved,7.16,Mobile App,Police,2.2,2025-01,2025Q1,1
RVA-13331,2024-03-13,East End,Public Safety,Traffic Signal Issue,High,Resolved,1.52,Email,Police,2.2,2024-03,2024Q1,1
RVA-13332,2025-09-25,West End,Road & Sidewalk,Pothole Repair,Medium,Resolved,0.35,Mobile App,Parks & Rec,1.2,2025-09,2025Q3,1
RVA-13333,2024-01-30,Manchester,Noise & Nuisance,Animal Control,Medium,Resolved,2.3,Phone,Parks & Rec,2.0,2024-01,2024Q1,1
RVA-13334,2024-07-06,Museum District,Parks & Public Spaces,Playground Repair,Medium,Resolved,10.81,Email,Code Enforcement,2.7,2024-07,2024Q3,1
RVA-13335,2024-12-29,Jackson Ward,Road & Sidewalk,Sidewalk Damage,High,Resolved,2.81,Mobile App,Public Works,2.5,2024-12,2024Q4,1
RVA-13336,2025-03-26,Bon Air,Noise & Nuisance,Noise Complaint,Emergency,Resolved,0.2,Website,Public Utilities,2.1,2025-03,2025Q1,1
RVA-13337,2024-07-13,Manchester,Sanitation,Illegal Dumping,High,Resolved,5.57,Mobile App,Police,1.2,2024-07,2024Q3,1
RVA-13338,2024-06-04,Shockoe Bottom,Noise & Nuisance,Noise Complaint,Medium,Open,0.4,Mobile App,Public Works,2.2,2024-06,2024Q2,0
RVA-13339,2024-06-20,Oregon Hill,Parks & Public Spaces,Park Maintenance,Emergency,Resolved,1.63,Website,Public Utilities,4.1,2024-06,2024Q2,1
RVA-13340,2024-02-10,East End,Public Safety,Missing Sign,Low,Resolved,2.82,Email,Transportation,2.8,2024-02,2024Q1,1
RVA-13341,2024-03-03,West End,Water & Utilities,Water Main Break,Low,Closed,0.09,Phone,Public Works,2.2,2024-03,2024Q1,1
RVA-13342,2024-01-23,Bon Air,Noise & Nuisance,Animal Control,High,Resolved,1.14,Website,Parks & Rec,2.2,2024-01,2024Q1,1
RVA-13343,2024-12-25,Woodland Heights,Noise & Nuisance,Property Maintenance,Low,Closed,4.45,Website,Transportation,3.2,2024-12,2024Q4,1
RVA-13344,2024-03-15,Scott's Addition,Water & Utilities,Sewer Problem,Low,Open,7.75,Phone,Transportation,2.2,2024-03,2024Q1,0
RVA-13345,2025-07-13,Museum District,Sanitation,Overflowing Bin,Low,In Progress,15.93,Website,Police,3.5,2025-07,2025Q3,0
RVA-13346,2025-11-02,Highland Park,Sanitation,Bulk Pickup Request,Medium,Closed,9.24,Mobile App,Public Utilities,5.0,2025-11,2025Q4,1
RVA-13347,2024-04-27,Bon Air,Sanitation,Missed Trash Pickup,High,Resolved,1.03,Phone,Parks & Rec,1.2,2024-04,2024Q2,1
RVA-13348,2025-09-03,Manchester,Sanitation,Bulk Pickup Request,Medium,In Progress,2.81,Phone,Transportation,1.7,2025-09,2025Q3,0
RVA-13349,2025-01-14,Museum District,Water & Utilities,Storm Drain Blocked,Low,Resolved,1.6,Walk-in,Code Enforcement,1.7,2025-01,2025Q1,1
RVA-13350,2025-11-09,Bon Air,Noise & Nuisance,Abandoned Vehicle,Medium,Resolved,0.24,Mobile App,Code Enforcement,2.8,2025-11,2025Q4,1
RVA-13351,2024-10-16,Oregon Hill,Noise & Nuisance,Property Maintenance,Emergency,Closed,0.51,Website,Parks & Rec,1.2,2024-10,2024Q4,1
RVA-13352,2025-03-15,Museum District,Water & Utilities,Sewer Problem,High,Open,0.13,Mobile App,Public Utilities,2.9,2025-03,2025Q1,0
RVA-13353,2025-10-29,Bon Air,Water & Utilities,Sewer Problem,Medium,Resolved,6.62,Mobile App,Public Utilities,4.7,2025-10,2025Q4,1
RVA-13354,2024-01-07,Highland Park,Parks & Public Spaces,Park Maintenance,Emergency,Closed,0.39,Website,Police,1.0,2024-01,2024Q1,1
RVA-13355,2024-07-14,Scott's Addition,Noise & Nuisance,Property Maintenance,High,Closed,0.44,Website,Parks & Rec,2.5,2024-07,2024Q3,1
RVA-13356,2025-02-24,Manchester,Public Safety,Traffic Signal Issue,Low,Closed,7.75,Phone,Code Enforcement,4.0,2025-02,2025Q1,1
RVA-13357,2025-07-21,Oregon Hill,Sanitation,Overflowing Bin,Low,Resolved,2.02,Mobile App,Parks & Rec,1.6,2025-07,2025Q3,1
RVA-13358,2024-07-11,Bon Air,Noise & Nuisance,Animal Control,Low,Closed,5.78,Email,Public Works,1.3,2024-07,2024Q3,1
RVA-13359,2025-07-12,Bon Air,Road & Sidewalk,Pothole Repair,High,Closed,3.21,Mobile App,Public Utilities,3.5,2025-07,2025Q3,1
RVA-13360,2024-05-27,Highland Park,Parks & Public Spaces,Tree Hazard,Low,Closed,6.2,Website,Transportation,1.0,2024-05,2024Q2,1
RVA-13361,2025-10-30,Museum District,Parks & Public Spaces,Tree Hazard,Medium,Closed,0.8,Website,Public Works,4.2,2025-10,2025Q4,1
RVA-13362,2024-07-20,The Fan,Parks & Public Spaces,Graffiti Removal,Low,Closed,12.87,Website,Code Enforcement,1.3,2024-07,2024Q3,1
RVA-13363,2025-03-19,West End,Road & Sidewalk,Crosswalk Faded,Emergency,In Progress,0.1,Email,Public Utilities,3.1,2025-03,2025Q1,0
RVA-13364,2025-02-22,Oregon Hill,Public Safety,Hazardous Condition,Medium,In Progress,6.71,Website,Code Enforcement,4.0,2025-02,2025Q1,0
RVA-13365,2025-03-02,Southside,Public Safety,Hazardous Condition,Emergency,Closed,0.33,Mobile App,Code Enforcement,2.0,2025-03,2025Q1,1
RVA-13366,2025-04-23,Northside,Water & Utilities,Water Main Break,Emergency,Resolved,0.3,Phone,Code Enforcement,1.4,2025-04,2025Q2,1
RVA-13367,2025-04-19,Museum District,Water & Utilities,Sewer Problem,Low,Open,19.07,Phone,Police,1.7,2025-04,2025Q2,0
RVA-13368,2024-05-05,Bon Air,Water & Utilities,Storm Drain Blocked,Medium,Resolved,6.17,Mobile App,Code Enforcement,4.4,2024-05,2024Q2,1
RVA-13369,2025-01-29,The Fan,Water & Utilities,Sewer Problem,Low,Closed,0.33,Email,Code Enforcement,3.8,2025-01,2025Q1,1
RVA-13370,2025-07-29,West End,Sanitation,Missed Trash Pickup,Emergency,In Progress,0.18,Mobile App,Public Works,1.8,2025-07,2025Q3,0
RVA-13371,2024-11-20,Museum District,Sanitation,Bulk Pickup Request,Medium,Closed,10.24,Website,Public Works,3.9,2024-11,2024Q4,1
RVA-13372,2025-01-26,West End,Road & Sidewalk,Crosswalk Faded,Low,Open,0.18,Website,Public Works,3.8,2025-01,2025Q1,0
RVA-13373,2025-11-18,East End,Noise & Nuisance,Abandoned Vehicle,Low,In Progress,7.88,Walk-in,Public Utilities,5.0,2025-11,2025Q4,0
RVA-13374,2025-09-19,The Fan,Sanitation,Missed Trash Pickup,Medium,Resolved,6.51,Phone,Police,2.6,2025-09,2025Q3,1
RVA-13375,2025-03-15,Scott's Addition,Road & Sidewalk,Pothole Repair,Emergency,In Progress,0.49,Website,Public Utilities,4.5,2025-03,2025Q1,0
RVA-13376,2024-07-22,Shockoe Bottom,Public Safety,Traffic Signal Issue,High,Closed,2.86,Mobile App,Police,2.8,2024-07,2024Q3,1
RVA-13377,2025-04-30,Shockoe Bottom,Water & Utilities,Water Main Break,High,Closed,2.59,Website,Police,4.6,2025-04,2025Q2,1
RVA-13378,2024-01-31,West End,Road & Sidewalk,Crosswalk Faded,Medium,Closed,5.89,Mobile App,Parks & Rec,1.4,2024-01,2024Q1,1
RVA-13379,2025-01-22,Scott's Addition,Road & Sidewalk,Street Light Out,Low,Resolved,17.23,Email,Transportation,1.7,2025-01,2025Q1,1
RVA-13380,2025-09-16,Museum District,Public Safety,Missing Sign,Emergency,Resolved,0.52,Mobile App,Parks & Rec,4.4,2025-09,2025Q3,1
RVA-13381,2025-03-09,Scott's Addition,Parks & Public Spaces,Park Maintenance,Low,In Progress,5.15,Mobile App,Parks & Rec,4.3,2025-03,2025Q1,0
RVA-13382,2025-01-10,Northside,Water & Utilities,Storm Drain Blocked,Emergency,Resolved,0.32,Phone,Police,2.2,2025-01,2025Q1,1
RVA-13383,2024-12-09,West End,Noise & Nuisance,Animal Control,Medium,Resolved,6.31,Website,Police,3.4,2024-12,2024Q4,1
RVA-13384,2025-03-18,Manchester,Parks & Public Spaces,Tree Hazard,Low,Closed,20.9,Website,Public Utilities,2.5,2025-03,2025Q1,1
RVA-13385,2025-08-01,Northside,Road & Sidewalk,Street Light Out,High,In Progress,0.64,Mobile App,Police,1.0,2025-08,2025Q3,0
RVA-13386,2024-03-15,Ginter Park,Public Safety,Missing Sign,Emergency,Resolved,0.21,Mobile App,Code Enforcement,1.1,2024-03,2024Q1,1
RVA-13387,2025-07-10,Carytown,Sanitation,Overflowing Bin,Emergency,Closed,1.33,Mobile App,Code Enforcement,1.2,2025-07,2025Q3,1
RVA-13388,2025-10-27,West End,Public Safety,Hazardous Condition,Low,Resolved,8.64,Phone,Police,3.4,2025-10,2025Q4,1
RVA-13389,2024-06-03,Manchester,Sanitation,Bulk Pickup Request,Low,Closed,1.97,Phone,Code Enforcement,2.1,2024-06,2024Q2,1
RVA-13390,2025-03-05,Carytown,Water & Utilities,Hydrant Issue,Medium,Closed,5.45,Phone,Police,1.6,2025-03,2025Q1,1
RVA-13391,2024-12-28,Northside,Parks & Public Spaces,Park Maintenance,Medium,Resolved,23.42,Website,Parks & Rec,4.8,2024-12,2024Q4,1
RVA-13392,2025-03-23,Scott's Addition,Parks & Public Spaces,Playground Repair,High,Resolved,3.47,Phone,Police,1.5,2025-03,2025Q1,1
RVA-13393,2024-08-21,Ginter Park,Road & Sidewalk,Pothole Repair,Low,Closed,13.69,Email,Parks & Rec,3.7,2024-08,2024Q3,1
RVA-13394,2025-07-16,The Fan,Parks & Public Spaces,Graffiti Removal,Emergency,In Progress,0.12,Mobile App,Public Works,4.6,2025-07,2025Q3,0
RVA-13395,2024-09-18,Carytown,Public Safety,Hazardous Condition,Medium,Resolved,10.44,Website,Code Enforcement,1.7,2024-09,2024Q3,1
RVA-13396,2024-05-04,Short Pump,Parks & Public Spaces,Park Maintenance,High,Closed,1.49,Website,Public Works,1.9,2024-05,2024Q2,1
RVA-13397,2024-09-01,Northside,Sanitation,Missed Trash Pickup,Medium,Resolved,11.0,Mobile App,Code Enforcement,3.3,2024-09,2024Q3,1
RVA-13398,2025-06-25,West End,Sanitation,Bulk Pickup Request,Medium,Resolved,2.0,Phone,Transportation,3.0,2025-06,2025Q2,1
RVA-13399,2025-04-29,Scott's Addition,Public Safety,Missing Sign,Emergency,Closed,0.03,Phone,Transportation,3.1,2025-04,2025Q2,1
RVA-13400,2024-05-01,Ginter Park,Sanitation,Overflowing Bin,Medium,Closed,3.23,Mobile App,Transportation,3.2,2024-05,2024Q2,1
RVA-13401,2024-05-04,Bon Air,Noise & Nuisance,Noise Complaint,High,In Progress,0.63,Phone,Public Works,4.8,2024-05,2024Q2,0
RVA-13402,2025-07-02,Lakeside,Parks & Public Spaces,Tree Hazard,Emergency,Resolved,0.63,Phone,Transportation,1.2,2025-07,2025Q3,1
RVA-13403,2024-06-18,Highland Park,Public Safety,Unsafe Structure,High,Resolved,6.3,Mobile App,Police,4.0,2024-06,2024Q2,1
RVA-13404,2024-05-03,Short Pump,Sanitation,Overflowing Bin,Medium,Resolved,5.87,Phone,Transportation,1.9,2024-05,2024Q2,1
RVA-13405,2024-02-04,The Fan,Parks & Public Spaces,Park Maintenance,Low,Closed,21.8,Phone,Public Works,2.5,2024-02,2024Q1,1
RVA-13406,2024-03-27,Manchester,Public Safety,Hazardous Condition,Low,Closed,6.03,Mobile App,Code Enforcement,1.4,2024-03,2024Q1,1
RVA-13407,2025-10-07,The Fan,Noise & Nuisance,Noise Complaint,Low,Closed,14.77,Mobile App,Public Utilities,2.8,2025-10,2025Q4,1
RVA-13408,2025-12-08,Bon Air,Water & Utilities,Sewer Problem,Low,Open,18.52,Website,Code Enforcement,4.2,2025-12,2025Q4,0
RVA-13409,2024-07-19,Scott's Addition,Sanitation,Illegal Dumping,Medium,In Progress,6.2,Website,Public Utilities,1.4,2024-07,2024Q3,0
RVA-13410,2025-01-03,Southside,Road & Sidewalk,Crosswalk Faded,Medium,Resolved,3.54,Email,Police,2.1,2025-01,2025Q1,1
RVA-13411,2024-03-17,Scott's Addition,Water & Utilities,Hydrant Issue,Medium,Resolved,4.92,Mobile App,Code Enforcement,2.5,2024-03,2024Q1,1
RVA-13412,2024-02-28,East End,Public Safety,Hazardous Condition,Medium,In Progress,6.03,Mobile App,Public Works,1.4,2024-02,2024Q1,0
RVA-13413,2025-03-06,Scott's Addition,Public Safety,Traffic Signal Issue,Low,Resolved,2.92,Mobile App,Police,4.0,2025-03,2025Q1,1
RVA-13414,2025-09-29,Highland Park,Road & Sidewalk,Pothole Repair,Low,Open,16.59,Phone,Code Enforcement,4.1,2025-09,2025Q3,0
RVA-13415,2025-05-14,Carytown,Parks & Public Spaces,Park Maintenance,High,Closed,6.0,Website,Police,4.3,2025-05,2025Q2,1
RVA-13416,2024-04-18,Bon Air,Noise & Nuisance,Abandoned Vehicle,Medium,Closed,3.13,Phone,Public Utilities,3.3,2024-04,2024Q2,1
RVA-13417,2024-10-04,Ginter Park,Sanitation,Overflowing Bin,Medium,Resolved,6.04,Website,Police,3.0,2024-10,2024Q4,1
RVA-13418,2024-03-08,East End,Noise & Nuisance,Abandoned Vehicle,Medium,In Progress,6.68,Website,Public Works,2.1,2024-03,2024Q1,0
RVA-13419,2024-03-09,The Fan,Sanitation,Overflowing Bin,High,Closed,2.17,Email,Code Enforcement,3.6,2024-03,2024Q1,1
RVA-13420,2024-06-13,Scott's Addition,Water & Utilities,Water Main Break,Medium,Closed,3.96,Mobile App,Public Utilities,2.8,2024-06,2024Q2,1
RVA-13421,2025-05-03,Ginter Park,Parks & Public Spaces,Playground Repair,Medium,Resolved,10.67,Mobile App,Police,4.9,2025-05,2025Q2,1
RVA-13422,2024-10-31,Carytown,Public Safety,Unsafe Structure,Emergency,Closed,0.3,Mobile App,Parks & Rec,4.9,2024-10,2024Q4,1
RVA-13423,2025-11-04,Shockoe Bottom,Noise & Nuisance,Animal Control,High,Closed,0.13,Mobile App,Public Utilities,4.6,2025-11,2025Q4,1
RVA-13424,2024-12-30,Short Pump,Noise & Nuisance,Noise Complaint,Medium,Resolved,9.31,Email,Public Utilities,2.4,2024-12,2024Q4,1
RVA-13425,2025-01-13,Scott's Addition,Noise & Nuisance,Property Maintenance,Medium,Resolved,5.6,Mobile App,Public Works,2.5,2025-01,2025Q1,1
RVA-13426,2024-12-08,Scott's Addition,Public Safety,Traffic Signal Issue,Low,Resolved,18.92,Phone,Public Works,4.4,2024-12,2024Q4,1
RVA-13427,2025-07-07,Northside,Road & Sidewalk,Sidewalk Damage,Medium,Resolved,0.75,Mobile App,Police,3.9,2025-07,2025Q3,1
RVA-13428,2024-12-19,Oregon Hill,Road & Sidewalk,Crosswalk Faded,Emergency,Resolved,0.02,Mobile App,Parks & Rec,3.8,2024-12,2024Q4,1
RVA-13429,2025-02-19,Church Hill,Parks & Public Spaces,Playground Repair,Medium,Closed,13.62,Mobile App,Public Utilities,2.1,2025-02,2025Q1,1
RVA-13430,2024-04-18,Short Pump,Noise & Nuisance,Abandoned Vehicle,Emergency,Closed,0.08,Mobile App,Police,4.3,2024-04,2024Q2,1
RVA-13431,2025-07-16,Oregon Hill,Parks & Public Spaces,Playground Repair,Medium,Resolved,8.29,Website,Transportation,3.3,2025-07,2025Q3,1
RVA-13432,2025-05-11,West End,Noise & Nuisance,Noise Complaint,Emergency,Resolved,0.87,Email,Parks & Rec,2.8,2025-05,2025Q2,1
RVA-13433,2024-12-06,Carytown,Noise & Nuisance,Property Maintenance,Medium,Closed,6.17,Phone,Police,4.5,2024-12,2024Q4,1
RVA-13434,2025-01-17,Southside,Parks & Public Spaces,Park Maintenance,Low,In Progress,1.41,Phone,Public Utilities,2.6,2025-01,2025Q1,0
RVA-13435,2025-06-16,Museum District,Sanitation,Overflowing Bin,Medium,Resolved,5.5,Mobile App,Police,3.6,2025-06,2025Q2,1
RVA-13436,2024-10-26,Jackson Ward,Parks & Public Spaces,Tree Hazard,Medium,Closed,11.0,Walk-in,Public Works,2.9,2024-10,2024Q4,1
RVA-13437,2024-05-18,Scott's Addition,Road & Sidewalk,Sidewalk Damage,Low,Resolved,5.54,Mobile App,Public Works,3.4,2024-05,2024Q2,1
RVA-13438,2024-12-24,The Fan,Water & Utilities,Hydrant Issue,High,Resolved,1.07,Email,Code Enforcement,1.2,2024-12,2024Q4,1
RVA-13439,2025-05-13,Ginter Park,Public Safety,Unsafe Structure,Medium,In Progress,2.92,Phone,Parks & Rec,2.8,2025-05,2025Q2,0
RVA-13440,2025-01-19,Manchester,Public Safety,Missing Sign,High,Resolved,0.17,Mobile App,Transportation,3.2,2025-01,2025Q1,1
RVA-13441,2025-08-26,West End,Noise & Nuisance,Property Maintenance,Medium,Resolved,11.13,Phone,Public Utilities,3.0,2025-08,2025Q3,1
RVA-13442,2024-10-06,Bon Air,Noise & Nuisance,Animal Control,Low,Resolved,20.34,Email,Parks & Rec,4.4,2024-10,2024Q4,1
RVA-13443,2025-09-28,Northside,Sanitation,Bulk Pickup Request,Emergency,Resolved,3.09,Mobile App,Public Works,2.2,2025-09,2025Q3,1
RVA-13444,2025-04-27,Oregon Hill,Sanitation,Overflowing Bin,Medium,Open,4.4,Mobile App,Transportation,4.5,2025-04,2025Q2,0
RVA-13445,2024-04-20,Scott's Addition,Sanitation,Illegal Dumping,Medium,In Progress,6.96,Mobile App,Public Utilities,2.6,2024-04,2024Q2,0
RVA-13446,2024-05-18,Bon Air,Parks & Public Spaces,Graffiti Removal,Medium,Resolved,1.13,Phone,Code Enforcement,3.8,2024-05,2024Q2,1
RVA-13447,2025-03-10,West End,Parks & Public Spaces,Park Maintenance,Medium,Open,5.51,Mobile App,Public Works,1.3,2025-03,2025Q1,0
RVA-13448,2025-05-23,East End,Road & Sidewalk,Crosswalk Faded,Emergency,Closed,0.52,Website,Public Works,1.8,2025-05,2025Q2,1
RVA-13449,2024-09-29,Museum District,Road & Sidewalk,Pothole Repair,High,In Progress,4.63,Email,Transportation,4.0,2024-09,2024Q3,0
RVA-13450,2024-04-08,Ginter Park,Public Safety,Unsafe Structure,Medium,Closed,8.88,Email,Parks & Rec,1.0,2024-04,2024Q2,1
RVA-13451,2024-04-13,West End,Public Safety,Traffic Signal Issue,High,Resolved,5.58,Mobile App,Police,4.9,2024-04,2024Q2,1
RVA-13452,2024-08-01,Scott's Addition,Sanitation,Illegal Dumping,Low,Resolved,20.31,Phone,Parks & Rec,1.8,2024-08,2024Q3,1
RVA-13453,2025-10-25,Northside,Noise & Nuisance,Abandoned Vehicle,Medium,Closed,10.15,Mobile App,Public Works,4.6,2025-10,2025Q4,1
RVA-13454,2024-06-13,Museum District,Sanitation,Bulk Pickup Request,Emergency,Resolved,0.03,Phone,Parks & Rec,3.1,2024-06,2024Q2,1
RVA-13455,2025-06-03,The Fan,Noise & Nuisance,Property Maintenance,Medium,Closed,9.35,Walk-in,Police,3.3,2025-06,2025Q2,1
RVA-13456,2024-10-10,Highland Park,Water & Utilities,Sewer Problem,High,Resolved,1.87,Phone,Code Enforcement,1.3,2024-10,2024Q4,1
RVA-13457,2025-05-31,Carytown,Parks & Public Spaces,Tree Hazard,High,Resolved,0.96,Walk-in,Public Utilities,2.5,2025-05,2025Q2,1
RVA-13458,2025-10-18,Short Pump,Public Safety,Hazardous Condition,High,Closed,0.12,Walk-in,Public Works,1.6,2025-10,2025Q4,1
RVA-13459,2025-09-04,Manchester,Road & Sidewalk,Street Light Out,Emergency,Resolved,0.57,Mobile App,Parks & Rec,3.1,2025-09,2025Q3,1
RVA-13460,2024-06-12,Manchester,Sanitation,Illegal Dumping,Medium,Resolved,1.99,Website,Public Works,3.2,2024-06,2024Q2,1
RVA-13461,2025-10-20,Museum District,Water & Utilities,Hydrant Issue,Low,Closed,6.31,Mobile App,Public Utilities,3.8,2025-10,2025Q4,1
RVA-13462,2024-03-04,Bon Air,Parks & Public Spaces,Tree Hazard,Medium,Closed,5.72,Phone,Parks & Rec,4.5,2024-03,2024Q1,1
RVA-13463,2024-03-31,Museum District,Water & Utilities,Water Main Break,High,Resolved,4.86,Mobile App,Code Enforcement,2.9,2024-03,2024Q1,1
RVA-13464,2024-04-26,Shockoe Bottom,Sanitation,Missed Trash Pickup,Low,Resolved,17.45,Email,Public Utilities,1.9,2024-04,2024Q2,1
RVA-13465,2024-09-23,Northside,Parks & Public Spaces,Tree Hazard,Low,In Progress,5.99,Phone,Police,2.3,2024-09,2024Q3,0
RVA-13466,2025-11-15,Scott's Addition,Noise & Nuisance,Noise Complaint,Medium,Resolved,2.45,Website,Police,4.4,2025-11,2025Q4,1
RVA-13467,2025-07-12,Carytown,Sanitation,Overflowing Bin,Emergency,Resolved,0.14,Website,Public Works,1.6,2025-07,2025Q3,1
RVA-13468,2024-05-19,The Fan,Sanitation,Bulk Pickup Request,High,Closed,0.93,Website,Police,3.5,2024-05,2024Q2,1
RVA-13469,2024-09-02,The Fan,Parks & Public Spaces,Playground Repair,Medium,Resolved,0.59,Website,Parks & Rec,1.1,2024-09,2024Q3,1
RVA-13470,2025-10-22,Museum District,Water & Utilities,Sewer Problem,Low,Closed,35.44,Mobile App,Police,2.0,2025-10,2025Q4,1
RVA-13471,2025-01-29,Museum District,Public Safety,Unsafe Structure,Medium,Open,4.27,Website,Code Enforcement,3.4,2025-01,2025Q1,0
RVA-13472,2025-05-01,Shockoe Bottom,Water & Utilities,Storm Drain Blocked,Low,Resolved,1.37,Phone,Transportation,2.8,2025-05,2025Q2,1
RVA-13473,2025-04-20,Highland Park,Public Safety,Hazardous Condition,Low,Closed,4.35,Phone,Parks & Rec,3.0,2025-04,2025Q2,1
RVA-13474,2025-05-31,Carytown,Noise & Nuisance,Property Maintenance,Emergency,Resolved,0.4,Mobile App,Transportation,3.6,2025-05,2025Q2,1
RVA-13475,2024-07-02,Bon Air,Water & Utilities,Sewer Problem,Emergency,Open,0.38,Mobile App,Public Works,1.9,2024-07,2024Q3,0
RVA-13476,2024-01-20,Northside,Public Safety,Hazardous Condition,Low,Resolved,0.36,Email,Public Works,2.1,2024-01,2024Q1,1
RVA-13477,2025-07-11,The Fan,Public Safety,Traffic Signal Issue,Low,Closed,30.13,Mobile App,Police,3.7,2025-07,2025Q3,1
RVA-13478,2025-06-07,Bon Air,Water & Utilities,Hydrant Issue,Medium,Resolved,1.61,Phone,Police,3.2,2025-06,2025Q2,1
RVA-13479,2025-08-04,Manchester,Noise & Nuisance,Animal Control,Medium,Resolved,0.08,Mobile App,Public Works,1.1,2025-08,2025Q3,1
RVA-13480,2025-06-12,Museum District,Sanitation,Bulk Pickup Request,Low,Closed,0.8,Mobile App,Parks & Rec,3.7,2025-06,2025Q2,1
RVA-13481,2024-05-26,Scott's Addition,Road & Sidewalk,Sidewalk Damage,Medium,Resolved,4.34,Mobile App,Public Utilities,3.5,2024-05,2024Q2,1
RVA-13482,2025-10-27,West End,Water & Utilities,Storm Drain Blocked,Low,Closed,1.48,Phone,Public Works,1.3,2025-10,2025Q4,1
RVA-13483,2024-10-30,Museum District,Noise & Nuisance,Noise Complaint,High,In Progress,0.09,Email,Code Enforcement,4.0,2024-10,2024Q4,0
RVA-13484,2025-09-11,Carytown,Road & Sidewalk,Street Light Out,High,Resolved,0.95,Mobile App,Parks & Rec,3.1,2025-09,2025Q3,1
RVA-13485,2025-08-04,Carytown,Public Safety,Missing Sign,Medium,Closed,4.87,Mobile App,Public Utilities,1.8,2025-08,2025Q3,1
RVA-13486,2025-11-25,West End,Public Safety,Unsafe Structure,Medium,Closed,0.59,Phone,Public Utilities,3.2,2025-11,2025Q4,1
RVA-13487,2024-08-15,Scott's Addition,Water & Utilities,Water Main Break,Emergency,Closed,0.19,Phone,Parks & Rec,3.4,2024-08,2024Q3,1
RVA-13488,2024-04-11,Church Hill,Road & Sidewalk,Street Light Out,Emergency,Closed,0.27,Email,Public Works,4.7,2024-04,2024Q2,1
RVA-13489,2025-08-09,Lakeside,Noise & Nuisance,Noise Complaint,Low,Resolved,1.74,Phone,Public Utilities,4.0,2025-08,2025Q3,1
RVA-13490,2025-02-20,Highland Park,Noise & Nuisance,Animal Control,Low,In Progress,7.05,Phone,Code Enforcement,2.2,2025-02,2025Q1,0
RVA-13491,2024-08-03,Scott's Addition,Noise & Nuisance,Abandoned Vehicle,Medium,Resolved,0.45,Phone,Transportation,1.5,2024-08,2024Q3,1
RVA-13492,2025-02-10,Scott's Addition,Public Safety,Unsafe Structure,Low,Closed,0.48,Website,Parks & Rec,4.4,2025-02,2025Q1,1
RVA-13493,2025-02-02,Ginter Park,Road & Sidewalk,Street Light Out,Medium,Closed,3.67,Phone,Police,4.4,2025-02,2025Q1,1
RVA-13494,2025-12-15,Church Hill,Road & Sidewalk,Pothole Repair,Medium,Closed,1.42,Mobile App,Transportation,1.7,2025-12,2025Q4,1
RVA-13495,2025-12-04,Southside,Water & Utilities,Storm Drain Blocked,Medium,Open,0.5,Mobile App,Public Works,1.2,2025-12,2025Q4,0
RVA-13496,2025-05-13,Bon Air,Road & Sidewalk,Crosswalk Faded,Medium,Resolved,2.76,Email,Parks & Rec,3.8,2025-05,2025Q2,1
RVA-13497,2025-04-09,Ginter Park,Road & Sidewalk,Street Light Out,Medium,Resolved,12.33,Walk-in,Code Enforcement,3.9,2025-04,2025Q2,1
RVA-13498,2025-11-21,The Fan,Sanitation,Overflowing Bin,Emergency,Closed,0.64,Mobile App,Transportation,1.7,2025-11,2025Q4,1
RVA-13499,2024-03-22,Manchester,Sanitation,Overflowing Bin,Low,Resolved,16.91,Walk-in,Transportation,3.7,2024-03,2024Q1,1
RVA-13500,2025-08-26,Church Hill,Public Safety,Missing Sign,High,Closed,4.11,Phone,Public Utilities,2.1,2025-08,2025Q3,1
RVA-13501,2025-11-17,Bon Air,Road & Sidewalk,Crosswalk Faded,Low,Resolved,35.98,Phone,Public Works,2.0,2025-11,2025Q4,1
RVA-13502,2024-12-30,Bon Air,Noise & Nuisance,Animal Control,Low,In Progress,14.41,Mobile App,Public Works,2.3,2024-12,2024Q4,0
RVA-13503,2024-06-11,Scott's Addition,Water & Utilities,Hydrant Issue,Medium,Resolved,4.69,Website,Parks & Rec,3.1,2024-06,2024Q2,1
RVA-13504,2024-02-17,East End,Public Safety,Hazardous Condition,Low,Open,4.55,Mobile App,Parks & Rec,4.2,2024-02,2024Q1,0
RVA-13505,2025-05-25,Ginter Park,Road & Sidewalk,Street Light Out,Low,Resolved,2.0,Website,Code Enforcement,3.0,2025-05,2025Q2,1
RVA-13506,2024-11-24,Scott's Addition,Water & Utilities,Hydrant Issue,Low,In Progress,11.6,Mobile App,Police,2.2,2024-11,2024Q4,0
RVA-13507,2024-04-25,Shockoe Bottom,Public Safety,Traffic Signal Issue,Medium,Resolved,26.44,Website,Parks & Rec,4.5,2024-04,2024Q2,1
RVA-13508,2024-12-02,The Fan,Public Safety,Unsafe Structure,High,Resolved,1.26,Mobile App,Transportation,1.2,2024-12,2024Q4,1
RVA-13509,2024-05-26,Museum District,Sanitation,Overflowing Bin,Low,Closed,12.86,Mobile App,Parks & Rec,4.2,2024-05,2024Q2,1
RVA-13510,2025-07-28,Bon Air,Road & Sidewalk,Sidewalk Damage,High,Closed,1.37,Mobile App,Parks & Rec,4.1,2025-07,2025Q3,1
RVA-13511,2024-11-18,Bon Air,Road & Sidewalk,Pothole Repair,Low,Resolved,5.66,Mobile App,Code Enforcement,2.0,2024-11,2024Q4,1
RVA-13512,2025-03-18,Carytown,Parks & Public Spaces,Tree Hazard,Medium,In Progress,2.64,Phone,Public Utilities,1.8,2025-03,2025Q1,0
RVA-13513,2024-01-13,Scott's Addition,Public Safety,Unsafe Structure,Medium,In Progress,3.51,Mobile App,Police,4.5,2024-01,2024Q1,0
RVA-13514,2025-05-08,Jackson Ward,Public Safety,Hazardous Condition,High,Closed,0.91,Email,Code Enforcement,3.2,2025-05,2025Q2,1
RVA-13515,2025-12-01,Highland Park,Parks & Public Spaces,Tree Hazard,Emergency,Resolved,0.69,Phone,Parks & Rec,1.2,2025-12,2025Q4,1
RVA-13516,2024-10-13,Northside,Road & Sidewalk,Street Light Out,Emergency,In Progress,1.04,Phone,Public Utilities,4.6,2024-10,2024Q4,0
RVA-13517,2025-12-20,Short Pump,Water & Utilities,Storm Drain Blocked,Low,Closed,21.45,Mobile App,Parks & Rec,2.4,2025-12,2025Q4,1
RVA-13518,2024-04-23,Northside,Public Safety,Hazardous Condition,High,Resolved,0.52,Phone,Code Enforcement,2.4,2024-04,2024Q2,1
RVA-13519,2025-04-24,Carytown,Parks & Public Spaces,Park Maintenance,Low,Closed,22.62,Mobile App,Public Works,3.6,2025-04,2025Q2,1
RVA-13520,2024-01-22,Museum District,Public Safety,Hazardous Condition,Emergency,Resolved,0.21,Website,Parks & Rec,3.6,2024-01,2024Q1,1
RVA-13521,2024-12-14,Bon Air,Parks & Public Spaces,Tree Hazard,Medium,Resolved,1.85,Mobile App,Public Utilities,2.4,2024-12,2024Q4,1
RVA-13522,2025-12-26,The Fan,Road & Sidewalk,Crosswalk Faded,Medium,Resolved,6.49,Website,Police,1.6,2025-12,2025Q4,1
RVA-13523,2025-11-13,Short Pump,Parks & Public Spaces,Graffiti Removal,Low,Closed,3.63,Phone,Public Works,3.2,2025-11,2025Q4,1
RVA-13524,2025-07-19,Scott's Addition,Noise & Nuisance,Animal Control,Low,Closed,0.54,Email,Parks & Rec,3.5,2025-07,2025Q3,1
RVA-13525,2024-11-15,Short Pump,Sanitation,Overflowing Bin,High,Resolved,0.94,Mobile App,Parks & Rec,4.4,2024-11,2024Q4,1
RVA-13526,2024-05-05,Northside,Parks & Public Spaces,Tree Hazard,Emergency,Resolved,0.64,Mobile App,Public Utilities,2.9,2024-05,2024Q2,1
RVA-13527,2024-10-03,Northside,Water & Utilities,Hydrant Issue,Medium,Resolved,1.98,Phone,Public Works,3.6,2024-10,2024Q4,1
RVA-13528,2024-07-22,Ginter Park,Parks & Public Spaces,Park Maintenance,High,Closed,1.99,Email,Public Works,1.2,2024-07,2024Q3,1
RVA-13529,2024-07-12,Oregon Hill,Parks & Public Spaces,Graffiti Removal,High,Resolved,2.16,Website,Public Works,4.6,2024-07,2024Q3,1
RVA-13530,2025-11-11,Short Pump,Road & Sidewalk,Pothole Repair,Medium,Closed,6.62,Mobile App,Parks & Rec,2.3,2025-11,2025Q4,1
RVA-13531,2025-10-25,The Fan,Noise & Nuisance,Abandoned Vehicle,Low,Resolved,22.74,Phone,Public Works,3.5,2025-10,2025Q4,1
RVA-13532,2025-06-30,Highland Park,Sanitation,Missed Trash Pickup,Low,Resolved,5.67,Email,Parks & Rec,4.7,2025-06,2025Q2,1
RVA-13533,2025-11-26,Scott's Addition,Noise & Nuisance,Abandoned Vehicle,Medium,Resolved,0.91,Mobile App,Parks & Rec,4.2,2025-11,2025Q4,1
RVA-13534,2024-10-12,Highland Park,Sanitation,Overflowing Bin,Low,Closed,3.84,Mobile App,Transportation,3.6,2024-10,2024Q4,1
RVA-13535,2024-02-26,Scott's Addition,Public Safety,Hazardous Condition,Low,Closed,5.66,Walk-in,Public Works,3.8,2024-02,2024Q1,1
RVA-13536,2024-10-29,The Fan,Noise & Nuisance,Noise Complaint,Low,Resolved,12.51,Walk-in,Code Enforcement,4.7,2024-10,2024Q4,1
RVA-13537,2024-06-11,Shockoe Bottom,Sanitation,Overflowing Bin,Low,Resolved,0.13,Website,Police,4.2,2024-06,2024Q2,1
RVA-13538,2024-01-19,Bon Air,Road & Sidewalk,Crosswalk Faded,Emergency,Resolved,0.19,Email,Police,3.4,2024-01,2024Q1,1
RVA-13539,2025-01-04,Manchester,Noise & Nuisance,Noise Complaint,Low,In Progress,15.13,Mobile App,Code Enforcement,3.6,2025-01,2025Q1,0
RVA-13540,2024-09-20,Carytown,Road & Sidewalk,Pothole Repair,Medium,Closed,5.56,Phone,Public Works,1.6,2024-09,2024Q3,1
RVA-13541,2024-04-22,Carytown,Sanitation,Missed Trash Pickup,Medium,Resolved,6.58,Website,Parks & Rec,2.9,2024-04,2024Q2,1
RVA-13542,2025-05-02,Manchester,Noise & Nuisance,Abandoned Vehicle,Medium,Closed,8.35,Website,Public Utilities,2.2,2025-05,2025Q2,1
RVA-13543,2024-11-22,The Fan,Sanitation,Overflowing Bin,Low,Closed,15.29,Website,Code Enforcement,2.7,2024-11,2024Q4,1
RVA-13544,2025-06-25,Short Pump,Public Safety,Unsafe Structure,Medium,Closed,5.73,Email,Police,3.6,2025-06,2025Q2,1
RVA-13545,2025-10-08,Scott's Addition,Road & Sidewalk,Sidewalk Damage,Low,Closed,5.79,Phone,Police,1.6,2025-10,2025Q4,1
RVA-13546,2025-08-01,Short Pump,Sanitation,Illegal Dumping,Medium,Resolved,20.55,Mobile App,Parks & Rec,1.1,2025-08,2025Q3,1
RVA-13547,2024-03-05,Church Hill,Parks & Public Spaces,Tree Hazard,Low,Closed,8.42,Phone,Police,2.6,2024-03,2024Q1,1
RVA-13548,2024-10-18,Museum District,Parks & Public Spaces,Tree Hazard,Medium,In Progress,1.13,Website,Police,2.3,2024-10,2024Q4,0
RVA-13549,2024-01-25,Northside,Noise & Nuisance,Animal Control,High,Resolved,0.69,Mobile App,Parks & Rec,2.7,2024-01,2024Q1,1
RVA-13550,2025-07-02,The Fan,Road & Sidewalk,Pothole Repair,Medium,Closed,5.91,Walk-in,Public Works,4.7,2025-07,2025Q3,1
RVA-13551,2024-01-01,Oregon Hill,Road & Sidewalk,Street Light Out,Medium,Resolved,12.93,Mobile App,Transportation,3.8,2024-01,2024Q1,1
RVA-13552,2025-07-02,Manchester,Road & Sidewalk,Sidewalk Damage,Medium,Closed,0.98,Mobile App,Police,2.3,2025-07,2025Q3,1
RVA-13553,2024-05-20,Scott's Addition,Public Safety,Unsafe Structure,High,Closed,0.17,Phone,Transportation,1.7,2024-05,2024Q2,1
RVA-13554,2025-10-09,Northside,Water & Utilities,Hydrant Issue,Low,Closed,21.33,Website,Transportation,3.5,2025-10,2025Q4,1
RVA-13555,2024-07-06,Northside,Public Safety,Unsafe Structure,High,Resolved,4.94,Mobile App,Public Works,3.6,2024-07,2024Q3,1
RVA-13556,2024-05-07,Southside,Public Safety,Traffic Signal Issue,High,Closed,0.65,Website,Public Utilities,2.9,2024-05,2024Q2,1
RVA-13557,2024-07-19,Shockoe Bottom,Parks & Public Spaces,Tree Hazard,Medium,Resolved,2.37,Phone,Public Works,1.9,2024-07,2024Q3,1
RVA-13558,2024-05-06,Scott's Addition,Public Safety,Traffic Signal Issue,Medium,Closed,5.4,Mobile App,Parks & Rec,1.1,2024-05,2024Q2,1
RVA-13559,2024-09-13,Scott's Addition,Parks & Public Spaces,Tree Hazard,Medium,Resolved,2.0,Mobile App,Parks & Rec,2.1,2024-09,2024Q3,1
RVA-13560,2025-11-06,Short Pump,Noise & Nuisance,Abandoned Vehicle,Low,Resolved,20.97,Website,Parks & Rec,2.8,2025-11,2025Q4,1
RVA-13561,2025-06-30,Museum District,Road & Sidewalk,Crosswalk Faded,Low,Resolved,1.14,Phone,Police,4.2,2025-06,2025Q2,1
RVA-13562,2024-07-12,Manchester,Parks & Public Spaces,Playground Repair,Low,In Progress,0.39,Email,Code Enforcement,4.4,2024-07,2024Q3,0
RVA-13563,2025-12-03,Highland Park,Parks & Public Spaces,Tree Hazard,Low,In Progress,2.34,Phone,Police,2.7,2025-12,2025Q4,0
RVA-13564,2024-04-13,Carytown,Water & Utilities,Storm Drain Blocked,Medium,Open,1.68,Mobile App,Public Works,4.2,2024-04,2024Q2,0
RVA-13565,2025-06-18,Bon Air,Water & Utilities,Sewer Problem,High,Resolved,0.24,Mobile App,Public Utilities,5.0,2025-06,2025Q2,1
RVA-13566,2024-09-21,Carytown,Water & Utilities,Water Main Break,Low,Closed,0.68,Mobile App,Public Utilities,3.9,2024-09,2024Q3,1
RVA-13567,2025-01-18,Highland Park,Noise & Nuisance,Abandoned Vehicle,Emergency,Open,0.7,Phone,Public Utilities,3.9,2025-01,2025Q1,0
RVA-13568,2024-09-16,Oregon Hill,Noise & Nuisance,Noise Complaint,Emergency,Open,0.09,Phone,Transportation,4.6,2024-09,2024Q3,0
RVA-13569,2025-02-17,Ginter Park,Road & Sidewalk,Crosswalk Faded,Emergency,Resolved,1.23,Website,Public Utilities,2.4,2025-02,2025Q1,1
RVA-13570,2024-12-23,The Fan,Public Safety,Missing Sign,High,Closed,0.92,Mobile App,Transportation,1.0,2024-12,2024Q4,1
RVA-13571,2024-03-15,Oregon Hill,Noise & Nuisance,Noise Complaint,Medium,In Progress,5.55,Mobile App,Code Enforcement,4.9,2024-03,2024Q1,0
RVA-13572,2024-12-20,Manchester,Public Safety,Hazardous Condition,Low,Resolved,2.55,Mobile App,Public Utilities,3.0,2024-12,2024Q4,1
RVA-13573,2025-08-06,Bon Air,Water & Utilities,Water Main Break,Medium,Resolved,1.37,Mobile App,Transportation,4.1,2025-08,2025Q3,1
RVA-13574,2024-07-06,Bon Air,Public Safety,Missing Sign,Medium,Resolved,4.27,Phone,Police,4.2,2024-07,2024Q3,1
RVA-13575,2025-11-15,Shockoe Bottom,Water & Utilities,Water Main Break,High,Resolved,1.64,Email,Public Utilities,2.6,2025-11,2025Q4,1
RVA-13576,2024-10-16,Southside,Public Safety,Unsafe Structure,Emergency,Resolved,0.73,Website,Parks & Rec,3.2,2024-10,2024Q4,1
RVA-13577,2024-02-14,Short Pump,Noise & Nuisance,Animal Control,Medium,Closed,7.09,Website,Public Works,3.2,2024-02,2024Q1,1
RVA-13578,2025-07-26,Shockoe Bottom,Sanitation,Missed Trash Pickup,Medium,Resolved,5.55,Mobile App,Police,1.9,2025-07,2025Q3,1
RVA-13579,2024-03-23,Shockoe Bottom,Public Safety,Traffic Signal Issue,Low,In Progress,5.96,Mobile App,Code Enforcement,1.5,2024-03,2024Q1,0
RVA-13580,2024-05-02,Bon Air,Water & Utilities,Storm Drain Blocked,Low,Resolved,22.13,Mobile App,Police,3.2,2024-05,2024Q2,1
RVA-13581,2024-12-23,Museum District,Public Safety,Unsafe Structure,Medium,Resolved,4.87,Mobile App,Parks & Rec,1.5,2024-12,2024Q4,1
RVA-13582,2025-06-11,Carytown,Public Safety,Traffic Signal Issue,Medium,Closed,23.13,Phone,Public Utilities,2.4,2025-06,2025Q2,1
RVA-13583,2024-03-06,Scott's Addition,Parks & Public Spaces,Playground Repair,High,Resolved,3.42,Mobile App,Public Utilities,1.7,2024-03,2024Q1,1
RVA-13584,2025-10-18,Scott's Addition,Sanitation,Missed Trash Pickup,Medium,Closed,0.23,Walk-in,Code Enforcement,3.8,2025-10,2025Q4,1
RVA-13585,2025-01-09,Short Pump,Water & Utilities,Water Main Break,Emergency,Closed,0.19,Email,Public Works,4.5,2025-01,2025Q1,1
RVA-13586,2024-06-10,Manchester,Sanitation,Illegal Dumping,Medium,Resolved,4.24,Mobile App,Public Utilities,3.3,2024-06,2024Q2,1
RVA-13587,2025-01-14,Museum District,Public Safety,Unsafe Structure,High,Closed,2.56,Website,Transportation,2.6,2025-01,2025Q1,1
RVA-13588,2025-10-17,Shockoe Bottom,Road & Sidewalk,Pothole Repair,Low,Resolved,7.99,Website,Code Enforcement,5.0,2025-10,2025Q4,1
RVA-13589,2024-12-23,Manchester,Water & Utilities,Storm Drain Blocked,High,Closed,3.08,Mobile App,Public Utilities,1.1,2024-12,2024Q4,1
RVA-13590,2024-07-06,The Fan,Parks & Public Spaces,Park Maintenance,High,In Progress,0.66,Email,Transportation,2.2,2024-07,2024Q3,0
RVA-13591,2024-11-17,Fulton,Public Safety,Unsafe Structure,Low,Resolved,2.03,Mobile App,Police,2.1,2024-11,2024Q4,1
RVA-13592,2025-03-25,Shockoe Bottom,Water & Utilities,Water Main Break,Low,Resolved,0.55,Website,Code Enforcement,2.4,2025-03,2025Q1,1
RVA-13593,2025-04-18,Highland Park,Water & Utilities,Sewer Problem,Emergency,Resolved,0.43,Mobile App,Code Enforcement,1.9,2025-04,2025Q2,1
RVA-13594,2024-01-13,Oregon Hill,Noise & Nuisance,Abandoned Vehicle,Low,Resolved,11.67,Phone,Code Enforcement,2.1,2024-01,2024Q1,1
RVA-13595,2024-07-02,Museum District,Noise & Nuisance,Abandoned Vehicle,Medium,Resolved,1.97,Phone,Public Utilities,2.0,2024-07,2024Q3,1
RVA-13596,2024-04-20,Scott's Addition,Parks & Public Spaces,Graffiti Removal,Medium,Resolved,4.75,Walk-in,Code Enforcement,3.0,2024-04,2024Q2,1
RVA-13597,2025-05-22,West End,Public Safety,Hazardous Condition,High,Resolved,0.11,Mobile App,Police,2.6,2025-05,2025Q2,1
RVA-13598,2024-10-16,Ginter Park,Water & Utilities,Sewer Problem,High,Open,0.21,Mobile App,Public Works,3.6,2024-10,2024Q4,0
RVA-13599,2024-10-21,Scott's Addition,Sanitation,Missed Trash Pickup,Medium,Resolved,6.05,Phone,Public Works,3.1,2024-10,2024Q4,1
RVA-13600,2025-03-26,Scott's Addition,Sanitation,Missed Trash Pickup,Medium,Resolved,2.29,Mobile App,Parks & Rec,1.7,2025-03,2025Q1,1
RVA-13601,2024-08-02,West End,Noise & Nuisance,Noise Complaint,Emergency,Resolved,0.56,Website,Police,4.2,2024-08,2024Q3,1
RVA-13602,2025-09-23,Shockoe Bottom,Noise & Nuisance,Property Maintenance,High,In Progress,3.56,Website,Police,2.9,2025-09,2025Q3,0
RVA-13603,2025-07-20,Southside,Noise & Nuisance,Noise Complaint,High,Resolved,3.83,Walk-in,Code Enforcement,1.6,2025-07,2025Q3,1
RVA-13604,2024-01-27,Carytown,Public Safety,Hazardous Condition,Medium,Resolved,0.94,Website,Parks & Rec,1.7,2024-01,2024Q1,1
RVA-13605,2025-09-21,Southside,Road & Sidewalk,Sidewalk Damage,Low,Closed,6.66,Email,Transportation,4.2,2025-09,2025Q3,1
RVA-13606,2024-08-18,Short Pump,Public Safety,Hazardous Condition,Medium,Resolved,6.62,Website,Transportation,3.8,2024-08,2024Q3,1
RVA-13607,2025-07-18,Carytown,Parks & Public Spaces,Playground Repair,High,Open,2.97,Email,Police,3.0,2025-07,2025Q3,0
RVA-13608,2024-11-16,East End,Public Safety,Missing Sign,Low,In Progress,15.36,Mobile App,Police,2.2,2024-11,2024Q4,0
RVA-13609,2024-08-20,Museum District,Public Safety,Unsafe Structure,Medium,Open,1.29,Phone,Police,2.8,2024-08,2024Q3,0
RVA-13610,2025-10-31,Scott's Addition,Public Safety,Missing Sign,Low,Resolved,2.14,Email,Public Utilities,3.5,2025-10,2025Q4,1
RVA-13611,2025-03-12,Oregon Hill,Noise & Nuisance,Abandoned Vehicle,Medium,In Progress,4.46,Website,Police,4.5,2025-03,2025Q1,0
RVA-13612,2025-06-16,Museum District,Parks & Public Spaces,Tree Hazard,High,Resolved,2.7,Walk-in,Transportation,3.2,2025-06,2025Q2,1
RVA-13613,2025-02-06,Carytown,Road & Sidewalk,Crosswalk Faded,Low,Resolved,3.84,Mobile App,Public Utilities,2.1,2025-02,2025Q1,1
RVA-13614,2024-02-22,Bon Air,Noise & Nuisance,Abandoned Vehicle,High,Closed,0.22,Walk-in,Transportation,1.2,2024-02,2024Q1,1
RVA-13615,2024-11-08,East End,Public Safety,Unsafe Structure,Emergency,Resolved,0.63,Website,Police,1.7,2024-11,2024Q4,1
RVA-13616,2024-10-07,Carytown,Public Safety,Missing Sign,Low,Resolved,3.56,Mobile App,Transportation,3.6,2024-10,2024Q4,1
RVA-13617,2025-12-26,Ginter Park,Sanitation,Missed Trash Pickup,High,Closed,0.36,Mobile App,Public Works,1.6,2025-12,2025Q4,1
RVA-13618,2024-01-31,Manchester,Sanitation,Bulk Pickup Request,Emergency,Resolved,0.08,Mobile App,Public Utilities,2.9,2024-01,2024Q1,1
RVA-13619,2024-12-02,Northside,Noise & Nuisance,Abandoned Vehicle,Emergency,Closed,0.19,Email,Public Utilities,3.8,2024-12,2024Q4,1
RVA-13620,2024-07-01,Scott's Addition,Sanitation,Illegal Dumping,Low,Closed,8.98,Website,Code Enforcement,2.2,2024-07,2024Q3,1
RVA-13621,2024-01-23,West End,Road & Sidewalk,Pothole Repair,Low,Resolved,4.44,Email,Police,3.7,2024-01,2024Q1,1
RVA-13622,2025-06-27,West End,Road & Sidewalk,Sidewalk Damage,Low,Resolved,0.21,Phone,Parks & Rec,3.3,2025-06,2025Q2,1
RVA-13623,2025-03-21,Northside,Parks & Public Spaces,Park Maintenance,High,Closed,0.2,Email,Parks & Rec,2.8,2025-03,2025Q1,1
RVA-13624,2024-03-14,Scott's Addition,Parks & Public Spaces,Playground Repair,High,Closed,0.69,Phone,Parks & Rec,4.6,2024-03,2024Q1,1
RVA-13625,2024-01-10,Scott's Addition,Sanitation,Overflowing Bin,High,Closed,2.16,Mobile App,Parks & Rec,3.8,2024-01,2024Q1,1
RVA-13626,2025-04-28,Oregon Hill,Public Safety,Unsafe Structure,Medium,In Progress,0.52,Mobile App,Public Works,2.4,2025-04,2025Q2,0
RVA-13627,2025-03-31,Church Hill,Public Safety,Unsafe Structure,Low,Resolved,8.22,Email,Parks & Rec,4.2,2025-03,2025Q1,1
RVA-13628,2025-07-19,Manchester,Parks & Public Spaces,Graffiti Removal,Medium,Closed,0.64,Mobile App,Transportation,4.0,2025-07,2025Q3,1
RVA-13629,2025-07-17,West End,Noise & Nuisance,Animal Control,Medium,Resolved,1.19,Mobile App,Code Enforcement,4.2,2025-07,2025Q3,1
RVA-13630,2025-10-21,Ginter Park,Road & Sidewalk,Crosswalk Faded,High,Closed,0.38,Mobile App,Parks & Rec,3.6,2025-10,2025Q4,1
RVA-13631,2024-06-08,Manchester,Road & Sidewalk,Pothole Repair,Medium,In Progress,0.35,Mobile App,Code Enforcement,2.5,2024-06,2024Q2,0
RVA-13632,2024-01-14,Scott's Addition,Parks & Public Spaces,Tree Hazard,Medium,Closed,5.56,Walk-in,Public Utilities,2.4,2024-01,2024Q1,1
RVA-13633,2024-06-26,Ginter Park,Road & Sidewalk,Street Light Out,Medium,Resolved,3.11,Phone,Transportation,3.6,2024-06,2024Q2,1
RVA-13634,2025-02-15,Fulton,Water & Utilities,Storm Drain Blocked,Low,Open,17.78,Website,Police,1.5,2025-02,2025Q1,0
RVA-13635,2024-02-22,Museum District,Parks & Public Spaces,Playground Repair,Medium,Closed,0.52,Email,Parks & Rec,4.3,2024-02,2024Q1,1
RVA-13636,2025-02-11,The Fan,Road & Sidewalk,Pothole Repair,Low,Resolved,1.56,Phone,Code Enforcement,2.5,2025-02,2025Q1,1
RVA-13637,2024-01-22,West End,Road & Sidewalk,Street Light Out,Medium,Open,1.83,Walk-in,Transportation,3.5,2024-01,2024Q1,0
RVA-13638,2024-01-30,Highland Park,Water & Utilities,Sewer Problem,Low,In Progress,14.52,Mobile App,Code Enforcement,3.0,2024-01,2024Q1,0
RVA-13639,2025-12-03,The Fan,Sanitation,Bulk Pickup Request,Low,Closed,3.65,Email,Police,3.1,2025-12,2025Q4,1
RVA-13640,2024-09-16,Northside,Noise & Nuisance,Animal Control,High,Closed,1.05,Mobile App,Public Utilities,4.0,2024-09,2024Q3,1
RVA-13641,2024-07-23,Northside,Water & Utilities,Hydrant Issue,Medium,In Progress,1.79,Website,Parks & Rec,3.5,2024-07,2024Q3,0
RVA-13642,2024-02-28,Oregon Hill,Sanitation,Missed Trash Pickup,High,Resolved,0.17,Website,Code Enforcement,2.0,2024-02,2024Q1,1
RVA-13643,2025-04-15,Highland Park,Water & Utilities,Hydrant Issue,High,In Progress,5.61,Mobile App,Parks & Rec,1.3,2025-04,2025Q2,0
RVA-13644,2025-04-10,Museum District,Road & Sidewalk,Street Light Out,Medium,Closed,3.98,Phone,Transportation,4.4,2025-04,2025Q2,1
RVA-13645,2024-01-12,East End,Parks & Public Spaces,Graffiti Removal,Emergency,In Progress,0.78,Mobile App,Public Works,4.5,2024-01,2024Q1,0
RVA-13646,2025-09-22,Short Pump,Parks & Public Spaces,Park Maintenance,Low,Resolved,10.74,Mobile App,Code Enforcement,1.7,2025-09,2025Q3,1
RVA-13647,2024-10-16,Scott's Addition,Parks & Public Spaces,Park Maintenance,High,In Progress,1.44,Phone,Public Utilities,2.2,2024-10,2024Q4,0
RVA-13648,2024-12-19,Northside,Sanitation,Missed Trash Pickup,Emergency,Resolved,0.05,Email,Transportation,2.1,2024-12,2024Q4,1
RVA-13649,2025-09-30,West End,Water & Utilities,Water Main Break,High,Closed,2.06,Phone,Police,4.7,2025-09,2025Q3,1
RVA-13650,2024-03-15,Bon Air,Road & Sidewalk,Street Light Out,Low,Resolved,1.69,Phone,Code Enforcement,1.8,2024-03,2024Q1,1
RVA-13651,2025-12-16,Oregon Hill,Water & Utilities,Water Main Break,Medium,Open,2.68,Mobile App,Public Works,1.7,2025-12,2025Q4,0
RVA-13652,2025-07-14,The Fan,Sanitation,Illegal Dumping,Low,Resolved,9.92,Mobile App,Police,1.7,2025-07,2025Q3,1
RVA-13653,2025-08-13,Bon Air,Water & Utilities,Storm Drain Blocked,Medium,Closed,7.62,Phone,Public Utilities,3.9,2025-08,2025Q3,1
RVA-13654,2025-03-16,Southside,Noise & Nuisance,Noise Complaint,High,In Progress,2.31,Email,Parks & Rec,4.6,2025-03,2025Q1,0
RVA-13655,2024-08-28,Bon Air,Sanitation,Bulk Pickup Request,Medium,Open,5.57,Walk-in,Parks & Rec,2.6,2024-08,2024Q3,0
RVA-13656,2024-06-02,Carytown,Road & Sidewalk,Street Light Out,Medium,In Progress,0.81,Mobile App,Code Enforcement,1.5,2024-06,2024Q2,0
RVA-13657,2024-04-05,Manchester,Road & Sidewalk,Street Light Out,High,Closed,0.85,Phone,Police,3.3,2024-04,2024Q2,1
RVA-13658,2025-12-26,Carytown,Sanitation,Overflowing Bin,Medium,Resolved,0.22,Phone,Public Works,1.8,2025-12,2025Q4,1
RVA-13659,2024-10-20,Ginter Park,Public Safety,Hazardous Condition,High,Resolved,2.54,Website,Public Works,1.3,2024-10,2024Q4,1
RVA-13660,2024-07-27,Woodland Heights,Sanitation,Overflowing Bin,High,Resolved,6.1,Website,Public Utilities,4.5,2024-07,2024Q3,1
RVA-13661,2024-12-08,Lakeside,Sanitation,Overflowing Bin,Low,Resolved,3.07,Website,Transportation,4.5,2024-12,2024Q4,1
RVA-13662,2024-03-28,Shockoe Bottom,Sanitation,Illegal Dumping,Medium,Closed,0.46,Mobile App,Police,4.9,2024-03,2024Q1,1
RVA-13663,2025-01-24,Carytown,Water & Utilities,Storm Drain Blocked,Low,Resolved,6.45,Email,Police,2.9,2025-01,2025Q1,1
RVA-13664,2024-11-20,Northside,Public Safety,Traffic Signal Issue,Medium,Closed,9.71,Mobile App,Parks & Rec,2.2,2024-11,2024Q4,1
RVA-13665,2024-06-05,Lakeside,Water & Utilities,Hydrant Issue,Emergency,Resolved,0.4,Phone,Public Utilities,4.1,2024-06,2024Q2,1
RVA-13666,2025-10-29,West End,Road & Sidewalk,Crosswalk Faded,High,In Progress,0.1,Email,Public Utilities,1.7,2025-10,2025Q4,0
RVA-13667,2025-10-12,Manchester,Road & Sidewalk,Crosswalk Faded,Medium,Resolved,18.3,Phone,Transportation,2.0,2025-10,2025Q4,1
RVA-13668,2025-09-24,Jackson Ward,Sanitation,Illegal Dumping,Medium,Closed,8.82,Mobile App,Public Utilities,2.0,2025-09,2025Q3,1
RVA-13669,2025-07-30,The Fan,Road & Sidewalk,Street Light Out,Low,Resolved,1.41,Mobile App,Police,4.8,2025-07,2025Q3,1
RVA-13670,2025-09-10,Northside,Water & Utilities,Sewer Problem,Medium,Closed,12.74,Phone,Parks & Rec,3.9,2025-09,2025Q3,1
RVA-13671,2025-10-20,Museum District,Parks & Public Spaces,Tree Hazard,Low,Resolved,5.99,Mobile App,Public Utilities,1.5,2025-10,2025Q4,1
RVA-13672,2024-05-16,Bon Air,Road & Sidewalk,Pothole Repair,Medium,Resolved,2.33,Phone,Parks & Rec,1.4,2024-05,2024Q2,1
RVA-13673,2025-11-04,Southside,Public Safety,Unsafe Structure,Low,Closed,6.18,Mobile App,Transportation,4.4,2025-11,2025Q4,1
RVA-13674,2025-03-03,Oregon Hill,Water & Utilities,Water Main Break,Medium,Closed,9.0,Walk-in,Public Utilities,4.2,2025-03,2025Q1,1
RVA-13675,2025-03-27,Scott's Addition,Road & Sidewalk,Crosswalk Faded,Low,Resolved,10.77,Mobile App,Police,3.7,2025-03,2025Q1,1
RVA-13676,2025-09-03,Bon Air,Public Safety,Hazardous Condition,Emergency,Resolved,0.03,Website,Parks & Rec,1.8,2025-09,2025Q3,1
RVA-13677,2024-05-20,The Fan,Road & Sidewalk,Street Light Out,High,Open,6.32,Phone,Code Enforcement,2.9,2024-05,2024Q2,0
RVA-13678,2024-03-23,Manchester,Road & Sidewalk,Crosswalk Faded,Medium,Resolved,0.8,Phone,Transportation,3.4,2024-03,2024Q1,1
RVA-13679,2024-06-25,Bon Air,Sanitation,Missed Trash Pickup,Low,Resolved,13.69,Mobile App,Public Utilities,4.7,2024-06,2024Q2,1
RVA-13680,2024-07-16,East End,Parks & Public Spaces,Playground Repair,Medium,In Progress,5.05,Website,Police,1.7,2024-07,2024Q3,0
RVA-13681,2025-09-15,Short Pump,Road & Sidewalk,Pothole Repair,Low,Resolved,2.08,Website,Parks & Rec,3.1,2025-09,2025Q3,1
RVA-13682,2025-07-21,Scott's Addition,Road & Sidewalk,Crosswalk Faded,Medium,Resolved,0.94,Mobile App,Public Works,1.6,2025-07,2025Q3,1
RVA-13683,2025-11-21,Ginter Park,Water & Utilities,Hydrant Issue,High,Closed,4.09,Walk-in,Police,2.8,2025-11,2025Q4,1
RVA-13684,2025-02-24,Scott's Addition,Sanitation,Missed Trash Pickup,Medium,Closed,2.72,Walk-in,Police,1.8,2025-02,2025Q1,1
RVA-13685,2025-02-04,Scott's Addition,Noise & Nuisance,Property Maintenance,Medium,Resolved,5.31,Mobile App,Public Works,4.3,2025-02,2025Q1,1
RVA-13686,2025-11-28,Shockoe Bottom,Public Safety,Hazardous Condition,Medium,Closed,3.51,Website,Public Works,2.0,2025-11,2025Q4,1
RVA-13687,2025-04-15,Shockoe Bottom,Sanitation,Illegal Dumping,Emergency,In Progress,0.65,Phone,Code Enforcement,2.7,2025-04,2025Q2,0
RVA-13688,2024-08-05,Bon Air,Water & Utilities,Storm Drain Blocked,Emergency,Resolved,0.33,Mobile App,Code Enforcement,2.6,2024-08,2024Q3,1
RVA-13689,2025-12-29,Northside,Water & Utilities,Sewer Problem,Medium,Resolved,1.69,Mobile App,Code Enforcement,4.5,2025-12,2025Q4,1
RVA-13690,2025-09-23,Southside,Sanitation,Bulk Pickup Request,Medium,Open,2.26,Email,Police,4.0,2025-09,2025Q3,0
RVA-13691,2024-06-23,Bon Air,Public Safety,Hazardous Condition,Medium,Closed,9.8,Phone,Police,1.2,2024-06,2024Q2,1
RVA-13692,2024-01-23,Scott's Addition,Water & Utilities,Storm Drain Blocked,Low,In Progress,6.31,Email,Police,1.3,2024-01,2024Q1,0
RVA-13693,2025-12-25,The Fan,Parks & Public Spaces,Park Maintenance,Medium,In Progress,1.2,Website,Code Enforcement,3.2,2025-12,2025Q4,0
RVA-13694,2024-08-22,Northside,Road & Sidewalk,Crosswalk Faded,Medium,In Progress,13.64,Mobile App,Parks & Rec,2.7,2024-08,2024Q3,0
RVA-13695,2024-01-13,Lakeside,Sanitation,Bulk Pickup Request,Low,Closed,15.93,Mobile App,Police,2.1,2024-01,2024Q1,1
RVA-13696,2024-04-10,Museum District,Sanitation,Illegal Dumping,Low,Closed,0.57,Website,Police,4.2,2024-04,2024Q2,1
RVA-13697,2025-06-19,The Fan,Water & Utilities,Storm Drain Blocked,Medium,Closed,34.26,Phone,Police,1.5,2025-06,2025Q2,1
RVA-13698,2025-06-06,Museum District,Sanitation,Illegal Dumping,High,Resolved,2.37,Mobile App,Code Enforcement,4.9,2025-06,2025Q2,1
RVA-13699,2025-03-27,Scott's Addition,Road & Sidewalk,Street Light Out,Medium,Resolved,0.87,Website,Public Utilities,1.1,2025-03,2025Q1,1
RVA-13700,2025-03-06,Scott's Addition,Noise & Nuisance,Property Maintenance,High,Resolved,0.54,Walk-in,Code Enforcement,1.5,2025-03,2025Q1,1
RVA-13701,2025-08-28,Scott's Addition,Sanitation,Illegal Dumping,Medium,Resolved,5.9,Website,Public Utilities,2.2,2025-08,2025Q3,1
RVA-13702,2025-12-13,Manchester,Public Safety,Missing Sign,Medium,In Progress,7.57,Mobile App,Code Enforcement,3.0,2025-12,2025Q4,0
RVA-13703,2025-06-16,Oregon Hill,Parks & Public Spaces,Tree Hazard,Medium,Closed,1.37,Mobile App,Parks & Rec,1.9,2025-06,2025Q2,1
RVA-13704,2025-12-23,Manchester,Sanitation,Bulk Pickup Request,High,In Progress,0.59,Email,Parks & Rec,3.9,2025-12,2025Q4,0
RVA-13705,2025-10-13,Bon Air,Public Safety,Unsafe Structure,Low,In Progress,3.67,Walk-in,Police,2.4,2025-10,2025Q4,0
RVA-13706,2024-10-19,Bon Air,Public Safety,Unsafe Structure,Medium,Closed,4.56,Mobile App,Code Enforcement,1.2,2024-10,2024Q4,1
RVA-13707,2024-04-10,Northside,Water & Utilities,Sewer Problem,Medium,Closed,0.94,Walk-in,Public Utilities,4.5,2024-04,2024Q2,1
RVA-13708,2025-05-16,Bon Air,Parks & Public Spaces,Playground Repair,Medium,Resolved,0.55,Mobile App,Public Utilities,4.8,2025-05,2025Q2,1
RVA-13709,2024-10-30,Bon Air,Sanitation,Bulk Pickup Request,Emergency,Resolved,0.57,Mobile App,Parks & Rec,3.5,2024-10,2024Q4,1
RVA-13710,2025-06-23,Oregon Hill,Noise & Nuisance,Property Maintenance,Low,Resolved,15.1,Mobile App,Police,4.2,2025-06,2025Q2,1
RVA-13711,2025-07-06,Museum District,Public Safety,Hazardous Condition,Medium,Closed,3.48,Mobile App,Public Utilities,1.5,2025-07,2025Q3,1
RVA-13712,2024-12-20,Bon Air,Road & Sidewalk,Pothole Repair,Medium,Closed,2.26,Walk-in,Code Enforcement,2.1,2024-12,2024Q4,1
RVA-13713,2024-10-29,Northside,Sanitation,Missed Trash Pickup,High,Resolved,1.13,Phone,Police,2.3,2024-10,2024Q4,1
RVA-13714,2025-05-10,Scott's Addition,Public Safety,Missing Sign,Medium,Closed,2.46,Mobile App,Transportation,4.8,2025-05,2025Q2,1
RVA-13715,2025-10-19,West End,Public Safety,Unsafe Structure,High,Closed,6.44,Walk-in,Code Enforcement,3.0,2025-10,2025Q4,1
RVA-13716,2024-08-14,Scott's Addition,Water & Utilities,Hydrant Issue,High,Resolved,2.92,Walk-in,Code Enforcement,1.0,2024-08,2024Q3,1
RVA-13717,2024-08-23,Manchester,Parks & Public Spaces,Playground Repair,Medium,Closed,1.17,Mobile App,Parks & Rec,2.5,2024-08,2024Q3,1
RVA-13718,2025-03-30,Scott's Addition,Public Safety,Traffic Signal Issue,Medium,Resolved,2.42,Website,Code Enforcement,1.0,2025-03,2025Q1,1
RVA-13719,2024-01-13,Scott's Addition,Road & Sidewalk,Street Light Out,Medium,Resolved,3.93,Website,Public Works,2.0,2024-01,2024Q1,1
RVA-13720,2024-07-28,The Fan,Road & Sidewalk,Sidewalk Damage,High,Open,1.9,Website,Police,2.8,2024-07,2024Q3,0
RVA-13721,2025-01-31,Woodland Heights,Public Safety,Unsafe Structure,Low,Resolved,6.31,Website,Public Works,2.3,2025-01,2025Q1,1
RVA-13722,2024-04-09,Scott's Addition,Sanitation,Overflowing Bin,Medium,Closed,8.31,Mobile App,Code Enforcement,1.1,2024-04,2024Q2,1
RVA-13723,2024-01-31,The Fan,Water & Utilities,Water Main Break,High,Closed,2.92,Mobile App,Code Enforcement,1.5,2024-01,2024Q1,1
RVA-13724,2025-06-11,The Fan,Parks & Public Spaces,Park Maintenance,Medium,Closed,3.52,Walk-in,Parks & Rec,3.2,2025-06,2025Q2,1
RVA-13725,2025-10-10,Northside,Road & Sidewalk,Crosswalk Faded,Medium,In Progress,9.64,Walk-in,Parks & Rec,3.8,2025-10,2025Q4,0
RVA-13726,2024-11-24,Bon Air,Parks & Public Spaces,Tree Hazard,Medium,Resolved,6.95,Mobile App,Transportation,2.6,2024-11,2024Q4,1
RVA-13727,2024-06-14,Church Hill,Road & Sidewalk,Crosswalk Faded,Low,Resolved,15.08,Mobile App,Parks & Rec,3.9,2024-06,2024Q2,1
RVA-13728,2025-04-03,Carytown,Public Safety,Missing Sign,Medium,Resolved,15.66,Walk-in,Transportation,1.7,2025-04,2025Q2,1
RVA-13729,2024-04-09,Museum District,Noise & Nuisance,Property Maintenance,Medium,Resolved,1.55,Phone,Parks & Rec,1.5,2024-04,2024Q2,1
RVA-13730,2025-09-12,Northside,Public Safety,Missing Sign,Emergency,Resolved,0.16,Mobile App,Transportation,4.4,2025-09,2025Q3,1
RVA-13731,2024-06-21,Scott's Addition,Water & Utilities,Water Main Break,Medium,Resolved,10.99,Mobile App,Public Utilities,2.4,2024-06,2024Q2,1
RVA-13732,2024-06-10,Manchester,Water & Utilities,Hydrant Issue,High,Resolved,2.96,Phone,Parks & Rec,2.7,2024-06,2024Q2,1
RVA-13733,2025-12-28,Museum District,Water & Utilities,Storm Drain Blocked,Medium,Resolved,13.06,Phone,Code Enforcement,4.8,2025-12,2025Q4,1
RVA-13734,2024-09-19,Manchester,Sanitation,Overflowing Bin,Low,In Progress,0.65,Phone,Transportation,2.7,2024-09,2024Q3,0
RVA-13735,2024-09-30,Bon Air,Noise & Nuisance,Animal Control,High,Closed,1.98,Mobile App,Code Enforcement,1.0,2024-09,2024Q3,1
RVA-13736,2024-01-03,The Fan,Parks & Public Spaces,Playground Repair,Low,Open,1.56,Email,Transportation,4.8,2024-01,2024Q1,0
RVA-13737,2024-01-28,Scott's Addition,Noise & Nuisance,Noise Complaint,Emergency,Open,0.35,Email,Police,1.1,2024-01,2024Q1,0
RVA-13738,2024-11-21,Highland Park,Sanitation,Bulk Pickup Request,High,Closed,0.34,Email,Transportation,3.6,2024-11,2024Q4,1
RVA-13739,2024-05-28,Ginter Park,Road & Sidewalk,Sidewalk Damage,Medium,Closed,0.69,Walk-in,Public Works,2.3,2024-05,2024Q2,1
RVA-13740,2025-06-23,Carytown,Parks & Public Spaces,Playground Repair,Medium,Closed,0.06,Website,Transportation,2.9,2025-06,2025Q2,1
RVA-13741,2025-05-02,Bon Air,Water & Utilities,Water Main Break,Medium,Open,4.97,Mobile App,Transportation,3.2,2025-05,2025Q2,0
RVA-13742,2025-03-13,West End,Noise & Nuisance,Noise Complaint,Medium,Resolved,2.22,Mobile App,Public Utilities,2.6,2025-03,2025Q1,1
RVA-13743,2024-03-05,Scott's Addition,Noise & Nuisance,Noise Complaint,Medium,Closed,0.56,Mobile App,Public Utilities,4.1,2024-03,2024Q1,1
RVA-13744,2024-12-21,Museum District,Parks & Public Spaces,Tree Hazard,Medium,Closed,1.95,Mobile App,Police,4.7,2024-12,2024Q4,1
RVA-13745,2025-06-16,Manchester,Noise & Nuisance,Property Maintenance,Medium,Resolved,0.93,Phone,Police,1.3,2025-06,2025Q2,1
RVA-13746,2024-09-08,Church Hill,Noise & Nuisance,Abandoned Vehicle,Low,Resolved,28.42,Email,Parks & Rec,4.2,2024-09,2024Q3,1
RVA-13747,2024-08-22,Scott's Addition,Noise & Nuisance,Property Maintenance,High,Open,0.77,Phone,Police,1.5,2024-08,2024Q3,0
RVA-13748,2024-08-14,Northside,Sanitation,Overflowing Bin,High,Open,0.81,Phone,Public Utilities,1.3,2024-08,2024Q3,0
RVA-13749,2025-06-08,Ginter Park,Road & Sidewalk,Sidewalk Damage,Medium,Resolved,9.16,Website,Public Works,4.8,2025-06,2025Q2,1
RVA-13750,2024-11-08,Oregon Hill,Parks & Public Spaces,Graffiti Removal,High,Open,2.09,Mobile App,Transportation,3.0,2024-11,2024Q4,0
RVA-13751,2024-02-18,Oregon Hill,Road & Sidewalk,Sidewalk Damage,Low,Closed,12.38,Email,Public Works,1.6,2024-02,2024Q1,1
RVA-13752,2024-04-27,Museum District,Public Safety,Hazardous Condition,Low,In Progress,10.11,Phone,Public Utilities,3.3,2024-04,2024Q2,0
RVA-13753,2024-02-23,East End,Parks & Public Spaces,Playground Repair,Medium,Closed,14.61,Mobile App,Parks & Rec,2.1,2024-02,2024Q1,1
RVA-13754,2025-10-11,Highland Park,Water & Utilities,Hydrant Issue,Medium,In Progress,1.16,Email,Public Works,2.9,2025-10,2025Q4,0
RVA-13755,2025-07-18,Manchester,Water & Utilities,Sewer Problem,Medium,Resolved,22.57,Website,Transportation,3.5,2025-07,2025Q3,1
RVA-13756,2024-02-13,Northside,Road & Sidewalk,Sidewalk Damage,High,In Progress,3.56,Phone,Transportation,4.5,2024-02,2024Q1,0
RVA-13757,2024-02-22,Oregon Hill,Public Safety,Missing Sign,Emergency,Closed,0.44,Phone,Public Works,1.0,2024-02,2024Q1,1
RVA-13758,2025-08-08,West End,Public Safety,Hazardous Condition,Medium,Resolved,5.43,Website,Parks & Rec,1.9,2025-08,2025Q3,1
RVA-13759,2025-07-11,Shockoe Bottom,Parks & Public Spaces,Graffiti Removal,High,In Progress,2.09,Mobile App,Public Works,1.4,2025-07,2025Q3,0
RVA-13760,2025-06-08,Scott's Addition,Sanitation,Missed Trash Pickup,Low,Closed,0.6,Walk-in,Code Enforcement,1.4,2025-06,2025Q2,1
RVA-13761,2025-11-07,Museum District,Public Safety,Unsafe Structure,Low,Resolved,2.46,Email,Public Utilities,4.8,2025-11,2025Q4,1
RVA-13762,2024-04-11,Fulton,Parks & Public Spaces,Graffiti Removal,High,Closed,6.51,Phone,Public Works,4.7,2024-04,2024Q2,1
RVA-13763,2025-02-01,Northside,Road & Sidewalk,Sidewalk Damage,Medium,Closed,3.82,Website,Public Works,4.0,2025-02,2025Q1,1
RVA-13764,2024-05-17,Bon Air,Public Safety,Missing Sign,Medium,Closed,2.38,Walk-in,Parks & Rec,3.6,2024-05,2024Q2,1
RVA-13765,2025-11-05,Carytown,Parks & Public Spaces,Tree Hazard,Medium,Open,7.18,Phone,Public Works,4.4,2025-11,2025Q4,0
RVA-13766,2025-01-21,Museum District,Water & Utilities,Sewer Problem,Medium,In Progress,3.72,Email,Parks & Rec,1.2,2025-01,2025Q1,0
RVA-13767,2024-04-20,Museum District,Public Safety,Traffic Signal Issue,Low,Closed,0.13,Website,Public Utilities,1.5,2024-04,2024Q2,1
RVA-13768,2025-09-05,Northside,Sanitation,Missed Trash Pickup,Medium,Resolved,6.66,Phone,Code Enforcement,2.3,2025-09,2025Q3,1
RVA-13769,2024-01-17,Highland Park,Noise & Nuisance,Animal Control,Low,Resolved,13.18,Website,Police,4.3,2024-01,2024Q1,1
RVA-13770,2024-06-30,Ginter Park,Road & Sidewalk,Sidewalk Damage,Low,Closed,1.81,Phone,Public Utilities,2.9,2024-06,2024Q2,1
RVA-13771,2025-06-19,East End,Water & Utilities,Storm Drain Blocked,Medium,Resolved,15.69,Mobile App,Public Works,3.0,2025-06,2025Q2,1
RVA-13772,2025-06-24,Southside,Road & Sidewalk,Sidewalk Damage,Low,Closed,2.53,Website,Code Enforcement,1.9,2025-06,2025Q2,1
RVA-13773,2024-06-19,Bon Air,Sanitation,Illegal Dumping,High,Closed,1.22,Phone,Police,3.6,2024-06,2024Q2,1
RVA-13774,2025-02-12,Oregon Hill,Noise & Nuisance,Property Maintenance,Low,Closed,1.22,Website,Police,4.6,2025-02,2025Q1,1
RVA-13775,2025-01-12,Ginter Park,Sanitation,Illegal Dumping,Low,Resolved,9.25,Mobile App,Transportation,2.3,2025-01,2025Q1,1
RVA-13776,2024-07-06,Bon Air,Road & Sidewalk,Street Light Out,Medium,Resolved,2.35,Phone,Transportation,3.5,2024-07,2024Q3,1
RVA-13777,2024-08-17,Museum District,Road & Sidewalk,Pothole Repair,Medium,Resolved,2.18,Website,Public Works,2.3,2024-08,2024Q3,1
RVA-13778,2024-04-28,West End,Noise & Nuisance,Abandoned Vehicle,Low,Resolved,17.54,Email,Transportation,4.2,2024-04,2024Q2,1
RVA-13779,2024-06-04,Oregon Hill,Public Safety,Unsafe Structure,Low,In Progress,0.1,Walk-in,Police,2.9,2024-06,2024Q2,0
RVA-13780,2025-11-17,Shockoe Bottom,Water & Utilities,Sewer Problem,Emergency,Resolved,0.8,Walk-in,Police,2.4,2025-11,2025Q4,1
RVA-13781,2025-04-09,Northside,Noise & Nuisance,Property Maintenance,High,Resolved,1.69,Mobile App,Public Utilities,2.7,2025-04,2025Q2,1
RVA-13782,2024-04-13,Shockoe Bottom,Parks & Public Spaces,Graffiti Removal,Medium,Resolved,21.38,Walk-in,Transportation,1.4,2024-04,2024Q2,1
RVA-13783,2025-08-26,Museum District,Sanitation,Bulk Pickup Request,Medium,Closed,4.45,Mobile App,Transportation,4.5,2025-08,2025Q3,1
RVA-13784,2025-11-28,Ginter Park,Road & Sidewalk,Street Light Out,Medium,Resolved,0.28,Mobile App,Public Utilities,4.8,2025-11,2025Q4,1
RVA-13785,2025-05-16,The Fan,Sanitation,Bulk Pickup Request,Medium,Resolved,0.26,Mobile App,Police,2.9,2025-05,2025Q2,1
RVA-13786,2025-11-23,The Fan,Sanitation,Bulk Pickup Request,Medium,Closed,10.73,Walk-in,Parks & Rec,1.9,2025-11,2025Q4,1
RVA-13787,2025-11-12,Northside,Noise & Nuisance,Noise Complaint,High,Closed,3.68,Mobile App,Public Works,3.7,2025-11,2025Q4,1
RVA-13788,2025-11-29,Manchester,Noise & Nuisance,Property Maintenance,Low,Resolved,4.24,Mobile App,Parks & Rec,2.8,2025-11,2025Q4,1
RVA-13789,2024-06-23,Museum District,Water & Utilities,Water Main Break,High,Resolved,1.92,Mobile App,Parks & Rec,2.0,2024-06,2024Q2,1
RVA-13790,2025-11-04,Jackson Ward,Water & Utilities,Sewer Problem,Low,In Progress,6.73,Phone,Police,1.2,2025-11,2025Q4,0
RVA-13791,2025-02-24,The Fan,Noise & Nuisance,Animal Control,Low,Resolved,34.16,Walk-in,Public Works,4.6,2025-02,2025Q1,1
RVA-13792,2024-05-13,The Fan,Sanitation,Missed Trash Pickup,Low,Closed,29.95,Phone,Parks & Rec,4.2,2024-05,2024Q2,1
RVA-13793,2025-01-25,Bon Air,Parks & Public Spaces,Graffiti Removal,Low,Closed,41.25,Phone,Public Utilities,4.3,2025-01,2025Q1,1
RVA-13794,2025-05-15,Scott's Addition,Road & Sidewalk,Pothole Repair,Emergency,Resolved,1.01,Mobile App,Public Utilities,2.8,2025-05,2025Q2,1
RVA-13795,2025-10-26,Museum District,Water & Utilities,Sewer Problem,Medium,Closed,12.01,Mobile App,Public Works,4.0,2025-10,2025Q4,1
RVA-13796,2024-02-02,Bon Air,Road & Sidewalk,Pothole Repair,Low,Closed,2.45,Mobile App,Parks & Rec,3.3,2024-02,2024Q1,1
RVA-13797,2024-02-24,Ginter Park,Noise & Nuisance,Abandoned Vehicle,Emergency,Closed,0.89,Phone,Code Enforcement,2.5,2024-02,2024Q1,1
RVA-13798,2025-06-02,Carytown,Sanitation,Bulk Pickup Request,High,Resolved,2.47,Phone,Transportation,4.4,2025-06,2025Q2,1
RVA-13799,2025-09-29,Lakeside,Water & Utilities,Storm Drain Blocked,High,Resolved,6.58,Mobile App,Code Enforcement,5.0,2025-09,2025Q3,1
RVA-13800,2024-01-12,West End,Noise & Nuisance,Noise Complaint,Emergency,Resolved,0.42,Walk-in,Public Works,4.6,2024-01,2024Q1,1
RVA-13801,2025-06-11,West End,Parks & Public Spaces,Park Maintenance,Low,Open,0.89,Email,Transportation,4.1,2025-06,2025Q2,0
RVA-13802,2025-12-20,Highland Park,Parks & Public Spaces,Graffiti Removal,High,Resolved,1.82,Mobile App,Public Works,4.0,2025-12,2025Q4,1
RVA-13803,2025-07-08,Museum District,Public Safety,Missing Sign,High,Closed,2.32,Mobile App,Code Enforcement,3.6,2025-07,2025Q3,1
RVA-13804,2025-01-07,Shockoe Bottom,Parks & Public Spaces,Graffiti Removal,High,Closed,0.5,Website,Parks & Rec,4.4,2025-01,2025Q1,1
RVA-13805,2025-04-28,Museum District,Road & Sidewalk,Pothole Repair,High,Closed,1.0,Mobile App,Parks & Rec,3.0,2025-04,2025Q2,1
RVA-13806,2025-10-08,East End,Water & Utilities,Water Main Break,Medium,Open,4.56,Phone,Police,1.7,2025-10,2025Q4,0
RVA-13807,2024-08-15,Northside,Road & Sidewalk,Pothole Repair,High,Resolved,0.94,Phone,Transportation,4.1,2024-08,2024Q3,1
RVA-13808,2025-09-14,The Fan,Noise & Nuisance,Property Maintenance,Medium,In Progress,2.35,Email,Public Works,4.7,2025-09,2025Q3,0
RVA-13809,2024-11-02,The Fan,Parks & Public Spaces,Tree Hazard,Medium,Resolved,0.71,Website,Parks & Rec,2.4,2024-11,2024Q4,1
RVA-13810,2025-04-01,Bon Air,Sanitation,Illegal Dumping,Low,Closed,28.26,Mobile App,Code Enforcement,4.1,2025-04,2025Q2,1
RVA-13811,2024-06-08,Shockoe Bottom,Noise & Nuisance,Abandoned Vehicle,Emergency,Resolved,0.69,Mobile App,Transportation,2.1,2024-06,2024Q2,1
RVA-13812,2024-11-26,Scott's Addition,Public Safety,Missing Sign,Medium,Closed,0.01,Mobile App,Code Enforcement,4.8,2024-11,2024Q4,1
RVA-13813,2024-08-12,Highland Park,Sanitation,Overflowing Bin,Medium,Open,7.25,Mobile App,Public Utilities,3.7,2024-08,2024Q3,0
RVA-13814,2025-12-29,Museum District,Parks & Public Spaces,Graffiti Removal,Medium,Resolved,6.73,Phone,Parks & Rec,3.3,2025-12,2025Q4,1
RVA-13815,2025-05-18,Shockoe Bottom,Water & Utilities,Hydrant Issue,Emergency,Closed,0.0,Walk-in,Police,4.1,2025-05,2025Q2,1
RVA-13816,2025-03-31,Museum District,Parks & Public Spaces,Playground Repair,Medium,In Progress,2.31,Mobile App,Police,4.3,2025-03,2025Q1,0
RVA-13817,2024-02-14,Northside,Sanitation,Missed Trash Pickup,High,Resolved,1.87,Phone,Transportation,4.6,2024-02,2024Q1,1
RVA-13818,2024-08-01,Museum District,Sanitation,Illegal Dumping,High,Open,1.21,Mobile App,Public Works,4.6,2024-08,2024Q3,0
RVA-13819,2024-02-28,Bon Air,Sanitation,Missed Trash Pickup,Medium,Closed,7.53,Mobile App,Public Utilities,1.2,2024-02,2024Q1,1
RVA-13820,2025-10-05,Scott's Addition,Public Safety,Unsafe Structure,Medium,Closed,2.77,Email,Transportation,1.5,2025-10,2025Q4,1
RVA-13821,2025-09-07,East End,Sanitation,Bulk Pickup Request,High,Closed,0.33,Mobile App,Code Enforcement,4.3,2025-09,2025Q3,1
RVA-13822,2024-07-13,Carytown,Public Safety,Missing Sign,Emergency,Closed,1.87,Mobile App,Code Enforcement,4.8,2024-07,2024Q3,1
RVA-13823,2025-05-03,Oregon Hill,Parks & Public Spaces,Tree Hazard,High,Closed,0.55,Mobile App,Public Works,2.2,2025-05,2025Q2,1
RVA-13824,2024-06-05,West End,Road & Sidewalk,Pothole Repair,Low,Closed,12.65,Phone,Police,1.0,2024-06,2024Q2,1
RVA-13825,2025-09-01,Scott's Addition,Road & Sidewalk,Sidewalk Damage,High,Resolved,0.31,Email,Police,2.3,2025-09,2025Q3,1
RVA-13826,2024-08-13,Northside,Sanitation,Overflowing Bin,Medium,Resolved,2.0,Mobile App,Code Enforcement,2.5,2024-08,2024Q3,1
RVA-13827,2025-02-15,Shockoe Bottom,Noise & Nuisance,Property Maintenance,Medium,Resolved,2.92,Phone,Public Works,4.0,2025-02,2025Q1,1
RVA-13828,2024-07-23,Carytown,Sanitation,Bulk Pickup Request,High,Closed,0.43,Mobile App,Transportation,1.2,2024-07,2024Q3,1
RVA-13829,2024-03-19,Short Pump,Noise & Nuisance,Animal Control,Low,In Progress,5.98,Website,Parks & Rec,1.9,2024-03,2024Q1,0
RVA-13830,2024-05-03,East End,Water & Utilities,Water Main Break,High,Open,0.34,Website,Transportation,4.6,2024-05,2024Q2,0
RVA-13831,2025-04-15,Carytown,Road & Sidewalk,Pothole Repair,Medium,Closed,4.09,Website,Public Utilities,1.6,2025-04,2025Q2,1
RVA-13832,2024-08-05,Bon Air,Parks & Public Spaces,Tree Hazard,High,Open,2.18,Phone,Police,4.0,2024-08,2024Q3,0
RVA-13833,2025-05-30,Scott's Addition,Parks & Public Spaces,Tree Hazard,Low,Closed,0.64,Email,Transportation,2.4,2025-05,2025Q2,1
RVA-13834,2025-08-24,Carytown,Sanitation,Illegal Dumping,Medium,Closed,10.24,Phone,Police,3.7,2025-08,2025Q3,1
RVA-13835,2024-04-13,Shockoe Bottom,Noise & Nuisance,Abandoned Vehicle,High,Resolved,0.41,Phone,Police,1.3,2024-04,2024Q2,1
RVA-13836,2025-01-27,Shockoe Bottom,Sanitation,Bulk Pickup Request,Low,Closed,2.55,Website,Parks & Rec,2.1,2025-01,2025Q1,1
RVA-13837,2025-09-22,Carytown,Water & Utilities,Storm Drain Blocked,Low,Closed,10.83,Phone,Parks & Rec,2.7,2025-09,2025Q3,1
RVA-13838,2025-10-06,Highland Park,Sanitation,Illegal Dumping,Emergency,Resolved,0.32,Mobile App,Transportation,4.4,2025-10,2025Q4,1
RVA-13839,2025-08-30,Museum District,Public Safety,Missing Sign,Medium,Closed,3.46,Mobile App,Public Utilities,3.3,2025-08,2025Q3,1
RVA-13840,2025-03-09,Oregon Hill,Noise & Nuisance,Abandoned Vehicle,Emergency,Closed,0.07,Mobile App,Police,1.2,2025-03,2025Q1,1
RVA-13841,2024-11-26,Bon Air,Parks & Public Spaces,Graffiti Removal,Low,Resolved,16.39,Phone,Code Enforcement,4.2,2024-11,2024Q4,1
RVA-13842,2024-05-22,Oregon Hill,Sanitation,Bulk Pickup Request,Medium,Open,4.8,Website,Police,1.2,2024-05,2024Q2,0
RVA-13843,2025-06-23,Shockoe Bottom,Noise & Nuisance,Animal Control,High,Resolved,0.29,Mobile App,Public Utilities,4.7,2025-06,2025Q2,1
RVA-13844,2024-10-04,Scott's Addition,Sanitation,Overflowing Bin,High,Resolved,0.94,Website,Transportation,1.8,2024-10,2024Q4,1
RVA-13845,2024-08-20,Scott's Addition,Road & Sidewalk,Crosswalk Faded,Medium,Open,8.31,Walk-in,Public Utilities,3.0,2024-08,2024Q3,0
RVA-13846,2025-06-12,Lakeside,Public Safety,Traffic Signal Issue,Medium,Closed,4.2,Mobile App,Code Enforcement,1.3,2025-06,2025Q2,1
RVA-13847,2025-07-24,Scott's Addition,Sanitation,Bulk Pickup Request,High,Resolved,0.23,Mobile App,Parks & Rec,3.2,2025-07,2025Q3,1
RVA-13848,2024-03-30,Short Pump,Parks & Public Spaces,Tree Hazard,Low,Closed,4.66,Walk-in,Code Enforcement,3.0,2024-03,2024Q1,1
RVA-13849,2025-05-06,East End,Public Safety,Hazardous Condition,Medium,Resolved,1.39,Website,Public Utilities,2.6,2025-05,2025Q2,1
RVA-13850,2024-07-17,Highland Park,Sanitation,Overflowing Bin,Low,Resolved,7.29,Mobile App,Code Enforcement,1.1,2024-07,2024Q3,1
RVA-13851,2024-12-27,West End,Noise & Nuisance,Noise Complaint,Medium,Resolved,9.27,Phone,Police,4.5,2024-12,2024Q4,1
RVA-13852,2025-03-16,Scott's Addition,Water & Utilities,Hydrant Issue,Medium,Closed,2.87,Website,Public Utilities,4.2,2025-03,2025Q1,1
RVA-13853,2024-01-26,Carytown,Water & Utilities,Sewer Problem,Medium,Resolved,2.84,Phone,Transportation,3.5,2024-01,2024Q1,1
RVA-13854,2024-01-25,Short Pump,Noise & Nuisance,Abandoned Vehicle,Medium,Resolved,11.79,Website,Parks & Rec,3.3,2024-01,2024Q1,1
RVA-13855,2025-01-28,Shockoe Bottom,Public Safety,Traffic Signal Issue,Low,Closed,8.58,Phone,Parks & Rec,3.8,2025-01,2025Q1,1
RVA-13856,2025-05-21,The Fan,Sanitation,Illegal Dumping,Low,Resolved,8.35,Website,Code Enforcement,1.6,2025-05,2025Q2,1
RVA-13857,2024-10-27,Short Pump,Sanitation,Bulk Pickup Request,High,Open,0.61,Mobile App,Code Enforcement,4.7,2024-10,2024Q4,0
RVA-13858,2024-12-04,Manchester,Sanitation,Bulk Pickup Request,Medium,Resolved,4.68,Website,Code Enforcement,2.1,2024-12,2024Q4,1
RVA-13859,2024-09-23,Highland Park,Water & Utilities,Hydrant Issue,High,Closed,1.72,Email,Transportation,3.6,2024-09,2024Q3,1
RVA-13860,2025-04-05,Manchester,Parks & Public Spaces,Graffiti Removal,High,Open,1.01,Phone,Police,3.4,2025-04,2025Q2,0
RVA-13861,2025-11-23,Bon Air,Water & Utilities,Storm Drain Blocked,Low,Resolved,46.77,Website,Parks & Rec,3.5,2025-11,2025Q4,1
RVA-13862,2025-03-31,Highland Park,Sanitation,Overflowing Bin,Medium,Resolved,10.68,Mobile App,Public Utilities,4.5,2025-03,2025Q1,1
RVA-13863,2024-12-25,The Fan,Noise & Nuisance,Abandoned Vehicle,Low,Closed,13.85,Mobile App,Public Utilities,2.2,2024-12,2024Q4,1
RVA-13864,2024-03-08,Lakeside,Parks & Public Spaces,Graffiti Removal,High,Resolved,1.54,Email,Parks & Rec,4.0,2024-03,2024Q1,1
RVA-13865,2025-02-15,Northside,Road & Sidewalk,Sidewalk Damage,Emergency,Resolved,0.31,Mobile App,Transportation,3.4,2025-02,2025Q1,1
RVA-13866,2025-05-05,West End,Road & Sidewalk,Crosswalk Faded,Medium,Resolved,1.02,Mobile App,Code Enforcement,1.3,2025-05,2025Q2,1
RVA-13867,2024-02-18,Lakeside,Water & Utilities,Sewer Problem,High,Resolved,0.73,Phone,Public Works,2.7,2024-02,2024Q1,1
RVA-13868,2025-11-17,Museum District,Road & Sidewalk,Sidewalk Damage,Low,Closed,14.87,Phone,Code Enforcement,4.4,2025-11,2025Q4,1
RVA-13869,2025-07-17,Oregon Hill,Noise & Nuisance,Noise Complaint,Medium,Resolved,3.02,Website,Transportation,2.3,2025-07,2025Q3,1
RVA-13870,2024-04-11,Scott's Addition,Public Safety,Traffic Signal Issue,High,Closed,4.28,Mobile App,Parks & Rec,2.9,2024-04,2024Q2,1
RVA-13871,2024-08-03,Bon Air,Public Safety,Traffic Signal Issue,Low,Closed,1.6,Mobile App,Police,3.0,2024-08,2024Q3,1
RVA-13872,2025-03-13,Manchester,Noise & Nuisance,Noise Complaint,Medium,Closed,3.55,Phone,Code Enforcement,3.5,2025-03,2025Q1,1
RVA-13873,2025-11-30,The Fan,Parks & Public Spaces,Tree Hazard,Medium,Resolved,5.21,Phone,Public Utilities,4.5,2025-11,2025Q4,1
RVA-13874,2025-07-22,Shockoe Bottom,Water & Utilities,Sewer Problem,High,Closed,1.45,Phone,Police,1.7,2025-07,2025Q3,1
RVA-13875,2025-07-12,Ginter Park,Water & Utilities,Water Main Break,Medium,Resolved,11.0,Website,Parks & Rec,3.0,2025-07,2025Q3,1
RVA-13876,2024-06-07,Northside,Parks & Public Spaces,Graffiti Removal,Emergency,Closed,2.28,Phone,Public Works,2.7,2024-06,2024Q2,1
RVA-13877,2025-05-03,Highland Park,Noise & Nuisance,Animal Control,Low,Resolved,1.23,Mobile App,Code Enforcement,2.2,2025-05,2025Q2,1
RVA-13878,2025-11-16,Highland Park,Noise & Nuisance,Noise Complaint,Medium,Closed,0.7,Website,Police,4.7,2025-11,2025Q4,1
RVA-13879,2024-08-29,Ginter Park,Sanitation,Missed Trash Pickup,High,Resolved,0.28,Mobile App,Police,1.0,2024-08,2024Q3,1
RVA-13880,2024-01-05,Northside,Sanitation,Overflowing Bin,Low,Closed,11.43,Mobile App,Public Utilities,1.5,2024-01,2024Q1,1
RVA-13881,2025-08-18,Shockoe Bottom,Road & Sidewalk,Street Light Out,High,Closed,0.93,Website,Code Enforcement,3.9,2025-08,2025Q3,1
RVA-13882,2024-12-26,Church Hill,Public Safety,Traffic Signal Issue,Low,Closed,13.22,Mobile App,Public Works,2.1,2024-12,2024Q4,1
RVA-13883,2025-04-03,Northside,Public Safety,Unsafe Structure,Low,Closed,5.2,Phone,Police,3.9,2025-04,2025Q2,1
RVA-13884,2024-09-04,Oregon Hill,Public Safety,Traffic Signal Issue,Low,Open,9.88,Mobile App,Public Utilities,4.3,2024-09,2024Q3,0
RVA-13885,2025-07-19,Northside,Noise & Nuisance,Abandoned Vehicle,Emergency,Resolved,0.73,Phone,Code Enforcement,2.0,2025-07,2025Q3,1
RVA-13886,2025-11-03,Lakeside,Water & Utilities,Storm Drain Blocked,Medium,Closed,3.97,Mobile App,Code Enforcement,1.8,2025-11,2025Q4,1
RVA-13887,2025-02-25,Northside,Sanitation,Overflowing Bin,High,Closed,1.55,Email,Public Works,1.6,2025-02,2025Q1,1
RVA-13888,2024-01-15,The Fan,Public Safety,Missing Sign,Medium,Resolved,0.46,Phone,Public Utilities,1.8,2024-01,2024Q1,1
RVA-13889,2025-07-26,The Fan,Noise & Nuisance,Property Maintenance,Medium,Resolved,2.64,Website,Public Works,2.1,2025-07,2025Q3,1
RVA-13890,2024-05-01,West End,Road & Sidewalk,Street Light Out,Medium,Open,3.95,Walk-in,Police,4.5,2024-05,2024Q2,0
RVA-13891,2024-10-03,Shockoe Bottom,Public Safety,Missing Sign,Emergency,Resolved,0.31,Website,Transportation,4.1,2024-10,2024Q4,1
RVA-13892,2025-07-11,East End,Water & Utilities,Storm Drain Blocked,High,Resolved,4.62,Phone,Parks & Rec,1.0,2025-07,2025Q3,1
RVA-13893,2025-03-28,Northside,Water & Utilities,Hydrant Issue,High,Resolved,4.74,Phone,Parks & Rec,4.5,2025-03,2025Q1,1
RVA-13894,2025-01-24,Bon Air,Noise & Nuisance,Animal Control,Low,In Progress,17.26,Phone,Public Works,1.3,2025-01,2025Q1,0
RVA-13895,2024-10-20,Ginter Park,Noise & Nuisance,Noise Complaint,Medium,Resolved,2.35,Walk-in,Public Works,3.6,2024-10,2024Q4,1
RVA-13896,2025-07-27,Museum District,Parks & Public Spaces,Park Maintenance,Medium,Resolved,6.32,Mobile App,Transportation,1.6,2025-07,2025Q3,1
RVA-13897,2025-08-20,Southside,Parks & Public Spaces,Tree Hazard,Emergency,Resolved,0.25,Walk-in,Transportation,1.2,2025-08,2025Q3,1
RVA-13898,2025-03-21,Carytown,Water & Utilities,Sewer Problem,Medium,Resolved,1.32,Phone,Transportation,4.0,2025-03,2025Q1,1
RVA-13899,2024-07-28,Oregon Hill,Noise & Nuisance,Abandoned Vehicle,Medium,Closed,2.1,Walk-in,Transportation,2.9,2024-07,2024Q3,1
RVA-13900,2025-08-12,West End,Water & Utilities,Storm Drain Blocked,Medium,Resolved,0.37,Mobile App,Parks & Rec,3.4,2025-08,2025Q3,1
RVA-13901,2025-12-14,Southside,Noise & Nuisance,Property Maintenance,Low,Closed,4.03,Walk-in,Police,2.7,2025-12,2025Q4,1
RVA-13902,2024-10-28,Museum District,Public Safety,Unsafe Structure,Low,Closed,6.18,Mobile App,Transportation,1.3,2024-10,2024Q4,1
RVA-13903,2024-08-10,Shockoe Bottom,Public Safety,Missing Sign,High,In Progress,6.22,Website,Transportation,4.0,2024-08,2024Q3,0
RVA-13904,2024-01-03,Highland Park,Parks & Public Spaces,Tree Hazard,Medium,In Progress,1.88,Phone,Public Works,4.3,2024-01,2024Q1,0
RVA-13905,2025-06-01,Scott's Addition,Road & Sidewalk,Pothole Repair,High,Resolved,4.65,Website,Transportation,1.2,2025-06,2025Q2,1
RVA-13906,2024-04-02,Ginter Park,Road & Sidewalk,Crosswalk Faded,High,Resolved,0.52,Website,Police,2.5,2024-04,2024Q2,1
RVA-13907,2025-06-03,Northside,Road & Sidewalk,Crosswalk Faded,Medium,Resolved,1.06,Mobile App,Police,3.2,2025-06,2025Q2,1
RVA-13908,2025-03-03,Oregon Hill,Sanitation,Missed Trash Pickup,Medium,Resolved,3.66,Phone,Public Utilities,3.4,2025-03,2025Q1,1
RVA-13909,2025-05-07,The Fan,Water & Utilities,Storm Drain Blocked,Low,Resolved,11.16,Mobile App,Police,3.3,2025-05,2025Q2,1
RVA-13910,2024-08-22,Scott's Addition,Noise & Nuisance,Property Maintenance,Emergency,Open,0.02,Phone,Transportation,3.8,2024-08,2024Q3,0
RVA-13911,2025-09-11,Fulton,Parks & Public Spaces,Graffiti Removal,Medium,Closed,1.25,Website,Code Enforcement,4.9,2025-09,2025Q3,1
RVA-13912,2024-06-09,Highland Park,Road & Sidewalk,Sidewalk Damage,Medium,Resolved,3.04,Mobile App,Transportation,2.6,2024-06,2024Q2,1
RVA-13913,2025-12-21,Northside,Noise & Nuisance,Animal Control,Medium,Closed,2.01,Phone,Parks & Rec,3.2,2025-12,2025Q4,1
RVA-13914,2024-11-26,Museum District,Noise & Nuisance,Animal Control,Medium,In Progress,6.23,Website,Parks & Rec,3.8,2024-11,2024Q4,0
RVA-13915,2024-11-28,East End,Public Safety,Hazardous Condition,Medium,Resolved,3.58,Mobile App,Public Works,3.4,2024-11,2024Q4,1
RVA-13916,2024-02-19,Museum District,Sanitation,Overflowing Bin,Medium,Resolved,0.87,Email,Public Works,2.5,2024-02,2024Q1,1
RVA-13917,2025-06-06,Southside,Road & Sidewalk,Street Light Out,High,Closed,4.5,Phone,Public Utilities,3.5,2025-06,2025Q2,1
RVA-13918,2025-10-29,Manchester,Parks & Public Spaces,Playground Repair,High,Open,0.69,Mobile App,Transportation,3.6,2025-10,2025Q4,0
RVA-13919,2025-05-06,Ginter Park,Parks & Public Spaces,Playground Repair,Medium,Resolved,6.57,Mobile App,Public Utilities,3.3,2025-05,2025Q2,1
RVA-13920,2025-08-04,West End,Road & Sidewalk,Pothole Repair,Medium,Closed,7.57,Phone,Code Enforcement,1.8,2025-08,2025Q3,1
RVA-13921,2025-11-11,Manchester,Water & Utilities,Sewer Problem,High,Closed,6.6,Phone,Public Works,3.0,2025-11,2025Q4,1
RVA-13922,2024-09-28,Ginter Park,Road & Sidewalk,Pothole Repair,Low,Resolved,6.9,Mobile App,Parks & Rec,4.5,2024-09,2024Q3,1
RVA-13923,2025-08-02,Museum District,Water & Utilities,Water Main Break,High,Closed,1.91,Mobile App,Code Enforcement,4.5,2025-08,2025Q3,1
RVA-13924,2024-09-08,Shockoe Bottom,Sanitation,Missed Trash Pickup,Low,Closed,4.08,Phone,Public Works,4.0,2024-09,2024Q3,1
RVA-13925,2025-07-13,The Fan,Noise & Nuisance,Noise Complaint,High,Resolved,2.27,Phone,Code Enforcement,3.8,2025-07,2025Q3,1
RVA-13926,2025-11-26,West End,Public Safety,Hazardous Condition,Medium,Resolved,3.11,Mobile App,Transportation,1.6,2025-11,2025Q4,1
RVA-13927,2025-11-29,Ginter Park,Noise & Nuisance,Property Maintenance,Medium,Closed,2.88,Website,Police,2.8,2025-11,2025Q4,1
RVA-13928,2024-03-30,Highland Park,Noise & Nuisance,Abandoned Vehicle,High,Closed,3.87,Email,Police,1.4,2024-03,2024Q1,1
RVA-13929,2025-03-21,East End,Sanitation,Overflowing Bin,Low,Resolved,0.51,Email,Code Enforcement,4.3,2025-03,2025Q1,1
RVA-13930,2024-11-27,Church Hill,Road & Sidewalk,Sidewalk Damage,Medium,Closed,10.68,Walk-in,Public Works,2.2,2024-11,2024Q4,1
RVA-13931,2024-05-18,Carytown,Noise & Nuisance,Abandoned Vehicle,Medium,Resolved,9.56,Walk-in,Police,4.1,2024-05,2024Q2,1
RVA-13932,2024-12-22,Manchester,Public Safety,Unsafe Structure,High,Resolved,1.41,Mobile App,Police,4.3,2024-12,2024Q4,1
RVA-13933,2025-08-23,Ginter Park,Sanitation,Overflowing Bin,Low,In Progress,6.74,Mobile App,Code Enforcement,4.6,2025-08,2025Q3,0
RVA-13934,2024-09-30,Bon Air,Parks & Public Spaces,Graffiti Removal,High,Resolved,0.9,Phone,Police,4.0,2024-09,2024Q3,1
RVA-13935,2024-01-19,Scott's Addition,Public Safety,Missing Sign,Medium,Closed,25.73,Website,Transportation,3.3,2024-01,2024Q1,1
RVA-13936,2024-11-06,Highland Park,Water & Utilities,Water Main Break,Low,Resolved,1.18,Walk-in,Parks & Rec,3.4,2024-11,2024Q4,1
RVA-13937,2024-06-02,Northside,Parks & Public Spaces,Playground Repair,High,Resolved,1.78,Mobile App,Police,2.3,2024-06,2024Q2,1
RVA-13938,2025-01-24,The Fan,Water & Utilities,Storm Drain Blocked,Low,Resolved,11.45,Phone,Transportation,1.7,2025-01,2025Q1,1
RVA-13939,2024-09-16,Short Pump,Noise & Nuisance,Noise Complaint,Medium,Resolved,13.62,Website,Code Enforcement,1.5,2024-09,2024Q3,1
RVA-13940,2025-09-11,Highland Park,Parks & Public Spaces,Tree Hazard,Low,Closed,15.15,Phone,Police,1.7,2025-09,2025Q3,1
RVA-13941,2025-07-24,Scott's Addition,Noise & Nuisance,Animal Control,Medium,Closed,5.16,Phone,Police,4.7,2025-07,2025Q3,1
RVA-13942,2024-05-04,Bon Air,Public Safety,Hazardous Condition,Medium,Resolved,0.62,Mobile App,Public Utilities,1.7,2024-05,2024Q2,1
RVA-13943,2024-12-19,Scott's Addition,Road & Sidewalk,Street Light Out,Medium,Closed,2.34,Email,Code Enforcement,3.9,2024-12,2024Q4,1
RVA-13944,2024-09-29,The Fan,Parks & Public Spaces,Tree Hazard,Medium,Resolved,0.75,Phone,Code Enforcement,1.7,2024-09,2024Q3,1
RVA-13945,2025-09-10,Shockoe Bottom,Water & Utilities,Storm Drain Blocked,Medium,Closed,10.65,Phone,Transportation,4.9,2025-09,2025Q3,1
RVA-13946,2024-09-01,Ginter Park,Public Safety,Traffic Signal Issue,Low,Closed,13.85,Mobile App,Public Utilities,2.5,2024-09,2024Q3,1
RVA-13947,2025-03-25,Museum District,Sanitation,Bulk Pickup Request,Medium,Resolved,7.08,Phone,Public Utilities,2.6,2025-03,2025Q1,1
RVA-13948,2024-09-03,Highland Park,Sanitation,Overflowing Bin,Emergency,Closed,0.53,Mobile App,Transportation,2.6,2024-09,2024Q3,1
RVA-13949,2025-06-03,Short Pump,Public Safety,Traffic Signal Issue,High,Resolved,1.41,Mobile App,Parks & Rec,4.3,2025-06,2025Q2,1
RVA-13950,2024-05-20,Museum District,Road & Sidewalk,Street Light Out,Low,Resolved,1.62,Mobile App,Police,1.9,2024-05,2024Q2,1
RVA-13951,2024-12-27,Highland Park,Public Safety,Traffic Signal Issue,Low,Resolved,4.0,Mobile App,Public Works,4.3,2024-12,2024Q4,1
RVA-13952,2024-01-08,Museum District,Public Safety,Unsafe Structure,Emergency,Closed,0.07,Phone,Public Works,3.6,2024-01,2024Q1,1
RVA-13953,2025-04-22,Highland Park,Public Safety,Hazardous Condition,Medium,Resolved,6.45,Phone,Public Utilities,1.9,2025-04,2025Q2,1
RVA-13954,2024-12-17,Carytown,Noise & Nuisance,Property Maintenance,Medium,Closed,0.87,Walk-in,Code Enforcement,1.3,2024-12,2024Q4,1
RVA-13955,2025-05-09,Southside,Road & Sidewalk,Crosswalk Faded,High,Closed,2.42,Mobile App,Code Enforcement,4.1,2025-05,2025Q2,1
RVA-13956,2025-08-28,West End,Public Safety,Traffic Signal Issue,Medium,Resolved,5.89,Mobile App,Transportation,1.9,2025-08,2025Q3,1
RVA-13957,2025-03-02,Bon Air,Water & Utilities,Sewer Problem,Medium,Resolved,3.07,Walk-in,Parks & Rec,4.6,2025-03,2025Q1,1
RVA-13958,2024-02-08,Scott's Addition,Sanitation,Bulk Pickup Request,Emergency,Resolved,0.07,Mobile App,Public Works,1.5,2024-02,2024Q1,1
RVA-13959,2025-08-15,Northside,Sanitation,Illegal Dumping,High,Resolved,0.76,Mobile App,Transportation,3.5,2025-08,2025Q3,1
RVA-13960,2024-07-05,Museum District,Noise & Nuisance,Noise Complaint,Low,In Progress,3.86,Mobile App,Transportation,3.8,2024-07,2024Q3,0
RVA-13961,2025-08-18,Oregon Hill,Road & Sidewalk,Crosswalk Faded,Low,Closed,12.05,Walk-in,Code Enforcement,3.6,2025-08,2025Q3,1
RVA-13962,2025-08-22,Carytown,Water & Utilities,Storm Drain Blocked,Low,Closed,1.21,Walk-in,Parks & Rec,2.3,2025-08,2025Q3,1
RVA-13963,2024-04-02,Carytown,Public Safety,Unsafe Structure,High,Resolved,3.53,Mobile App,Parks & Rec,4.5,2024-04,2024Q2,1
RVA-13964,2024-03-26,Ginter Park,Parks & Public Spaces,Park Maintenance,Medium,Resolved,7.16,Website,Public Utilities,4.1,2024-03,2024Q1,1
RVA-13965,2024-02-13,Highland Park,Noise & Nuisance,Property Maintenance,Low,In Progress,2.06,Phone,Public Works,3.0,2024-02,2024Q1,0
RVA-13966,2024-05-16,Oregon Hill,Water & Utilities,Hydrant Issue,Emergency,Resolved,0.63,Email,Parks & Rec,3.4,2024-05,2024Q2,1
RVA-13967,2025-02-24,Ginter Park,Parks & Public Spaces,Tree Hazard,Low,Closed,11.04,Mobile App,Parks & Rec,3.3,2025-02,2025Q1,1
RVA-13968,2024-03-14,The Fan,Sanitation,Illegal Dumping,Low,Closed,13.79,Walk-in,Parks & Rec,4.8,2024-03,2024Q1,1
RVA-13969,2025-07-01,Southside,Parks & Public Spaces,Graffiti Removal,Low,Resolved,2.09,Mobile App,Public Works,4.6,2025-07,2025Q3,1
RVA-13970,2025-09-04,Ginter Park,Parks & Public Spaces,Playground Repair,Low,Resolved,1.71,Phone,Public Utilities,1.9,2025-09,2025Q3,1
RVA-13971,2025-05-26,Ginter Park,Sanitation,Missed Trash Pickup,Medium,Closed,1.35,Mobile App,Police,2.1,2025-05,2025Q2,1
RVA-13972,2024-06-04,Oregon Hill,Public Safety,Unsafe Structure,Emergency,Resolved,0.23,Website,Code Enforcement,4.9,2024-06,2024Q2,1
RVA-13973,2024-09-11,West End,Parks & Public Spaces,Playground Repair,High,Open,3.16,Website,Transportation,1.9,2024-09,2024Q3,0
RVA-13974,2024-06-19,Museum District,Water & Utilities,Hydrant Issue,Medium,Resolved,6.7,Phone,Transportation,4.8,2024-06,2024Q2,1
RVA-13975,2025-12-28,Ginter Park,Public Safety,Traffic Signal Issue,Medium,Resolved,12.98,Website,Public Works,3.6,2025-12,2025Q4,1
RVA-13976,2024-06-18,Short Pump,Sanitation,Bulk Pickup Request,Medium,Open,0.3,Website,Public Works,1.2,2024-06,2024Q2,0
RVA-13977,2024-11-17,Highland Park,Road & Sidewalk,Pothole Repair,Low,In Progress,0.12,Website,Transportation,2.3,2024-11,2024Q4,0
RVA-13978,2025-07-20,The Fan,Water & Utilities,Sewer Problem,Low,Resolved,12.01,Mobile App,Public Works,2.9,2025-07,2025Q3,1
RVA-13979,2025-03-31,Northside,Public Safety,Traffic Signal Issue,Emergency,Resolved,0.16,Phone,Police,4.3,2025-03,2025Q1,1
RVA-13980,2025-08-25,Northside,Noise & Nuisance,Abandoned Vehicle,Low,Resolved,4.07,Mobile App,Code Enforcement,2.3,2025-08,2025Q3,1
RVA-13981,2025-09-04,Northside,Water & Utilities,Water Main Break,Low,Resolved,7.91,Phone,Code Enforcement,2.2,2025-09,2025Q3,1
RVA-13982,2024-06-03,West End,Public Safety,Unsafe Structure,Medium,Resolved,0.54,Website,Parks & Rec,4.7,2024-06,2024Q2,1
RVA-13983,2024-12-14,Bon Air,Water & Utilities,Storm Drain Blocked,Medium,Closed,5.15,Website,Transportation,1.3,2024-12,2024Q4,1
RVA-13984,2025-03-26,Highland Park,Parks & Public Spaces,Park Maintenance,Low,In Progress,3.93,Website,Transportation,3.2,2025-03,2025Q1,0
RVA-13985,2025-10-14,Scott's Addition,Public Safety,Hazardous Condition,Low,Resolved,10.02,Mobile App,Transportation,3.0,2025-10,2025Q4,1
RVA-13986,2024-06-21,Ginter Park,Public Safety,Unsafe Structure,Medium,Closed,8.98,Website,Parks & Rec,1.2,2024-06,2024Q2,1
RVA-13987,2024-01-10,Carytown,Parks & Public Spaces,Tree Hazard,High,Resolved,0.38,Phone,Transportation,1.4,2024-01,2024Q1,1
RVA-13988,2024-09-21,Southside,Road & Sidewalk,Sidewalk Damage,Low,Closed,26.72,Email,Public Utilities,2.5,2024-09,2024Q3,1
RVA-13989,2025-03-13,Woodland Heights,Parks & Public Spaces,Park Maintenance,Medium,Resolved,3.78,Mobile App,Public Works,1.5,2025-03,2025Q1,1
RVA-13990,2024-09-03,Carytown,Sanitation,Missed Trash Pickup,Medium,Open,12.82,Website,Public Utilities,2.9,2024-09,2024Q3,0
RVA-13991,2025-10-28,Ginter Park,Public Safety,Traffic Signal Issue,High,Resolved,0.47,Website,Public Works,3.4,2025-10,2025Q4,1
RVA-13992,2025-06-29,Highland Park,Road & Sidewalk,Crosswalk Faded,Medium,Resolved,4.64,Email,Code Enforcement,3.8,2025-06,2025Q2,1
RVA-13993,2025-05-13,Lakeside,Parks & Public Spaces,Tree Hazard,Low,In Progress,5.17,Phone,Transportation,3.2,2025-05,2025Q2,0
RVA-13994,2024-05-08,Manchester,Parks & Public Spaces,Playground Repair,Medium,Resolved,7.44,Phone,Public Utilities,2.5,2024-05,2024Q2,1
RVA-13995,2025-11-02,Jackson Ward,Water & Utilities,Hydrant Issue,High,Closed,1.86,Phone,Code Enforcement,1.5,2025-11,2025Q4,1
RVA-13996,2025-08-23,Bon Air,Parks & Public Spaces,Playground Repair,Low,Resolved,6.82,Mobile App,Parks & Rec,2.0,2025-08,2025Q3,1
RVA-13997,2025-08-27,Shockoe Bottom,Noise & Nuisance,Abandoned Vehicle,Medium,Resolved,12.21,Website,Transportation,2.7,2025-08,2025Q3,1
RVA-13998,2024-11-22,Northside,Parks & Public Spaces,Playground Repair,Low,Resolved,4.73,Email,Code Enforcement,4.7,2024-11,2024Q4,1
RVA-13999,2025-02-07,The Fan,Noise & Nuisance,Property Maintenance,Low,Closed,2.48,Mobile App,Police,1.8,2025-02,2025Q1,1
RVA-14000,2025-09-20,Scott's Addition,Noise & Nuisance,Property Maintenance,Medium,Closed,4.68,Phone,Public Utilities,2.7,2025-09,2025Q3,1
RVA-14001,2025-08-28,Highland Park,Noise & Nuisance,Property Maintenance,Medium,Closed,4.89,Walk-in,Transportation,3.9,2025-08,2025Q3,1
RVA-14002,2025-11-05,Manchester,Sanitation,Missed Trash Pickup,High,Resolved,1.16,Mobile App,Transportation,3.8,2025-11,2025Q4,1
RVA-14003,2025-09-02,Bon Air,Public Safety,Missing Sign,Medium,Open,3.33,Phone,Public Works,4.9,2025-09,2025Q3,0
RVA-14004,2025-09-16,Lakeside,Road & Sidewalk,Crosswalk Faded,Medium,Resolved,16.04,Walk-in,Code Enforcement,1.8,2025-09,2025Q3,1
RVA-14005,2024-12-24,Short Pump,Public Safety,Unsafe Structure,Medium,Closed,6.6,Email,Transportation,1.1,2024-12,2024Q4,1
RVA-14006,2025-08-25,The Fan,Noise & Nuisance,Abandoned Vehicle,Medium,Closed,0.59,Phone,Transportation,2.3,2025-08,2025Q3,1
RVA-14007,2025-12-18,Bon Air,Noise & Nuisance,Noise Complaint,Low,Closed,2.38,Mobile App,Public Utilities,1.6,2025-12,2025Q4,1
RVA-14008,2024-01-17,Shockoe Bottom,Noise & Nuisance,Noise Complaint,High,Resolved,7.42,Mobile App,Public Works,3.2,2024-01,2024Q1,1
RVA-14009,2024-09-30,Short Pump,Parks & Public Spaces,Park Maintenance,Emergency,Resolved,0.65,Phone,Transportation,4.6,2024-09,2024Q3,1
RVA-14010,2025-11-15,Oregon Hill,Public Safety,Unsafe Structure,Low,Resolved,24.66,Mobile App,Transportation,3.8,2025-11,2025Q4,1
RVA-14011,2024-04-25,Museum District,Noise & Nuisance,Animal Control,Low,In Progress,3.62,Mobile App,Public Utilities,1.5,2024-04,2024Q2,0
RVA-14012,2025-11-23,Southside,Sanitation,Missed Trash Pickup,Low,Resolved,13.54,Website,Public Utilities,1.5,2025-11,2025Q4,1
RVA-14013,2024-03-31,East End,Water & Utilities,Water Main Break,High,Resolved,2.5,Website,Police,4.6,2024-03,2024Q1,1
RVA-14014,2024-03-22,Shockoe Bottom,Water & Utilities,Storm Drain Blocked,High,Closed,0.7,Walk-in,Code Enforcement,3.0,2024-03,2024Q1,1
RVA-14015,2024-11-19,Lakeside,Sanitation,Overflowing Bin,High,Resolved,1.6,Mobile App,Police,4.7,2024-11,2024Q4,1
RVA-14016,2024-04-23,Highland Park,Public Safety,Hazardous Condition,High,Closed,1.97,Mobile App,Parks & Rec,3.9,2024-04,2024Q2,1
RVA-14017,2024-02-27,Museum District,Water & Utilities,Sewer Problem,Medium,Resolved,3.28,Walk-in,Transportation,5.0,2024-02,2024Q1,1
RVA-14018,2024-06-02,Shockoe Bottom,Parks & Public Spaces,Playground Repair,Medium,Resolved,8.78,Website,Public Utilities,4.5,2024-06,2024Q2,1
RVA-14019,2025-02-07,Manchester,Parks & Public Spaces,Tree Hazard,High,In Progress,3.58,Walk-in,Code Enforcement,2.7,2025-02,2025Q1,0
RVA-14020,2025-09-19,Scott's Addition,Water & Utilities,Storm Drain Blocked,Medium,In Progress,9.51,Email,Parks & Rec,4.0,2025-09,2025Q3,0
RVA-14021,2024-09-22,Carytown,Road & Sidewalk,Street Light Out,Medium,Resolved,8.13,Walk-in,Transportation,2.9,2024-09,2024Q3,1
RVA-14022,2024-11-10,Oregon Hill,Noise & Nuisance,Noise Complaint,Medium,Open,3.35,Phone,Parks & Rec,1.9,2024-11,2024Q4,0
RVA-14023,2025-12-15,Short Pump,Public Safety,Traffic Signal Issue,Medium,Resolved,2.4,Mobile App,Police,2.0,2025-12,2025Q4,1
RVA-14024,2024-02-10,The Fan,Parks & Public Spaces,Graffiti Removal,Medium,Closed,8.9,Phone,Parks & Rec,2.6,2024-02,2024Q1,1
RVA-14025,2024-04-14,Northside,Road & Sidewalk,Street Light Out,Medium,Closed,3.37,Website,Public Works,1.4,2024-04,2024Q2,1
RVA-14026,2024-07-11,Bon Air,Water & Utilities,Water Main Break,High,Closed,0.57,Mobile App,Public Works,1.7,2024-07,2024Q3,1
RVA-14027,2025-02-04,Bon Air,Sanitation,Missed Trash Pickup,Medium,In Progress,3.54,Website,Public Works,3.0,2025-02,2025Q1,0
RVA-14028,2024-10-04,Ginter Park,Parks & Public Spaces,Park Maintenance,Medium,Resolved,0.76,Mobile App,Transportation,4.8,2024-10,2024Q4,1
RVA-14029,2024-12-19,Scott's Addition,Road & Sidewalk,Sidewalk Damage,High,Resolved,2.35,Website,Parks & Rec,3.3,2024-12,2024Q4,1
RVA-14030,2025-08-02,The Fan,Water & Utilities,Storm Drain Blocked,Medium,Closed,2.05,Mobile App,Transportation,2.6,2025-08,2025Q3,1
RVA-14031,2025-12-09,Ginter Park,Public Safety,Unsafe Structure,Low,In Progress,3.02,Phone,Transportation,2.0,2025-12,2025Q4,0
RVA-14032,2024-09-12,The Fan,Road & Sidewalk,Street Light Out,Low,Resolved,31.35,Walk-in,Public Utilities,1.8,2024-09,2024Q3,1
RVA-14033,2025-10-12,Scott's Addition,Noise & Nuisance,Noise Complaint,Medium,Resolved,7.5,Mobile App,Code Enforcement,3.6,2025-10,2025Q4,1
RVA-14034,2025-10-22,Short Pump,Parks & Public Spaces,Tree Hazard,Medium,Resolved,7.73,Phone,Public Works,4.4,2025-10,2025Q4,1
RVA-14035,2024-04-08,Shockoe Bottom,Sanitation,Bulk Pickup Request,Emergency,Closed,0.49,Mobile App,Public Works,2.6,2024-04,2024Q2,1
RVA-14036,2025-08-10,Ginter Park,Sanitation,Illegal Dumping,Medium,Resolved,9.14,Walk-in,Public Works,3.2,2025-08,2025Q3,1
RVA-14037,2024-10-08,Highland Park,Noise & Nuisance,Animal Control,Medium,Resolved,7.12,Walk-in,Police,3.8,2024-10,2024Q4,1
RVA-14038,2025-02-06,Highland Park,Noise & Nuisance,Animal Control,Low,Closed,9.13,Email,Police,1.2,2025-02,2025Q1,1
RVA-14039,2024-04-18,Highland Park,Water & Utilities,Sewer Problem,Low,Resolved,32.47,Walk-in,Public Works,2.4,2024-04,2024Q2,1
RVA-14040,2025-11-30,Scott's Addition,Public Safety,Hazardous Condition,High,Resolved,0.43,Website,Public Works,3.9,2025-11,2025Q4,1
RVA-14041,2024-07-17,West End,Noise & Nuisance,Noise Complaint,Low,Open,28.71,Mobile App,Transportation,3.7,2024-07,2024Q3,0
RVA-14042,2024-10-29,Oregon Hill,Parks & Public Spaces,Playground Repair,Medium,Closed,2.57,Mobile App,Police,1.2,2024-10,2024Q4,1
RVA-14043,2024-11-22,East End,Parks & Public Spaces,Graffiti Removal,High,Closed,1.5,Phone,Code Enforcement,2.0,2024-11,2024Q4,1
RVA-14044,2024-06-02,Carytown,Public Safety,Hazardous Condition,Medium,Resolved,0.65,Phone,Public Utilities,3.7,2024-06,2024Q2,1
RVA-14045,2025-07-05,West End,Sanitation,Overflowing Bin,High,Closed,1.55,Website,Code Enforcement,2.1,2025-07,2025Q3,1
RVA-14046,2025-10-06,Bon Air,Noise & Nuisance,Animal Control,Medium,Resolved,4.72,Mobile App,Transportation,4.3,2025-10,2025Q4,1
RVA-14047,2025-02-08,The Fan,Public Safety,Traffic Signal Issue,Medium,Resolved,30.38,Mobile App,Public Utilities,1.1,2025-02,2025Q1,1
RVA-14048,2025-04-06,Carytown,Road & Sidewalk,Pothole Repair,High,Open,7.39,Phone,Parks & Rec,1.8,2025-04,2025Q2,0
RVA-14049,2024-05-11,Carytown,Public Safety,Missing Sign,High,Closed,6.79,Mobile App,Parks & Rec,2.1,2024-05,2024Q2,1
RVA-14050,2024-03-24,Museum District,Parks & Public Spaces,Park Maintenance,Low,Resolved,4.28,Website,Code Enforcement,4.7,2024-03,2024Q1,1
RVA-14051,2025-02-02,Scott's Addition,Public Safety,Unsafe Structure,Low,Closed,47.41,Phone,Police,4.2,2025-02,2025Q1,1
RVA-14052,2025-09-19,Highland Park,Noise & Nuisance,Noise Complaint,Low,Closed,6.08,Website,Public Works,4.5,2025-09,2025Q3,1
RVA-14053,2024-04-18,Museum District,Noise & Nuisance,Noise Complaint,Medium,Closed,9.55,Mobile App,Parks & Rec,2.8,2024-04,2024Q2,1
RVA-14054,2024-08-08,Museum District,Water & Utilities,Water Main Break,Emergency,Resolved,0.12,Email,Transportation,4.3,2024-08,2024Q3,1
RVA-14055,2025-07-06,West End,Water & Utilities,Sewer Problem,Medium,Resolved,3.52,Mobile App,Police,4.4,2025-07,2025Q3,1
RVA-14056,2025-01-02,Oregon Hill,Parks & Public Spaces,Graffiti Removal,Medium,Resolved,16.91,Mobile App,Police,2.6,2025-01,2025Q1,1
RVA-14057,2024-05-26,Oregon Hill,Water & Utilities,Hydrant Issue,High,Resolved,5.88,Website,Public Utilities,5.0,2024-05,2024Q2,1
RVA-14058,2024-04-21,Highland Park,Noise & Nuisance,Noise Complaint,Medium,Closed,5.76,Mobile App,Parks & Rec,4.4,2024-04,2024Q2,1
RVA-14059,2025-09-06,Highland Park,Noise & Nuisance,Abandoned Vehicle,Medium,Open,7.99,Mobile App,Code Enforcement,4.9,2025-09,2025Q3,0
RVA-14060,2025-07-11,The Fan,Sanitation,Illegal Dumping,Emergency,Closed,0.1,Mobile App,Transportation,4.5,2025-07,2025Q3,1
RVA-14061,2025-05-08,Church Hill,Public Safety,Missing Sign,High,Closed,2.56,Phone,Police,4.1,2025-05,2025Q2,1
RVA-14062,2025-05-19,Scott's Addition,Public Safety,Traffic Signal Issue,High,Resolved,1.92,Walk-in,Code Enforcement,4.8,2025-05,2025Q2,1
RVA-14063,2025-04-19,Oregon Hill,Public Safety,Traffic Signal Issue,Medium,Resolved,0.48,Phone,Code Enforcement,2.7,2025-04,2025Q2,1
RVA-14064,2024-09-27,Scott's Addition,Noise & Nuisance,Abandoned Vehicle,High,Resolved,0.24,Website,Transportation,4.1,2024-09,2024Q3,1
RVA-14065,2025-02-24,East End,Parks & Public Spaces,Playground Repair,Low,Resolved,1.15,Mobile App,Parks & Rec,1.9,2025-02,2025Q1,1
RVA-14066,2025-12-07,Ginter Park,Sanitation,Overflowing Bin,Medium,Open,6.44,Mobile App,Transportation,3.9,2025-12,2025Q4,0
RVA-14067,2025-01-01,Shockoe Bottom,Public Safety,Missing Sign,Emergency,Resolved,0.08,Mobile App,Code Enforcement,4.1,2025-01,2025Q1,1
RVA-14068,2024-10-06,Northside,Noise & Nuisance,Animal Control,Medium,Open,3.15,Walk-in,Code Enforcement,3.9,2024-10,2024Q4,0
RVA-14069,2024-10-09,Oregon Hill,Parks & Public Spaces,Tree Hazard,High,Closed,0.88,Mobile App,Public Works,4.4,2024-10,2024Q4,1
RVA-14070,2024-02-09,Lakeside,Public Safety,Traffic Signal Issue,Medium,Resolved,4.0,Email,Transportation,2.7,2024-02,2024Q1,1
RVA-14071,2024-07-07,Southside,Sanitation,Illegal Dumping,Low,In Progress,12.26,Mobile App,Code Enforcement,3.2,2024-07,2024Q3,0
RVA-14072,2024-06-12,Bon Air,Road & Sidewalk,Sidewalk Damage,High,Resolved,2.31,Website,Public Works,1.0,2024-06,2024Q2,1
RVA-14073,2025-06-19,Shockoe Bottom,Public Safety,Missing Sign,Low,Closed,7.25,Email,Parks & Rec,1.6,2025-06,2025Q2,1
RVA-14074,2025-06-19,The Fan,Public Safety,Hazardous Condition,Medium,Closed,3.12,Phone,Code Enforcement,3.6,2025-06,2025Q2,1
RVA-14075,2024-01-04,Southside,Public Safety,Unsafe Structure,Low,Resolved,5.07,Website,Police,3.2,2024-01,2024Q1,1
RVA-14076,2024-10-16,Oregon Hill,Noise & Nuisance,Abandoned Vehicle,Emergency,Closed,0.99,Phone,Transportation,1.8,2024-10,2024Q4,1
RVA-14077,2025-03-08,Shockoe Bottom,Public Safety,Traffic Signal Issue,Medium,Closed,2.01,Mobile App,Code Enforcement,2.0,2025-03,2025Q1,1
RVA-14078,2025-04-15,Carytown,Water & Utilities,Sewer Problem,Low,Closed,3.0,Mobile App,Public Works,2.4,2025-04,2025Q2,1
RVA-14079,2024-06-29,Northside,Sanitation,Bulk Pickup Request,Low,Resolved,13.6,Walk-in,Police,3.9,2024-06,2024Q2,1
RVA-14080,2024-09-04,Manchester,Parks & Public Spaces,Park Maintenance,Emergency,Closed,0.22,Mobile App,Parks & Rec,3.4,2024-09,2024Q3,1
RVA-14081,2025-09-19,Bon Air,Parks & Public Spaces,Park Maintenance,High,Resolved,3.75,Mobile App,Transportation,1.3,2025-09,2025Q3,1
RVA-14082,2024-10-05,Jackson Ward,Public Safety,Missing Sign,High,Closed,0.79,Email,Public Utilities,4.0,2024-10,2024Q4,1
RVA-14083,2025-08-03,Scott's Addition,Sanitation,Missed Trash Pickup,Medium,Resolved,6.05,Mobile App,Public Utilities,2.1,2025-08,2025Q3,1
RVA-14084,2024-09-10,Southside,Public Safety,Traffic Signal Issue,Medium,Closed,0.23,Phone,Public Works,3.7,2024-09,2024Q3,1
RVA-14085,2024-06-29,Scott's Addition,Water & Utilities,Hydrant Issue,Low,Closed,4.87,Email,Parks & Rec,1.5,2024-06,2024Q2,1
RVA-14086,2025-11-11,Museum District,Noise & Nuisance,Abandoned Vehicle,Medium,In Progress,2.1,Phone,Parks & Rec,5.0,2025-11,2025Q4,0
RVA-14087,2025-05-23,Museum District,Public Safety,Unsafe Structure,Low,Closed,16.97,Phone,Code Enforcement,1.3,2025-05,2025Q2,1
RVA-14088,2025-11-30,Museum District,Public Safety,Hazardous Condition,Emergency,In Progress,1.71,Walk-in,Public Utilities,4.0,2025-11,2025Q4,0
RVA-14089,2025-07-19,Highland Park,Public Safety,Traffic Signal Issue,High,Resolved,1.24,Mobile App,Code Enforcement,3.2,2025-07,2025Q3,1
RVA-14090,2024-11-21,Scott's Addition,Parks & Public Spaces,Playground Repair,Medium,Resolved,8.71,Mobile App,Parks & Rec,1.3,2024-11,2024Q4,1
RVA-14091,2024-12-22,Bon Air,Water & Utilities,Storm Drain Blocked,Low,Closed,12.03,Phone,Public Works,1.1,2024-12,2024Q4,1
RVA-14092,2025-10-11,Highland Park,Road & Sidewalk,Pothole Repair,High,Resolved,6.85,Website,Public Works,2.5,2025-10,2025Q4,1
RVA-14093,2025-11-10,Manchester,Road & Sidewalk,Sidewalk Damage,Low,Resolved,16.67,Mobile App,Police,4.2,2025-11,2025Q4,1
RVA-14094,2025-01-25,Shockoe Bottom,Parks & Public Spaces,Playground Repair,Low,Closed,0.81,Phone,Public Works,1.2,2025-01,2025Q1,1
RVA-14095,2025-09-06,Scott's Addition,Parks & Public Spaces,Park Maintenance,Low,Closed,12.49,Mobile App,Public Utilities,3.8,2025-09,2025Q3,1
RVA-14096,2024-03-25,Manchester,Water & Utilities,Storm Drain Blocked,Medium,Closed,3.83,Mobile App,Police,3.6,2024-03,2024Q1,1
RVA-14097,2024-11-12,Northside,Noise & Nuisance,Abandoned Vehicle,High,Resolved,0.03,Website,Public Utilities,2.1,2024-11,2024Q4,1
RVA-14098,2024-07-30,The Fan,Water & Utilities,Storm Drain Blocked,Medium,Resolved,1.45,Mobile App,Code Enforcement,1.3,2024-07,2024Q3,1
RVA-14099,2025-05-29,Bon Air,Sanitation,Missed Trash Pickup,Low,In Progress,25.48,Website,Code Enforcement,4.7,2025-05,2025Q2,0
RVA-14100,2025-01-18,Carytown,Road & Sidewalk,Crosswalk Faded,Medium,Resolved,13.02,Phone,Public Works,2.2,2025-01,2025Q1,1
RVA-14101,2025-11-21,Scott's Addition,Public Safety,Traffic Signal Issue,High,In Progress,3.21,Mobile App,Police,1.4,2025-11,2025Q4,0
RVA-14102,2024-12-07,Carytown,Public Safety,Unsafe Structure,Low,Resolved,40.05,Mobile App,Public Utilities,3.7,2024-12,2024Q4,1
RVA-14103,2024-02-07,Scott's Addition,Water & Utilities,Storm Drain Blocked,Low,Closed,16.43,Mobile App,Public Utilities,1.9,2024-02,2024Q1,1
RVA-14104,2025-05-25,Ginter Park,Road & Sidewalk,Crosswalk Faded,Emergency,Resolved,0.01,Mobile App,Parks & Rec,2.9,2025-05,2025Q2,1
RVA-14105,2025-02-23,Southside,Road & Sidewalk,Crosswalk Faded,Emergency,Resolved,0.17,Website,Public Works,1.2,2025-02,2025Q1,1
RVA-14106,2024-06-17,Scott's Addition,Water & Utilities,Water Main Break,Emergency,Resolved,0.02,Website,Transportation,5.0,2024-06,2024Q2,1
RVA-14107,2024-12-08,Ginter Park,Public Safety,Unsafe Structure,High,Open,0.2,Mobile App,Code Enforcement,2.8,2024-12,2024Q4,0
RVA-14108,2024-11-01,Highland Park,Sanitation,Illegal Dumping,Low,Resolved,2.47,Website,Transportation,5.0,2024-11,2024Q4,1
RVA-14109,2025-06-25,Highland Park,Water & Utilities,Water Main Break,Low,Resolved,7.0,Email,Parks & Rec,2.5,2025-06,2025Q2,1
RVA-14110,2025-12-02,Ginter Park,Public Safety,Traffic Signal Issue,Medium,Closed,9.4,Mobile App,Code Enforcement,2.4,2025-12,2025Q4,1
RVA-14111,2025-06-20,Southside,Public Safety,Hazardous Condition,Medium,Resolved,9.9,Phone,Code Enforcement,4.7,2025-06,2025Q2,1
RVA-14112,2024-04-21,Lakeside,Noise & Nuisance,Noise Complaint,Emergency,Resolved,0.48,Website,Public Utilities,2.3,2024-04,2024Q2,1
RVA-14113,2025-02-14,Oregon Hill,Water & Utilities,Storm Drain Blocked,High,Closed,5.27,Mobile App,Code Enforcement,2.7,2025-02,2025Q1,1
RVA-14114,2024-07-24,Scott's Addition,Public Safety,Missing Sign,High,Closed,1.39,Website,Police,1.3,2024-07,2024Q3,1
RVA-14115,2024-07-03,Northside,Noise & Nuisance,Abandoned Vehicle,Low,Closed,21.99,Email,Code Enforcement,4.8,2024-07,2024Q3,1
RVA-14116,2025-01-16,Fulton,Water & Utilities,Water Main Break,Emergency,Closed,0.3,Mobile App,Police,1.3,2025-01,2025Q1,1
RVA-14117,2025-05-10,Northside,Parks & Public Spaces,Tree Hazard,High,Closed,0.65,Walk-in,Code Enforcement,4.1,2025-05,2025Q2,1
RVA-14118,2025-01-13,Bon Air,Noise & Nuisance,Noise Complaint,Low,Resolved,24.82,Phone,Parks & Rec,3.2,2025-01,2025Q1,1
RVA-14119,2024-02-16,Oregon Hill,Sanitation,Missed Trash Pickup,High,Closed,0.98,Mobile App,Public Utilities,1.2,2024-02,2024Q1,1
RVA-14120,2025-07-04,West End,Sanitation,Overflowing Bin,Medium,Resolved,3.5,Phone,Parks & Rec,1.0,2025-07,2025Q3,1
RVA-14121,2025-06-11,East End,Public Safety,Missing Sign,Low,Resolved,3.99,Mobile App,Public Utilities,4.7,2025-06,2025Q2,1
RVA-14122,2025-05-18,East End,Parks & Public Spaces,Tree Hazard,High,Resolved,2.17,Phone,Parks & Rec,4.0,2025-05,2025Q2,1
RVA-14123,2024-01-22,East End,Parks & Public Spaces,Playground Repair,High,Resolved,10.61,Mobile App,Public Works,3.7,2024-01,2024Q1,1
RVA-14124,2024-07-31,Scott's Addition,Parks & Public Spaces,Tree Hazard,Low,In Progress,0.26,Website,Code Enforcement,2.8,2024-07,2024Q3,0
RVA-14125,2024-11-05,Church Hill,Public Safety,Hazardous Condition,Medium,In Progress,11.51,Phone,Code Enforcement,2.0,2024-11,2024Q4,0
RVA-14126,2025-10-22,Bon Air,Public Safety,Traffic Signal Issue,Emergency,Open,0.0,Phone,Public Works,3.7,2025-10,2025Q4,0
RVA-14127,2024-09-28,The Fan,Public Safety,Hazardous Condition,High,Closed,0.91,Mobile App,Public Works,3.4,2024-09,2024Q3,1
RVA-14128,2025-07-24,Museum District,Water & Utilities,Storm Drain Blocked,High,Closed,0.37,Phone,Police,3.9,2025-07,2025Q3,1
RVA-14129,2024-07-20,Museum District,Public Safety,Missing Sign,Low,Resolved,14.16,Mobile App,Parks & Rec,2.5,2024-07,2024Q3,1
RVA-14130,2024-02-01,Oregon Hill,Noise & Nuisance,Animal Control,Low,Closed,0.52,Website,Code Enforcement,4.9,2024-02,2024Q1,1
RVA-14131,2025-03-18,Highland Park,Road & Sidewalk,Sidewalk Damage,Medium,In Progress,4.03,Mobile App,Police,1.3,2025-03,2025Q1,0
RVA-14132,2024-06-10,West End,Road & Sidewalk,Sidewalk Damage,Low,Closed,3.49,Website,Transportation,1.3,2024-06,2024Q2,1
RVA-14133,2024-09-10,Bon Air,Public Safety,Unsafe Structure,Low,Resolved,1.43,Mobile App,Code Enforcement,4.7,2024-09,2024Q3,1
RVA-14134,2025-06-04,Oregon Hill,Water & Utilities,Hydrant Issue,Low,Open,14.78,Website,Public Works,3.6,2025-06,2025Q2,0
RVA-14135,2025-10-12,Northside,Sanitation,Bulk Pickup Request,Medium,In Progress,1.23,Phone,Police,2.3,2025-10,2025Q4,0
RVA-14136,2025-04-24,Bon Air,Parks & Public Spaces,Graffiti Removal,Medium,Resolved,1.27,Phone,Transportation,4.0,2025-04,2025Q2,1
RVA-14137,2024-01-10,Bon Air,Parks & Public Spaces,Tree Hazard,High,Open,0.64,Website,Police,2.8,2024-01,2024Q1,0
RVA-14138,2025-12-26,Bon Air,Road & Sidewalk,Sidewalk Damage,Low,Resolved,8.84,Phone,Police,1.1,2025-12,2025Q4,1
RVA-14139,2025-05-19,West End,Parks & Public Spaces,Graffiti Removal,Medium,Open,5.39,Walk-in,Parks & Rec,3.6,2025-05,2025Q2,0
RVA-14140,2025-07-13,Church Hill,Public Safety,Hazardous Condition,Low,Resolved,0.18,Website,Transportation,2.0,2025-07,2025Q3,1
RVA-14141,2025-03-11,The Fan,Noise & Nuisance,Animal Control,Medium,Resolved,1.38,Phone,Police,1.5,2025-03,2025Q1,1
RVA-14142,2024-04-20,Ginter Park,Parks & Public Spaces,Tree Hazard,Low,Closed,5.64,Walk-in,Code Enforcement,1.9,2024-04,2024Q2,1
RVA-14143,2024-06-01,Ginter Park,Water & Utilities,Water Main Break,Emergency,Resolved,0.2,Walk-in,Parks & Rec,2.9,2024-06,2024Q2,1
RVA-14144,2025-09-26,West End,Public Safety,Hazardous Condition,High,Resolved,4.31,Phone,Code Enforcement,1.2,2025-09,2025Q3,1
RVA-14145,2024-04-11,Scott's Addition,Public Safety,Hazardous Condition,Medium,Closed,7.75,Mobile App,Transportation,4.5,2024-04,2024Q2,1
RVA-14146,2024-07-09,Southside,Public Safety,Missing Sign,Low,Closed,9.83,Phone,Police,3.2,2024-07,2024Q3,1
RVA-14147,2025-12-29,Manchester,Public Safety,Unsafe Structure,Medium,Resolved,2.06,Phone,Police,2.2,2025-12,2025Q4,1
RVA-14148,2025-07-16,Museum District,Road & Sidewalk,Sidewalk Damage,High,Closed,2.41,Phone,Transportation,3.7,2025-07,2025Q3,1
RVA-14149,2024-03-21,Oregon Hill,Noise & Nuisance,Noise Complaint,Low,Resolved,18.56,Website,Code Enforcement,4.2,2024-03,2024Q1,1
RVA-14150,2025-05-03,Bon Air,Water & Utilities,Sewer Problem,Medium,In Progress,4.52,Website,Public Utilities,3.5,2025-05,2025Q2,0
RVA-14151,2024-03-28,Scott's Addition,Noise & Nuisance,Animal Control,High,Resolved,3.07,Website,Police,1.8,2024-03,2024Q1,1
RVA-14152,2024-07-12,Northside,Sanitation,Overflowing Bin,High,Resolved,2.77,Website,Police,1.4,2024-07,2024Q3,1
RVA-14153,2024-04-13,Oregon Hill,Parks & Public Spaces,Tree Hazard,High,Resolved,1.7,Mobile App,Parks & Rec,4.4,2024-04,2024Q2,1
RVA-14154,2024-04-05,East End,Public Safety,Unsafe Structure,High,Closed,0.75,Mobile App,Code Enforcement,1.9,2024-04,2024Q2,1
RVA-14155,2025-02-26,Northside,Noise & Nuisance,Animal Control,Emergency,Resolved,0.68,Website,Police,1.1,2025-02,2025Q1,1
RVA-14156,2024-07-16,Bon Air,Parks & Public Spaces,Playground Repair,Medium,Closed,1.16,Phone,Code Enforcement,3.6,2024-07,2024Q3,1
RVA-14157,2024-01-01,Carytown,Water & Utilities,Sewer Problem,Medium,Resolved,7.56,Website,Parks & Rec,1.6,2024-01,2024Q1,1
RVA-14158,2025-02-10,Scott's Addition,Sanitation,Missed Trash Pickup,High,Resolved,3.26,Mobile App,Code Enforcement,5.0,2025-02,2025Q1,1
RVA-14159,2025-01-12,Highland Park,Water & Utilities,Sewer Problem,High,Resolved,3.45,Mobile App,Code Enforcement,4.5,2025-01,2025Q1,1
RVA-14160,2024-06-15,Oregon Hill,Noise & Nuisance,Animal Control,Emergency,Closed,0.32,Phone,Parks & Rec,3.4,2024-06,2024Q2,1
RVA-14161,2025-05-23,Shockoe Bottom,Noise & Nuisance,Abandoned Vehicle,Low,Resolved,2.14,Phone,Police,4.3,2025-05,2025Q2,1
RVA-14162,2025-09-29,Lakeside,Parks & Public Spaces,Tree Hazard,Medium,Closed,0.53,Mobile App,Code Enforcement,2.9,2025-09,2025Q3,1
RVA-14163,2024-11-08,East End,Parks & Public Spaces,Playground Repair,Medium,Closed,6.8,Phone,Public Utilities,4.2,2024-11,2024Q4,1
RVA-14164,2025-08-15,The Fan,Noise & Nuisance,Noise Complaint,Medium,Resolved,10.87,Mobile App,Police,3.6,2025-08,2025Q3,1
RVA-14165,2025-02-21,Scott's Addition,Sanitation,Illegal Dumping,Low,Closed,10.52,Mobile App,Parks & Rec,1.1,2025-02,2025Q1,1
RVA-14166,2025-11-11,Highland Park,Water & Utilities,Storm Drain Blocked,High,Closed,0.31,Mobile App,Public Works,4.8,2025-11,2025Q4,1
RVA-14167,2025-04-21,Short Pump,Public Safety,Unsafe Structure,Low,Resolved,27.32,Phone,Transportation,4.4,2025-04,2025Q2,1
RVA-14168,2024-03-13,The Fan,Noise & Nuisance,Abandoned Vehicle,High,In Progress,9.04,Walk-in,Public Utilities,4.8,2024-03,2024Q1,0
RVA-14169,2024-05-20,Scott's Addition,Public Safety,Unsafe Structure,High,Resolved,1.14,Mobile App,Police,3.9,2024-05,2024Q2,1
RVA-14170,2025-08-04,Southside,Noise & Nuisance,Noise Complaint,Medium,In Progress,4.52,Mobile App,Transportation,2.6,2025-08,2025Q3,0
RVA-14171,2024-09-18,Shockoe Bottom,Parks & Public Spaces,Graffiti Removal,Medium,Resolved,7.51,Website,Parks & Rec,1.8,2024-09,2024Q3,1
RVA-14172,2024-12-05,Ginter Park,Noise & Nuisance,Noise Complaint,Medium,Resolved,6.67,Walk-in,Public Utilities,1.7,2024-12,2024Q4,1
RVA-14173,2024-11-03,East End,Sanitation,Overflowing Bin,High,Closed,6.87,Mobile App,Police,1.6,2024-11,2024Q4,1
RVA-14174,2024-09-01,Museum District,Road & Sidewalk,Street Light Out,High,In Progress,0.24,Phone,Transportation,1.9,2024-09,2024Q3,0
RVA-14175,2025-05-29,Bon Air,Sanitation,Illegal Dumping,High,Closed,1.74,Mobile App,Public Works,3.2,2025-05,2025Q2,1
RVA-14176,2024-12-02,Oregon Hill,Parks & Public Spaces,Graffiti Removal,Emergency,Resolved,0.59,Mobile App,Police,3.7,2024-12,2024Q4,1
RVA-14177,2025-07-28,Scott's Addition,Road & Sidewalk,Street Light Out,Medium,Resolved,11.04,Website,Public Works,2.3,2025-07,2025Q3,1
RVA-14178,2025-07-14,East End,Noise & Nuisance,Noise Complaint,Emergency,Closed,1.04,Email,Public Works,3.2,2025-07,2025Q3,1
RVA-14179,2024-03-16,Northside,Noise & Nuisance,Property Maintenance,High,Resolved,7.63,Website,Code Enforcement,2.4,2024-03,2024Q1,1
RVA-14180,2024-06-23,Manchester,Sanitation,Bulk Pickup Request,High,Resolved,1.44,Email,Parks & Rec,3.8,2024-06,2024Q2,1
RVA-14181,2024-04-18,Manchester,Sanitation,Overflowing Bin,Low,Resolved,17.76,Phone,Code Enforcement,5.0,2024-04,2024Q2,1
RVA-14182,2024-07-01,Oregon Hill,Noise & Nuisance,Noise Complaint,Emergency,Resolved,0.28,Walk-in,Public Works,3.8,2024-07,2024Q3,1
RVA-14183,2024-07-10,Scott's Addition,Noise & Nuisance,Animal Control,Medium,Resolved,2.74,Mobile App,Parks & Rec,1.2,2024-07,2024Q3,1
RVA-14184,2024-03-05,West End,Noise & Nuisance,Abandoned Vehicle,High,Resolved,0.58,Mobile App,Parks & Rec,2.9,2024-03,2024Q1,1
RVA-14185,2025-04-18,East End,Sanitation,Missed Trash Pickup,Low,Closed,17.05,Website,Parks & Rec,4.1,2025-04,2025Q2,1
RVA-14186,2024-04-09,Museum District,Parks & Public Spaces,Park Maintenance,Medium,Resolved,21.28,Phone,Public Utilities,3.2,2024-04,2024Q2,1
RVA-14187,2025-06-27,Oregon Hill,Water & Utilities,Hydrant Issue,Medium,In Progress,1.48,Mobile App,Police,4.8,2025-06,2025Q2,0
RVA-14188,2024-05-07,Oregon Hill,Noise & Nuisance,Noise Complaint,Medium,Resolved,0.29,Website,Public Works,1.2,2024-05,2024Q2,1
RVA-14189,2025-03-27,Scott's Addition,Water & Utilities,Storm Drain Blocked,Low,Resolved,16.9,Mobile App,Parks & Rec,2.2,2025-03,2025Q1,1
RVA-14190,2025-01-03,The Fan,Parks & Public Spaces,Park Maintenance,High,Resolved,1.94,Phone,Transportation,1.9,2025-01,2025Q1,1
RVA-14191,2024-02-12,Scott's Addition,Public Safety,Missing Sign,Low,Resolved,32.11,Mobile App,Public Utilities,4.1,2024-02,2024Q1,1
RVA-14192,2025-02-22,Manchester,Parks & Public Spaces,Park Maintenance,Medium,Resolved,1.45,Website,Public Utilities,3.1,2025-02,2025Q1,1
RVA-14193,2025-05-02,Northside,Noise & Nuisance,Noise Complaint,Low,Closed,0.74,Mobile App,Transportation,1.6,2025-05,2025Q2,1
RVA-14194,2024-03-18,Highland Park,Public Safety,Missing Sign,Medium,In Progress,3.39,Phone,Public Works,2.1,2024-03,2024Q1,0
RVA-14195,2024-09-26,Oregon Hill,Sanitation,Bulk Pickup Request,Medium,Closed,0.45,Mobile App,Code Enforcement,3.1,2024-09,2024Q3,1
RVA-14196,2025-11-04,Bon Air,Road & Sidewalk,Pothole Repair,Medium,Resolved,1.52,Website,Public Utilities,5.0,2025-11,2025Q4,1
RVA-14197,2025-12-01,Ginter Park,Water & Utilities,Hydrant Issue,Medium,Resolved,0.67,Website,Public Works,2.5,2025-12,2025Q4,1
RVA-14198,2025-12-28,Bon Air,Road & Sidewalk,Pothole Repair,High,Closed,0.51,Mobile App,Public Utilities,1.6,2025-12,2025Q4,1
RVA-14199,2024-11-10,Ginter Park,Sanitation,Bulk Pickup Request,Low,Closed,1.12,Mobile App,Public Works,3.0,2024-11,2024Q4,1
RVA-14200,2024-06-16,Southside,Public Safety,Unsafe Structure,Low,Resolved,30.77,Mobile App,Parks & Rec,2.2,2024-06,2024Q2,1
RVA-14201,2024-12-04,Northside,Parks & Public Spaces,Graffiti Removal,Low,Closed,3.27,Phone,Code Enforcement,3.3,2024-12,2024Q4,1
RVA-14202,2024-07-11,Carytown,Sanitation,Overflowing Bin,Emergency,Closed,0.29,Phone,Transportation,2.9,2024-07,2024Q3,1
RVA-14203,2025-03-28,West End,Noise & Nuisance,Property Maintenance,Medium,Closed,11.44,Mobile App,Public Utilities,3.8,2025-03,2025Q1,1
RVA-14204,2024-10-09,Northside,Parks & Public Spaces,Park Maintenance,Medium,Open,5.66,Website,Transportation,4.7,2024-10,2024Q4,0
RVA-14205,2024-12-01,Lakeside,Road & Sidewalk,Sidewalk Damage,Low,Closed,9.62,Walk-in,Public Utilities,1.8,2024-12,2024Q4,1
RVA-14206,2025-01-24,West End,Road & Sidewalk,Pothole Repair,Medium,Closed,6.11,Mobile App,Public Utilities,4.3,2025-01,2025Q1,1
RVA-14207,2025-06-08,Museum District,Road & Sidewalk,Pothole Repair,Low,Closed,17.65,Phone,Police,4.8,2025-06,2025Q2,1
RVA-14208,2024-08-27,Short Pump,Noise & Nuisance,Property Maintenance,Low,Closed,21.01,Phone,Police,2.5,2024-08,2024Q3,1
RVA-14209,2025-04-27,Oregon Hill,Public Safety,Unsafe Structure,Medium,Closed,5.15,Phone,Transportation,1.5,2025-04,2025Q2,1
RVA-14210,2025-10-20,West End,Road & Sidewalk,Crosswalk Faded,Medium,Resolved,11.04,Mobile App,Parks & Rec,4.3,2025-10,2025Q4,1
RVA-14211,2025-12-16,Woodland Heights,Noise & Nuisance,Property Maintenance,Low,Open,7.67,Mobile App,Public Utilities,3.8,2025-12,2025Q4,0
RVA-14212,2025-08-14,Ginter Park,Road & Sidewalk,Pothole Repair,High,Resolved,0.65,Mobile App,Code Enforcement,1.9,2025-08,2025Q3,1
RVA-14213,2025-07-08,Highland Park,Public Safety,Missing Sign,Emergency,Open,1.06,Phone,Police,2.8,2025-07,2025Q3,0
RVA-14214,2025-04-02,The Fan,Public Safety,Unsafe Structure,Medium,Resolved,3.9,Website,Public Works,3.3,2025-04,2025Q2,1
RVA-14215,2024-03-29,Bon Air,Road & Sidewalk,Sidewalk Damage,Medium,Resolved,11.83,Mobile App,Public Works,1.7,2024-03,2024Q1,1
RVA-14216,2025-10-21,Scott's Addition,Parks & Public Spaces,Tree Hazard,Emergency,Resolved,0.02,Mobile App,Public Works,3.9,2025-10,2025Q4,1
RVA-14217,2024-04-04,Fulton,Public Safety,Missing Sign,High,Closed,1.01,Mobile App,Parks & Rec,3.8,2024-04,2024Q2,1
RVA-14218,2025-03-27,Shockoe Bottom,Road & Sidewalk,Pothole Repair,Medium,Closed,14.76,Walk-in,Public Utilities,4.5,2025-03,2025Q1,1
RVA-14219,2025-03-03,Museum District,Parks & Public Spaces,Graffiti Removal,High,Resolved,0.57,Mobile App,Public Utilities,3.3,2025-03,2025Q1,1
RVA-14220,2024-05-30,Highland Park,Water & Utilities,Sewer Problem,Low,Closed,28.39,Phone,Transportation,3.3,2024-05,2024Q2,1
RVA-14221,2025-05-28,Southside,Road & Sidewalk,Sidewalk Damage,Medium,Open,15.38,Website,Police,3.5,2025-05,2025Q2,0
RVA-14222,2025-01-10,Museum District,Water & Utilities,Storm Drain Blocked,Medium,Closed,10.69,Walk-in,Public Works,2.1,2025-01,2025Q1,1
RVA-14223,2024-01-22,East End,Parks & Public Spaces,Tree Hazard,Low,Closed,8.29,Website,Parks & Rec,4.0,2024-01,2024Q1,1
RVA-14224,2024-11-08,Northside,Road & Sidewalk,Pothole Repair,Medium,Resolved,5.21,Mobile App,Transportation,3.6,2024-11,2024Q4,1
RVA-14225,2025-06-02,Scott's Addition,Public Safety,Unsafe Structure,Low,Resolved,20.37,Walk-in,Code Enforcement,4.4,2025-06,2025Q2,1
RVA-14226,2024-07-24,East End,Road & Sidewalk,Crosswalk Faded,High,Resolved,2.99,Website,Public Utilities,4.1,2024-07,2024Q3,1
RVA-14227,2025-01-09,Scott's Addition,Road & Sidewalk,Street Light Out,Medium,Closed,4.97,Website,Public Utilities,3.6,2025-01,2025Q1,1
RVA-14228,2025-03-26,West End,Public Safety,Traffic Signal Issue,Medium,Closed,20.16,Mobile App,Parks & Rec,1.6,2025-03,2025Q1,1
RVA-14229,2025-09-17,The Fan,Road & Sidewalk,Crosswalk Faded,Low,Resolved,11.57,Mobile App,Transportation,4.7,2025-09,2025Q3,1
RVA-14230,2025-08-17,Northside,Noise & Nuisance,Noise Complaint,Low,Resolved,37.08,Website,Transportation,2.5,2025-08,2025Q3,1
RVA-14231,2024-06-27,Oregon Hill,Road & Sidewalk,Pothole Repair,Medium,In Progress,0.3,Email,Police,4.9,2024-06,2024Q2,0
RVA-14232,2024-07-28,Manchester,Water & Utilities,Water Main Break,Emergency,Resolved,0.07,Website,Parks & Rec,2.6,2024-07,2024Q3,1
RVA-14233,2025-05-14,Short Pump,Public Safety,Unsafe Structure,Low,Closed,6.0,Walk-in,Transportation,1.6,2025-05,2025Q2,1
RVA-14234,2025-04-08,East End,Noise & Nuisance,Abandoned Vehicle,Medium,In Progress,2.43,Phone,Police,4.5,2025-04,2025Q2,0
RVA-14235,2024-05-03,Bon Air,Water & Utilities,Water Main Break,High,Closed,3.05,Mobile App,Transportation,4.2,2024-05,2024Q2,1
RVA-14236,2024-04-22,Ginter Park,Noise & Nuisance,Animal Control,Low,Closed,1.75,Website,Public Utilities,4.1,2024-04,2024Q2,1
RVA-14237,2024-01-12,West End,Sanitation,Illegal Dumping,High,Closed,7.47,Website,Police,1.4,2024-01,2024Q1,1
RVA-14238,2024-05-05,Museum District,Road & Sidewalk,Street Light Out,Medium,In Progress,1.89,Website,Transportation,4.5,2024-05,2024Q2,0
RVA-14239,2025-07-18,Oregon Hill,Public Safety,Traffic Signal Issue,Medium,Resolved,2.8,Email,Police,3.4,2025-07,2025Q3,1
RVA-14240,2024-11-26,The Fan,Sanitation,Overflowing Bin,Medium,Open,1.61,Phone,Police,2.9,2024-11,2024Q4,0
RVA-14241,2024-10-09,Oregon Hill,Parks & Public Spaces,Tree Hazard,Medium,Closed,4.33,Mobile App,Transportation,4.7,2024-10,2024Q4,1
RVA-14242,2024-05-19,Ginter Park,Sanitation,Bulk Pickup Request,Medium,Resolved,0.3,Email,Police,3.7,2024-05,2024Q2,1
RVA-14243,2025-02-04,Oregon Hill,Parks & Public Spaces,Tree Hazard,High,In Progress,0.32,Mobile App,Public Works,1.5,2025-02,2025Q1,0
RVA-14244,2024-04-06,Museum District,Sanitation,Missed Trash Pickup,High,Closed,2.74,Website,Public Works,3.1,2024-04,2024Q2,1
RVA-14245,2025-05-31,Scott's Addition,Sanitation,Overflowing Bin,High,Resolved,0.41,Walk-in,Transportation,3.5,2025-05,2025Q2,1
RVA-14246,2025-07-22,Scott's Addition,Water & Utilities,Sewer Problem,High,In Progress,0.54,Mobile App,Public Works,4.6,2025-07,2025Q3,0
RVA-14247,2024-03-09,The Fan,Public Safety,Missing Sign,Medium,Resolved,7.87,Walk-in,Public Works,2.1,2024-03,2024Q1,1
RVA-14248,2024-04-27,Northside,Public Safety,Unsafe Structure,Medium,In Progress,0.49,Mobile App,Parks & Rec,4.2,2024-04,2024Q2,0
RVA-14249,2024-02-28,Museum District,Public Safety,Missing Sign,Medium,Resolved,2.88,Website,Code Enforcement,4.2,2024-02,2024Q1,1
RVA-14250,2024-02-02,Northside,Water & Utilities,Sewer Problem,High,Resolved,0.05,Mobile App,Transportation,1.5,2024-02,2024Q1,1
RVA-14251,2024-11-13,Northside,Public Safety,Missing Sign,Medium,Closed,2.13,Website,Police,1.1,2024-11,2024Q4,1
RVA-14252,2024-02-19,Highland Park,Road & Sidewalk,Crosswalk Faded,Medium,Closed,6.0,Website,Parks & Rec,3.3,2024-02,2024Q1,1
RVA-14253,2025-05-03,Highland Park,Noise & Nuisance,Property Maintenance,High,Resolved,0.19,Phone,Transportation,4.2,2025-05,2025Q2,1
RVA-14254,2024-01-19,Highland Park,Road & Sidewalk,Pothole Repair,Medium,Closed,10.96,Website,Public Works,3.2,2024-01,2024Q1,1
RVA-14255,2025-12-26,Lakeside,Water & Utilities,Water Main Break,Low,Resolved,24.02,Email,Police,4.3,2025-12,2025Q4,1
RVA-14256,2024-07-15,Oregon Hill,Water & Utilities,Water Main Break,Medium,Resolved,0.55,Website,Code Enforcement,3.5,2024-07,2024Q3,1
RVA-14257,2025-03-25,Bon Air,Water & Utilities,Hydrant Issue,Medium,Closed,23.41,Email,Transportation,3.6,2025-03,2025Q1,1
RVA-14258,2025-07-12,The Fan,Public Safety,Hazardous Condition,High,Closed,0.71,Phone,Police,1.1,2025-07,2025Q3,1
RVA-14259,2025-11-09,Shockoe Bottom,Sanitation,Bulk Pickup Request,Emergency,Resolved,0.04,Phone,Public Utilities,1.4,2025-11,2025Q4,1
RVA-14260,2025-03-27,Museum District,Sanitation,Overflowing Bin,Medium,Resolved,0.03,Mobile App,Public Utilities,3.9,2025-03,2025Q1,1
RVA-14261,2024-10-15,Northside,Sanitation,Overflowing Bin,Medium,Closed,2.63,Email,Transportation,4.1,2024-10,2024Q4,1
RVA-14262,2024-05-20,The Fan,Noise & Nuisance,Animal Control,High,Resolved,1.99,Mobile App,Parks & Rec,3.2,2024-05,2024Q2,1
RVA-14263,2024-03-24,West End,Water & Utilities,Storm Drain Blocked,Low,Closed,4.04,Phone,Code Enforcement,3.4,2024-03,2024Q1,1
RVA-14264,2025-11-24,Northside,Road & Sidewalk,Sidewalk Damage,Medium,In Progress,9.06,Mobile App,Parks & Rec,3.5,2025-11,2025Q4,0
RVA-14265,2025-01-25,Museum District,Public Safety,Hazardous Condition,Emergency,Closed,0.63,Phone,Police,1.4,2025-01,2025Q1,1
RVA-14266,2025-08-13,Museum District,Parks & Public Spaces,Park Maintenance,High,Resolved,0.86,Email,Code Enforcement,3.7,2025-08,2025Q3,1
RVA-14267,2024-08-02,Short Pump,Noise & Nuisance,Abandoned Vehicle,Low,In Progress,13.25,Phone,Transportation,2.9,2024-08,2024Q3,0
RVA-14268,2025-06-09,Shockoe Bottom,Water & Utilities,Storm Drain Blocked,Low,Resolved,28.22,Email,Parks & Rec,3.4,2025-06,2025Q2,1
RVA-14269,2024-08-02,Carytown,Noise & Nuisance,Noise Complaint,High,Resolved,0.2,Phone,Police,3.3,2024-08,2024Q3,1
RVA-14270,2025-02-06,Scott's Addition,Sanitation,Bulk Pickup Request,High,Closed,0.73,Walk-in,Public Works,4.1,2025-02,2025Q1,1
RVA-14271,2024-05-07,West End,Noise & Nuisance,Property Maintenance,High,Resolved,1.24,Phone,Police,2.3,2024-05,2024Q2,1
RVA-14272,2025-04-21,Northside,Noise & Nuisance,Animal Control,Medium,Closed,3.45,Mobile App,Parks & Rec,2.5,2025-04,2025Q2,1
RVA-14273,2025-02-07,Museum District,Sanitation,Illegal Dumping,Emergency,Resolved,0.39,Phone,Transportation,2.6,2025-02,2025Q1,1
RVA-14274,2024-01-29,Northside,Public Safety,Unsafe Structure,Medium,Resolved,1.79,Phone,Transportation,4.0,2024-01,2024Q1,1
RVA-14275,2024-12-03,Northside,Road & Sidewalk,Sidewalk Damage,High,Resolved,2.2,Mobile App,Code Enforcement,2.7,2024-12,2024Q4,1
RVA-14276,2025-12-14,Manchester,Water & Utilities,Water Main Break,Medium,Resolved,5.18,Mobile App,Code Enforcement,1.7,2025-12,2025Q4,1
RVA-14277,2024-12-26,Carytown,Sanitation,Overflowing Bin,Low,Closed,8.62,Mobile App,Public Works,4.9,2024-12,2024Q4,1
RVA-14278,2025-07-22,Bon Air,Public Safety,Missing Sign,Emergency,Resolved,0.06,Mobile App,Parks & Rec,3.0,2025-07,2025Q3,1
RVA-14279,2025-01-26,Northside,Public Safety,Traffic Signal Issue,Low,Closed,6.48,Website,Transportation,1.4,2025-01,2025Q1,1
RVA-14280,2024-08-05,West End,Sanitation,Missed Trash Pickup,Medium,Closed,2.2,Phone,Transportation,3.7,2024-08,2024Q3,1
RVA-14281,2025-07-27,Museum District,Public Safety,Traffic Signal Issue,High,Closed,1.35,Website,Public Works,4.0,2025-07,2025Q3,1
RVA-14282,2025-10-30,Highland Park,Noise & Nuisance,Animal Control,Medium,In Progress,12.75,Email,Public Utilities,3.0,2025-10,2025Q4,0
RVA-14283,2024-07-20,Northside,Public Safety,Hazardous Condition,High,Open,1.31,Phone,Transportation,3.6,2024-07,2024Q3,0
RVA-14284,2024-01-17,The Fan,Water & Utilities,Water Main Break,Medium,Resolved,0.07,Phone,Police,1.7,2024-01,2024Q1,1
RVA-14285,2024-11-17,Fulton,Public Safety,Missing Sign,Medium,In Progress,2.89,Mobile App,Public Utilities,2.5,2024-11,2024Q4,0
RVA-14286,2025-06-01,Manchester,Public Safety,Unsafe Structure,Emergency,Resolved,0.86,Phone,Public Utilities,1.6,2025-06,2025Q2,1
RVA-14287,2025-07-23,Church Hill,Road & Sidewalk,Street Light Out,Low,Resolved,15.14,Website,Public Works,2.5,2025-07,2025Q3,1
RVA-14288,2024-11-20,The Fan,Noise & Nuisance,Noise Complaint,High,Resolved,1.44,Mobile App,Public Works,3.3,2024-11,2024Q4,1
RVA-14289,2025-02-15,West End,Parks & Public Spaces,Graffiti Removal,Low,Closed,2.87,Mobile App,Police,2.8,2025-02,2025Q1,1
RVA-14290,2024-11-13,West End,Water & Utilities,Sewer Problem,High,Closed,1.25,Phone,Public Works,3.4,2024-11,2024Q4,1
RVA-14291,2025-11-11,West End,Water & Utilities,Storm Drain Blocked,Low,Closed,8.29,Walk-in,Public Works,3.0,2025-11,2025Q4,1
RVA-14292,2024-03-22,Bon Air,Parks & Public Spaces,Graffiti Removal,Medium,In Progress,44.8,Website,Public Works,2.3,2024-03,2024Q1,0
RVA-14293,2025-04-18,Oregon Hill,Road & Sidewalk,Sidewalk Damage,High,Resolved,2.07,Email,Transportation,1.6,2025-04,2025Q2,1
RVA-14294,2025-04-12,Northside,Public Safety,Hazardous Condition,Medium,Resolved,5.93,Email,Public Works,2.0,2025-04,2025Q2,1
RVA-14295,2025-02-28,Southside,Water & Utilities,Storm Drain Blocked,High,In Progress,1.35,Mobile App,Public Works,1.8,2025-02,2025Q1,0
RVA-14296,2025-11-19,Bon Air,Noise & Nuisance,Property Maintenance,High,Resolved,0.88,Mobile App,Public Utilities,3.8,2025-11,2025Q4,1
RVA-14297,2024-07-22,Manchester,Parks & Public Spaces,Playground Repair,High,Resolved,3.35,Phone,Public Utilities,4.3,2024-07,2024Q3,1
RVA-14298,2025-08-05,Bon Air,Sanitation,Missed Trash Pickup,Emergency,Resolved,0.34,Phone,Police,3.9,2025-08,2025Q3,1
RVA-14299,2025-01-21,Church Hill,Road & Sidewalk,Sidewalk Damage,Medium,Closed,26.19,Phone,Code Enforcement,3.6,2025-01,2025Q1,1
RVA-14300,2024-04-07,Highland Park,Noise & Nuisance,Animal Control,Low,Closed,6.11,Mobile App,Police,2.2,2024-04,2024Q2,1
RVA-14301,2024-12-10,Southside,Noise & Nuisance,Property Maintenance,Low,Open,0.7,Mobile App,Transportation,3.8,2024-12,2024Q4,0
RVA-14302,2024-07-26,Highland Park,Water & Utilities,Storm Drain Blocked,Low,Resolved,11.48,Mobile App,Transportation,3.4,2024-07,2024Q3,1
RVA-14303,2025-05-28,The Fan,Noise & Nuisance,Property Maintenance,Low,Closed,0.48,Walk-in,Transportation,1.2,2025-05,2025Q2,1
RVA-14304,2025-09-27,The Fan,Parks & Public Spaces,Graffiti Removal,Medium,Resolved,1.44,Email,Parks & Rec,4.6,2025-09,2025Q3,1
RVA-14305,2025-08-08,The Fan,Road & Sidewalk,Street Light Out,Low,Resolved,4.37,Mobile App,Police,1.3,2025-08,2025Q3,1
RVA-14306,2024-06-14,Northside,Noise & Nuisance,Noise Complaint,Low,Resolved,13.45,Mobile App,Police,3.0,2024-06,2024Q2,1
RVA-14307,2024-01-22,Northside,Sanitation,Bulk Pickup Request,Low,Resolved,6.82,Mobile App,Public Works,3.1,2024-01,2024Q1,1
RVA-14308,2024-06-02,Bon Air,Road & Sidewalk,Pothole Repair,High,In Progress,0.06,Walk-in,Public Works,4.3,2024-06,2024Q2,0
RVA-14309,2025-03-14,Museum District,Noise & Nuisance,Property Maintenance,Medium,Closed,4.8,Email,Public Works,4.7,2025-03,2025Q1,1
RVA-14310,2024-10-21,The Fan,Parks & Public Spaces,Tree Hazard,Medium,In Progress,2.65,Mobile App,Code Enforcement,4.8,2024-10,2024Q4,0
RVA-14311,2024-08-06,Scott's Addition,Public Safety,Hazardous Condition,High,Resolved,5.1,Mobile App,Transportation,3.3,2024-08,2024Q3,1
RVA-14312,2025-10-30,The Fan,Water & Utilities,Hydrant Issue,Low,Open,6.92,Phone,Public Works,3.7,2025-10,2025Q4,0
RVA-14313,2025-05-09,Highland Park,Water & Utilities,Hydrant Issue,Emergency,Closed,0.62,Phone,Parks & Rec,1.4,2025-05,2025Q2,1
RVA-14314,2024-08-17,Highland Park,Road & Sidewalk,Sidewalk Damage,Medium,Open,1.24,Website,Public Utilities,3.0,2024-08,2024Q3,0
RVA-14315,2024-01-20,Bon Air,Parks & Public Spaces,Graffiti Removal,Low,Resolved,14.31,Phone,Parks & Rec,4.6,2024-01,2024Q1,1
RVA-14316,2025-07-06,Museum District,Road & Sidewalk,Street Light Out,High,Resolved,2.55,Email,Code Enforcement,2.8,2025-07,2025Q3,1
RVA-14317,2024-05-27,The Fan,Road & Sidewalk,Sidewalk Damage,High,Resolved,4.69,Mobile App,Public Works,1.3,2024-05,2024Q2,1
RVA-14318,2024-04-17,Scott's Addition,Public Safety,Unsafe Structure,Medium,Resolved,0.17,Website,Police,1.8,2024-04,2024Q2,1
RVA-14319,2025-02-06,Northside,Parks & Public Spaces,Playground Repair,High,Resolved,1.19,Mobile App,Public Utilities,2.7,2025-02,2025Q1,1
RVA-14320,2025-08-18,Bon Air,Sanitation,Missed Trash Pickup,Low,Closed,11.37,Phone,Transportation,2.0,2025-08,2025Q3,1
RVA-14321,2025-04-27,Carytown,Parks & Public Spaces,Playground Repair,Medium,Closed,0.5,Website,Code Enforcement,2.6,2025-04,2025Q2,1
RVA-14322,2025-01-01,Carytown,Road & Sidewalk,Street Light Out,Low,Resolved,5.29,Email,Parks & Rec,2.3,2025-01,2025Q1,1
RVA-14323,2025-02-17,West End,Noise & Nuisance,Property Maintenance,Low,Open,28.5,Website,Public Works,2.3,2025-02,2025Q1,0
RVA-14324,2024-11-04,East End,Public Safety,Missing Sign,Low,Open,5.73,Website,Code Enforcement,1.4,2024-11,2024Q4,0
RVA-14325,2024-05-13,Scott's Addition,Public Safety,Missing Sign,Emergency,Closed,2.11,Website,Code Enforcement,4.5,2024-05,2024Q2,1
RVA-14326,2025-12-19,Highland Park,Parks & Public Spaces,Playground Repair,Low,Resolved,0.59,Mobile App,Police,3.8,2025-12,2025Q4,1
RVA-14327,2024-10-09,Carytown,Sanitation,Bulk Pickup Request,Medium,Closed,6.33,Website,Transportation,3.5,2024-10,2024Q4,1
RVA-14328,2024-03-13,Bon Air,Public Safety,Missing Sign,Medium,Closed,4.35,Website,Police,3.4,2024-03,2024Q1,1
RVA-14329,2025-04-25,Shockoe Bottom,Water & Utilities,Hydrant Issue,High,Closed,1.39,Phone,Police,2.6,2025-04,2025Q2,1
RVA-14330,2024-12-17,The Fan,Public Safety,Hazardous Condition,Emergency,Closed,1.77,Phone,Transportation,4.3,2024-12,2024Q4,1
RVA-14331,2025-07-13,Manchester,Parks & Public Spaces,Graffiti Removal,High,Closed,0.28,Website,Parks & Rec,4.7,2025-07,2025Q3,1
RVA-14332,2024-11-21,Shockoe Bottom,Road & Sidewalk,Crosswalk Faded,Emergency,Resolved,1.13,Walk-in,Police,1.0,2024-11,2024Q4,1
RVA-14333,2025-03-18,Short Pump,Water & Utilities,Water Main Break,High,Resolved,2.35,Mobile App,Transportation,1.3,2025-03,2025Q1,1
RVA-14334,2024-04-09,West End,Public Safety,Traffic Signal Issue,Emergency,Resolved,0.15,Walk-in,Code Enforcement,3.7,2024-04,2024Q2,1
RVA-14335,2024-02-28,Museum District,Noise & Nuisance,Animal Control,High,Resolved,4.64,Walk-in,Code Enforcement,1.9,2024-02,2024Q1,1
RVA-14336,2025-05-22,East End,Water & Utilities,Storm Drain Blocked,Low,Resolved,5.61,Mobile App,Transportation,4.6,2025-05,2025Q2,1
RVA-14337,2024-09-14,Oregon Hill,Noise & Nuisance,Animal Control,Medium,In Progress,8.42,Website,Code Enforcement,3.7,2024-09,2024Q3,0
RVA-14338,2025-02-16,The Fan,Parks & Public Spaces,Tree Hazard,Medium,Closed,2.46,Mobile App,Public Utilities,2.5,2025-02,2025Q1,1
RVA-14339,2025-03-27,Bon Air,Public Safety,Unsafe Structure,Medium,Resolved,9.52,Mobile App,Public Utilities,2.7,2025-03,2025Q1,1
RVA-14340,2024-03-05,Ginter Park,Sanitation,Overflowing Bin,Medium,Resolved,5.06,Phone,Transportation,3.8,2024-03,2024Q1,1
RVA-14341,2025-08-17,The Fan,Water & Utilities,Water Main Break,Medium,Resolved,0.76,Email,Transportation,1.6,2025-08,2025Q3,1
RVA-14342,2024-06-02,Museum District,Water & Utilities,Hydrant Issue,Emergency,Resolved,0.52,Mobile App,Parks & Rec,4.5,2024-06,2024Q2,1
RVA-14343,2024-09-22,Southside,Sanitation,Illegal Dumping,Low,Resolved,2.12,Walk-in,Transportation,1.0,2024-09,2024Q3,1
RVA-14344,2024-03-19,Shockoe Bottom,Road & Sidewalk,Sidewalk Damage,High,Closed,1.06,Phone,Police,4.9,2024-03,2024Q1,1
RVA-14345,2024-11-10,Northside,Parks & Public Spaces,Tree Hazard,High,Resolved,0.37,Walk-in,Code Enforcement,1.7,2024-11,2024Q4,1
RVA-14346,2025-10-23,Short Pump,Noise & Nuisance,Noise Complaint,Emergency,Resolved,0.01,Walk-in,Police,4.0,2025-10,2025Q4,1
RVA-14347,2025-07-13,Scott's Addition,Water & Utilities,Hydrant Issue,Emergency,Open,0.12,Walk-in,Transportation,1.2,2025-07,2025Q3,0
RVA-14348,2024-09-04,Church Hill,Noise & Nuisance,Abandoned Vehicle,High,Closed,1.54,Website,Code Enforcement,2.7,2024-09,2024Q3,1
RVA-14349,2025-09-01,Highland Park,Public Safety,Traffic Signal Issue,Medium,Resolved,3.28,Walk-in,Public Utilities,3.5,2025-09,2025Q3,1
RVA-14350,2025-02-17,Manchester,Sanitation,Missed Trash Pickup,Low,Closed,6.96,Mobile App,Code Enforcement,1.3,2025-02,2025Q1,1
RVA-14351,2024-01-25,Scott's Addition,Parks & Public Spaces,Park Maintenance,Medium,Resolved,1.42,Mobile App,Parks & Rec,2.8,2024-01,2024Q1,1
RVA-14352,2024-10-10,West End,Water & Utilities,Water Main Break,High,Resolved,2.31,Mobile App,Public Works,2.2,2024-10,2024Q4,1
RVA-14353,2025-03-24,West End,Road & Sidewalk,Pothole Repair,High,Closed,2.44,Website,Code Enforcement,3.0,2025-03,2025Q1,1
RVA-14354,2024-10-27,Scott's Addition,Parks & Public Spaces,Tree Hazard,High,Resolved,0.89,Mobile App,Transportation,3.0,2024-10,2024Q4,1
RVA-14355,2024-03-08,Ginter Park,Sanitation,Missed Trash Pickup,Low,Closed,21.3,Mobile App,Parks & Rec,4.1,2024-03,2024Q1,1
RVA-14356,2024-01-07,West End,Sanitation,Bulk Pickup Request,Medium,Resolved,5.16,Walk-in,Public Utilities,1.5,2024-01,2024Q1,1
RVA-14357,2024-05-16,Manchester,Road & Sidewalk,Street Light Out,Medium,Closed,6.24,Website,Public Utilities,1.3,2024-05,2024Q2,1
RVA-14358,2024-06-12,Museum District,Road & Sidewalk,Sidewalk Damage,Low,Resolved,3.25,Walk-in,Public Works,2.6,2024-06,2024Q2,1
RVA-14359,2024-03-23,West End,Sanitation,Bulk Pickup Request,Low,Closed,0.01,Mobile App,Transportation,4.6,2024-03,2024Q1,1
RVA-14360,2025-10-11,Scott's Addition,Parks & Public Spaces,Playground Repair,Low,Open,20.05,Phone,Police,4.4,2025-10,2025Q4,0
RVA-14361,2025-02-23,Museum District,Road & Sidewalk,Sidewalk Damage,High,Resolved,3.46,Mobile App,Police,3.2,2025-02,2025Q1,1
RVA-14362,2024-03-13,East End,Water & Utilities,Storm Drain Blocked,Medium,Closed,0.66,Mobile App,Code Enforcement,4.6,2024-03,2024Q1,1
RVA-14363,2024-08-24,Short Pump,Road & Sidewalk,Street Light Out,Medium,Closed,2.34,Mobile App,Public Utilities,4.2,2024-08,2024Q3,1
RVA-14364,2024-02-15,Northside,Sanitation,Bulk Pickup Request,Emergency,In Progress,0.54,Phone,Parks & Rec,2.1,2024-02,2024Q1,0
RVA-14365,2025-09-09,Northside,Parks & Public Spaces,Tree Hazard,Medium,Resolved,5.28,Mobile App,Public Works,1.7,2025-09,2025Q3,1
RVA-14366,2024-09-18,Shockoe Bottom,Water & Utilities,Storm Drain Blocked,Low,Resolved,19.69,Phone,Police,2.2,2024-09,2024Q3,1
RVA-14367,2024-06-24,Museum District,Water & Utilities,Sewer Problem,Medium,Resolved,0.76,Phone,Code Enforcement,1.9,2024-06,2024Q2,1
RVA-14368,2024-06-14,Short Pump,Parks & Public Spaces,Playground Repair,Low,Resolved,5.62,Mobile App,Code Enforcement,3.5,2024-06,2024Q2,1
RVA-14369,2025-10-18,Highland Park,Road & Sidewalk,Sidewalk Damage,Low,Resolved,1.02,Website,Public Utilities,3.3,2025-10,2025Q4,1
RVA-14370,2025-01-04,East End,Sanitation,Overflowing Bin,Low,Resolved,4.94,Website,Parks & Rec,3.4,2025-01,2025Q1,1
RVA-14371,2024-02-23,Museum District,Public Safety,Unsafe Structure,Medium,Resolved,0.08,Walk-in,Parks & Rec,1.8,2024-02,2024Q1,1
RVA-14372,2025-11-20,Bon Air,Noise & Nuisance,Abandoned Vehicle,Low,In Progress,22.85,Phone,Police,4.2,2025-11,2025Q4,0
RVA-14373,2025-02-22,Carytown,Road & Sidewalk,Sidewalk Damage,Medium,Closed,3.74,Email,Code Enforcement,2.7,2025-02,2025Q1,1
RVA-14374,2025-05-21,Scott's Addition,Public Safety,Unsafe Structure,High,In Progress,3.79,Email,Public Utilities,2.9,2025-05,2025Q2,0
RVA-14375,2024-12-06,Manchester,Road & Sidewalk,Pothole Repair,Medium,Closed,0.31,Phone,Parks & Rec,5.0,2024-12,2024Q4,1
RVA-14376,2024-05-06,Scott's Addition,Public Safety,Unsafe Structure,Emergency,Resolved,0.13,Phone,Code Enforcement,2.1,2024-05,2024Q2,1
RVA-14377,2025-02-12,Southside,Public Safety,Unsafe Structure,Medium,Resolved,1.5,Mobile App,Parks & Rec,2.6,2025-02,2025Q1,1
RVA-14378,2025-01-01,The Fan,Noise & Nuisance,Noise Complaint,Medium,Resolved,2.44,Website,Public Works,3.7,2025-01,2025Q1,1
RVA-14379,2024-09-27,Shockoe Bottom,Road & Sidewalk,Pothole Repair,High,Resolved,3.25,Phone,Parks & Rec,4.5,2024-09,2024Q3,1
RVA-14380,2025-10-05,Scott's Addition,Public Safety,Unsafe Structure,Low,Closed,4.89,Email,Parks & Rec,1.5,2025-10,2025Q4,1
RVA-14381,2025-08-27,West End,Road & Sidewalk,Street Light Out,Low,Resolved,2.29,Phone,Code Enforcement,3.9,2025-08,2025Q3,1
RVA-14382,2025-01-13,Ginter Park,Noise & Nuisance,Abandoned Vehicle,High,Open,0.13,Email,Parks & Rec,4.7,2025-01,2025Q1,0
RVA-14383,2024-03-13,Highland Park,Public Safety,Unsafe Structure,Medium,Closed,0.41,Walk-in,Parks & Rec,2.7,2024-03,2024Q1,1
RVA-14384,2024-09-04,Shockoe Bottom,Noise & Nuisance,Property Maintenance,High,Closed,2.85,Email,Public Works,2.1,2024-09,2024Q3,1
RVA-14385,2024-02-12,Northside,Road & Sidewalk,Pothole Repair,Emergency,Resolved,0.29,Mobile App,Parks & Rec,3.7,2024-02,2024Q1,1
RVA-14386,2025-01-11,The Fan,Water & Utilities,Sewer Problem,Medium,Resolved,6.48,Mobile App,Parks & Rec,2.0,2025-01,2025Q1,1
RVA-14387,2024-02-10,Manchester,Noise & Nuisance,Animal Control,Medium,Resolved,5.73,Website,Code Enforcement,2.5,2024-02,2024Q1,1
RVA-14388,2024-06-18,Highland Park,Sanitation,Bulk Pickup Request,Medium,Resolved,0.73,Website,Public Utilities,4.6,2024-06,2024Q2,1
RVA-14389,2024-07-30,Museum District,Sanitation,Bulk Pickup Request,Emergency,Open,0.08,Mobile App,Public Works,3.4,2024-07,2024Q3,0
RVA-14390,2025-05-07,Church Hill,Public Safety,Traffic Signal Issue,High,Resolved,2.82,Website,Parks & Rec,1.4,2025-05,2025Q2,1
RVA-14391,2025-11-10,Museum District,Water & Utilities,Sewer Problem,Emergency,Closed,0.64,Phone,Public Utilities,2.3,2025-11,2025Q4,1
RVA-14392,2024-02-08,Shockoe Bottom,Water & Utilities,Storm Drain Blocked,Medium,Open,2.37,Mobile App,Code Enforcement,3.5,2024-02,2024Q1,0
RVA-14393,2025-01-03,Oregon Hill,Sanitation,Illegal Dumping,High,Resolved,0.16,Phone,Public Works,2.9,2025-01,2025Q1,1
RVA-14394,2024-05-30,Museum District,Public Safety,Hazardous Condition,Medium,Closed,0.06,Email,Transportation,3.6,2024-05,2024Q2,1
RVA-14395,2024-04-20,Oregon Hill,Parks & Public Spaces,Graffiti Removal,Low,Resolved,3.4,Phone,Code Enforcement,4.0,2024-04,2024Q2,1
RVA-14396,2025-04-24,Bon Air,Water & Utilities,Storm Drain Blocked,Emergency,In Progress,0.0,Website,Public Utilities,2.9,2025-04,2025Q2,0
RVA-14397,2025-03-11,Northside,Road & Sidewalk,Sidewalk Damage,Low,Closed,2.61,Mobile App,Public Works,4.9,2025-03,2025Q1,1
RVA-14398,2024-02-16,Ginter Park,Water & Utilities,Hydrant Issue,Emergency,Resolved,0.27,Website,Parks & Rec,4.7,2024-02,2024Q1,1
RVA-14399,2025-07-28,Highland Park,Road & Sidewalk,Sidewalk Damage,Low,In Progress,1.29,Email,Public Utilities,1.2,2025-07,2025Q3,0
RVA-14400,2024-12-31,East End,Water & Utilities,Sewer Problem,High,Resolved,0.22,Phone,Code Enforcement,2.1,2024-12,2024Q4,1
RVA-14401,2024-03-09,Museum District,Road & Sidewalk,Street Light Out,Medium,Resolved,11.34,Mobile App,Public Works,2.2,2024-03,2024Q1,1
RVA-14402,2024-10-25,The Fan,Water & Utilities,Sewer Problem,Medium,Closed,4.4,Website,Public Utilities,1.7,2024-10,2024Q4,1
RVA-14403,2024-10-22,Northside,Road & Sidewalk,Pothole Repair,Low,Resolved,27.25,Email,Transportation,2.2,2024-10,2024Q4,1
RVA-14404,2024-07-21,Oregon Hill,Water & Utilities,Water Main Break,Medium,Resolved,2.12,Mobile App,Public Utilities,2.7,2024-07,2024Q3,1
RVA-14405,2024-03-01,Carytown,Noise & Nuisance,Property Maintenance,Medium,Resolved,5.65,Phone,Code Enforcement,1.2,2024-03,2024Q1,1
RVA-14406,2024-11-09,Museum District,Water & Utilities,Water Main Break,High,Closed,0.46,Mobile App,Code Enforcement,1.5,2024-11,2024Q4,1
RVA-14407,2024-06-09,West End,Water & Utilities,Hydrant Issue,Low,In Progress,9.63,Phone,Parks & Rec,1.4,2024-06,2024Q2,0
RVA-14408,2024-11-26,Bon Air,Water & Utilities,Storm Drain Blocked,Low,Resolved,1.39,Phone,Parks & Rec,1.2,2024-11,2024Q4,1
RVA-14409,2025-06-11,Oregon Hill,Water & Utilities,Storm Drain Blocked,Low,Closed,0.02,Email,Public Utilities,2.9,2025-06,2025Q2,1
RVA-14410,2024-12-03,Short Pump,Noise & Nuisance,Noise Complaint,Medium,Closed,13.41,Phone,Code Enforcement,2.3,2024-12,2024Q4,1
RVA-14411,2025-08-28,Ginter Park,Water & Utilities,Sewer Problem,High,In Progress,1.62,Phone,Public Utilities,4.7,2025-08,2025Q3,0
RVA-14412,2024-10-30,Manchester,Sanitation,Overflowing Bin,High,In Progress,5.23,Walk-in,Police,1.4,2024-10,2024Q4,0
RVA-14413,2025-05-17,Church Hill,Public Safety,Traffic Signal Issue,Low,Resolved,4.06,Mobile App,Transportation,4.7,2025-05,2025Q2,1
RVA-14414,2025-10-11,Scott's Addition,Sanitation,Bulk Pickup Request,Medium,Open,1.99,Website,Code Enforcement,1.3,2025-10,2025Q4,0
RVA-14415,2024-12-03,Bon Air,Road & Sidewalk,Sidewalk Damage,High,Closed,1.02,Website,Police,3.5,2024-12,2024Q4,1
RVA-14416,2025-07-03,Shockoe Bottom,Road & Sidewalk,Sidewalk Damage,Medium,Open,6.12,Mobile App,Police,2.0,2025-07,2025Q3,0
RVA-14417,2025-09-30,Manchester,Parks & Public Spaces,Playground Repair,Medium,Open,4.17,Mobile App,Code Enforcement,4.3,2025-09,2025Q3,0
RVA-14418,2024-10-01,Museum District,Parks & Public Spaces,Playground Repair,Medium,Resolved,12.98,Phone,Parks & Rec,1.2,2024-10,2024Q4,1
RVA-14419,2024-06-12,Ginter Park,Parks & Public Spaces,Park Maintenance,Low,Closed,0.26,Phone,Public Utilities,4.8,2024-06,2024Q2,1
RVA-14420,2025-03-18,Bon Air,Public Safety,Unsafe Structure,Low,Resolved,12.32,Mobile App,Public Works,1.2,2025-03,2025Q1,1
RVA-14421,2024-11-14,Museum District,Water & Utilities,Hydrant Issue,Low,Resolved,4.01,Email,Public Works,2.0,2024-11,2024Q4,1
RVA-14422,2025-08-11,Bon Air,Noise & Nuisance,Property Maintenance,Medium,Closed,0.99,Phone,Transportation,2.9,2025-08,2025Q3,1
RVA-14423,2025-05-18,Shockoe Bottom,Sanitation,Missed Trash Pickup,Low,Resolved,7.14,Walk-in,Code Enforcement,4.0,2025-05,2025Q2,1
RVA-14424,2025-11-16,Shockoe Bottom,Noise & Nuisance,Abandoned Vehicle,Low,Resolved,7.03,Mobile App,Parks & Rec,4.8,2025-11,2025Q4,1
RVA-14425,2025-01-21,Bon Air,Water & Utilities,Hydrant Issue,Medium,Resolved,0.74,Email,Parks & Rec,2.7,2025-01,2025Q1,1
RVA-14426,2025-08-25,Short Pump,Water & Utilities,Water Main Break,Low,In Progress,2.26,Website,Parks & Rec,4.0,2025-08,2025Q3,0
RVA-14427,2025-11-21,Shockoe Bottom,Sanitation,Illegal Dumping,Low,Resolved,5.25,Walk-in,Public Works,3.9,2025-11,2025Q4,1
RVA-14428,2025-05-08,Museum District,Sanitation,Missed Trash Pickup,Emergency,Resolved,0.26,Phone,Police,3.3,2025-05,2025Q2,1
RVA-14429,2025-05-04,Highland Park,Sanitation,Illegal Dumping,Low,Resolved,3.82,Phone,Transportation,3.8,2025-05,2025Q2,1
RVA-14430,2025-12-21,Ginter Park,Water & Utilities,Hydrant Issue,High,In Progress,0.32,Phone,Public Works,1.2,2025-12,2025Q4,0
RVA-14431,2024-03-13,Ginter Park,Parks & Public Spaces,Tree Hazard,Medium,Resolved,0.02,Website,Parks & Rec,2.8,2024-03,2024Q1,1
RVA-14432,2025-05-23,Northside,Sanitation,Illegal Dumping,High,Resolved,7.03,Walk-in,Public Works,4.1,2025-05,2025Q2,1
RVA-14433,2025-01-24,Ginter Park,Noise & Nuisance,Abandoned Vehicle,Medium,Open,14.37,Mobile App,Public Works,2.9,2025-01,2025Q1,0
RVA-14434,2025-09-10,Short Pump,Parks & Public Spaces,Park Maintenance,Low,In Progress,6.61,Email,Transportation,4.5,2025-09,2025Q3,0
RVA-14435,2024-10-21,Northside,Noise & Nuisance,Animal Control,High,Closed,10.62,Email,Public Utilities,4.3,2024-10,2024Q4,1
RVA-14436,2025-01-03,Highland Park,Parks & Public Spaces,Graffiti Removal,Medium,Resolved,5.6,Phone,Code Enforcement,4.5,2025-01,2025Q1,1
RVA-14437,2025-11-24,Museum District,Water & Utilities,Storm Drain Blocked,High,Open,0.14,Mobile App,Police,1.5,2025-11,2025Q4,0
RVA-14438,2025-07-02,The Fan,Road & Sidewalk,Sidewalk Damage,Medium,Closed,0.63,Walk-in,Public Utilities,2.0,2025-07,2025Q3,1
RVA-14439,2025-10-10,Oregon Hill,Water & Utilities,Water Main Break,Emergency,Open,1.24,Phone,Code Enforcement,1.1,2025-10,2025Q4,0
RVA-14440,2025-07-21,Southside,Water & Utilities,Storm Drain Blocked,High,Closed,1.99,Walk-in,Parks & Rec,4.9,2025-07,2025Q3,1
RVA-14441,2024-07-05,Shockoe Bottom,Public Safety,Traffic Signal Issue,Emergency,Closed,0.93,Walk-in,Transportation,1.9,2024-07,2024Q3,1
RVA-14442,2025-03-20,Church Hill,Public Safety,Traffic Signal Issue,Medium,Closed,11.43,Mobile App,Transportation,2.5,2025-03,2025Q1,1
RVA-14443,2025-07-23,Scott's Addition,Parks & Public Spaces,Park Maintenance,Medium,Closed,2.97,Website,Public Utilities,2.1,2025-07,2025Q3,1
RVA-14444,2024-12-28,The Fan,Parks & Public Spaces,Playground Repair,High,In Progress,0.1,Phone,Code Enforcement,1.2,2024-12,2024Q4,0
RVA-14445,2024-05-02,West End,Noise & Nuisance,Property Maintenance,High,Closed,0.42,Email,Transportation,2.0,2024-05,2024Q2,1
RVA-14446,2024-07-06,Scott's Addition,Public Safety,Missing Sign,Emergency,In Progress,0.03,Mobile App,Public Utilities,1.4,2024-07,2024Q3,0
RVA-14447,2025-11-10,Carytown,Public Safety,Unsafe Structure,Medium,Resolved,1.05,Mobile App,Transportation,2.6,2025-11,2025Q4,1
RVA-14448,2025-02-23,West End,Road & Sidewalk,Pothole Repair,High,Closed,1.06,Walk-in,Public Works,4.9,2025-02,2025Q1,1
RVA-14449,2025-09-17,Ginter Park,Public Safety,Unsafe Structure,Low,Resolved,1.26,Mobile App,Public Works,3.8,2025-09,2025Q3,1
RVA-14450,2024-09-08,The Fan,Sanitation,Illegal Dumping,Medium,Closed,0.91,Website,Public Utilities,3.8,2024-09,2024Q3,1
RVA-14451,2025-09-10,Scott's Addition,Road & Sidewalk,Pothole Repair,Low,In Progress,5.9,Mobile App,Public Utilities,2.8,2025-09,2025Q3,0
RVA-14452,2025-07-02,Bon Air,Noise & Nuisance,Animal Control,Medium,Resolved,2.08,Phone,Police,4.2,2025-07,2025Q3,1
RVA-14453,2024-11-30,Oregon Hill,Water & Utilities,Storm Drain Blocked,Emergency,Open,0.32,Website,Parks & Rec,4.6,2024-11,2024Q4,0
RVA-14454,2024-04-01,Bon Air,Water & Utilities,Hydrant Issue,Low,Resolved,5.61,Phone,Public Works,4.8,2024-04,2024Q2,1
RVA-14455,2025-06-13,Scott's Addition,Noise & Nuisance,Property Maintenance,Medium,Open,5.17,Email,Transportation,1.4,2025-06,2025Q2,0
RVA-14456,2024-03-03,Scott's Addition,Noise & Nuisance,Noise Complaint,Medium,In Progress,13.84,Mobile App,Public Utilities,4.5,2024-03,2024Q1,0
RVA-14457,2025-10-23,Scott's Addition,Sanitation,Missed Trash Pickup,Low,Resolved,1.14,Phone,Code Enforcement,1.9,2025-10,2025Q4,1
RVA-14458,2025-05-26,The Fan,Noise & Nuisance,Abandoned Vehicle,Medium,Closed,0.52,Phone,Transportation,2.6,2025-05,2025Q2,1
RVA-14459,2024-05-18,Bon Air,Parks & Public Spaces,Playground Repair,Medium,In Progress,9.58,Website,Parks & Rec,2.4,2024-05,2024Q2,0
RVA-14460,2025-11-28,Bon Air,Parks & Public Spaces,Park Maintenance,Low,Closed,7.06,Phone,Code Enforcement,3.7,2025-11,2025Q4,1
RVA-14461,2024-07-03,Bon Air,Sanitation,Overflowing Bin,High,In Progress,2.91,Mobile App,Transportation,3.4,2024-07,2024Q3,0
RVA-14462,2024-07-23,Ginter Park,Sanitation,Overflowing Bin,Emergency,Open,0.12,Email,Parks & Rec,1.4,2024-07,2024Q3,0
RVA-14463,2024-08-01,Ginter Park,Noise & Nuisance,Abandoned Vehicle,Low,Resolved,17.65,Phone,Code Enforcement,4.1,2024-08,2024Q3,1
RVA-14464,2024-09-12,East End,Noise & Nuisance,Abandoned Vehicle,Low,Closed,25.75,Mobile App,Public Works,2.8,2024-09,2024Q3,1
RVA-14465,2024-05-14,Ginter Park,Public Safety,Missing Sign,Medium,In Progress,5.05,Phone,Public Utilities,1.0,2024-05,2024Q2,0
RVA-14466,2025-07-26,Scott's Addition,Parks & Public Spaces,Park Maintenance,High,In Progress,0.22,Mobile App,Transportation,2.7,2025-07,2025Q3,0
RVA-14467,2024-03-28,Oregon Hill,Public Safety,Missing Sign,Medium,Closed,11.28,Mobile App,Public Utilities,3.1,2024-03,2024Q1,1
RVA-14468,2024-07-25,Southside,Water & Utilities,Storm Drain Blocked,Low,Resolved,15.73,Mobile App,Police,1.3,2024-07,2024Q3,1
RVA-14469,2024-05-08,Ginter Park,Parks & Public Spaces,Playground Repair,Medium,Closed,6.95,Mobile App,Transportation,1.6,2024-05,2024Q2,1
RVA-14470,2024-01-03,East End,Noise & Nuisance,Property Maintenance,Emergency,Resolved,0.02,Mobile App,Public Utilities,5.0,2024-01,2024Q1,1
RVA-14471,2024-04-30,Ginter Park,Public Safety,Hazardous Condition,Medium,Resolved,8.02,Phone,Transportation,4.5,2024-04,2024Q2,1
RVA-14472,2025-01-19,Museum District,Parks & Public Spaces,Park Maintenance,Medium,Resolved,0.74,Website,Public Works,1.5,2025-01,2025Q1,1
RVA-14473,2025-09-05,West End,Public Safety,Hazardous Condition,Emergency,Resolved,0.13,Website,Parks & Rec,3.3,2025-09,2025Q3,1
RVA-14474,2024-02-07,Bon Air,Public Safety,Traffic Signal Issue,High,Closed,1.72,Mobile App,Parks & Rec,2.5,2024-02,2024Q1,1
RVA-14475,2024-12-06,Shockoe Bottom,Water & Utilities,Storm Drain Blocked,High,Closed,0.62,Email,Public Utilities,3.2,2024-12,2024Q4,1
RVA-14476,2025-10-06,Bon Air,Road & Sidewalk,Sidewalk Damage,Medium,Resolved,5.41,Walk-in,Code Enforcement,2.9,2025-10,2025Q4,1
RVA-14477,2025-12-14,Short Pump,Water & Utilities,Storm Drain Blocked,Emergency,Closed,0.47,Email,Public Utilities,1.2,2025-12,2025Q4,1
RVA-14478,2024-01-21,Southside,Road & Sidewalk,Sidewalk Damage,High,Resolved,0.23,Phone,Transportation,2.3,2024-01,2024Q1,1
RVA-14479,2024-08-29,Woodland Heights,Sanitation,Bulk Pickup Request,High,Resolved,2.13,Website,Parks & Rec,1.5,2024-08,2024Q3,1
RVA-14480,2025-03-30,Museum District,Road & Sidewalk,Street Light Out,High,Resolved,5.15,Mobile App,Transportation,3.0,2025-03,2025Q1,1
RVA-14481,2025-09-12,Museum District,Parks & Public Spaces,Graffiti Removal,High,Resolved,0.35,Walk-in,Police,4.6,2025-09,2025Q3,1
RVA-14482,2024-10-29,Short Pump,Public Safety,Traffic Signal Issue,Medium,Open,4.54,Mobile App,Parks & Rec,5.0,2024-10,2024Q4,0
RVA-14483,2025-08-18,The Fan,Parks & Public Spaces,Playground Repair,Medium,Resolved,2.09,Mobile App,Code Enforcement,4.8,2025-08,2025Q3,1
RVA-14484,2025-08-17,Museum District,Parks & Public Spaces,Graffiti Removal,High,Resolved,1.23,Phone,Code Enforcement,4.9,2025-08,2025Q3,1
RVA-14485,2024-03-09,Scott's Addition,Water & Utilities,Hydrant Issue,Medium,Closed,1.69,Phone,Police,1.1,2024-03,2024Q1,1
RVA-14486,2024-05-08,Bon Air,Noise & Nuisance,Abandoned Vehicle,Medium,Closed,2.19,Phone,Transportation,3.9,2024-05,2024Q2,1
RVA-14487,2024-07-14,The Fan,Parks & Public Spaces,Playground Repair,Low,Resolved,0.29,Mobile App,Transportation,2.1,2024-07,2024Q3,1
RVA-14488,2024-05-19,Museum District,Water & Utilities,Water Main Break,High,Open,7.99,Phone,Transportation,4.5,2024-05,2024Q2,0
RVA-14489,2025-03-19,Bon Air,Road & Sidewalk,Crosswalk Faded,Low,Resolved,9.8,Email,Code Enforcement,4.3,2025-03,2025Q1,1
RVA-14490,2024-10-09,Bon Air,Water & Utilities,Water Main Break,High,Closed,1.39,Walk-in,Public Utilities,2.7,2024-10,2024Q4,1
RVA-14491,2024-11-07,West End,Public Safety,Traffic Signal Issue,Medium,Resolved,2.42,Phone,Public Utilities,2.9,2024-11,2024Q4,1
RVA-14492,2025-06-18,Northside,Public Safety,Unsafe Structure,Low,Resolved,7.75,Phone,Parks & Rec,2.1,2025-06,2025Q2,1
RVA-14493,2025-10-26,Scott's Addition,Public Safety,Traffic Signal Issue,Medium,Closed,2.39,Mobile App,Public Works,2.2,2025-10,2025Q4,1
RVA-14494,2024-10-03,Oregon Hill,Sanitation,Bulk Pickup Request,Medium,Resolved,2.23,Mobile App,Public Utilities,4.9,2024-10,2024Q4,1
RVA-14495,2024-03-01,Carytown,Sanitation,Illegal Dumping,Medium,Resolved,3.12,Mobile App,Public Utilities,4.6,2024-03,2024Q1,1
RVA-14496,2024-11-14,Highland Park,Noise & Nuisance,Abandoned Vehicle,Medium,Resolved,1.61,Phone,Transportation,1.8,2024-11,2024Q4,1
RVA-14497,2024-02-21,Manchester,Parks & Public Spaces,Playground Repair,Low,Resolved,1.99,Website,Transportation,2.1,2024-02,2024Q1,1
RVA-14498,2024-06-01,East End,Noise & Nuisance,Property Maintenance,Emergency,Closed,0.41,Phone,Police,1.4,2024-06,2024Q2,1
RVA-14499,2024-11-06,Oregon Hill,Noise & Nuisance,Animal Control,Low,Resolved,18.5,Mobile App,Public Utilities,5.0,2024-11,2024Q4,1
RVA-14500,2025-06-27,Museum District,Water & Utilities,Water Main Break,High,Resolved,0.33,Phone,Parks & Rec,4.6,2025-06,2025Q2,1
RVA-14501,2025-07-20,Northside,Noise & Nuisance,Abandoned Vehicle,Medium,Resolved,0.17,Mobile App,Transportation,3.2,2025-07,2025Q3,1
RVA-14502,2025-01-23,Highland Park,Sanitation,Bulk Pickup Request,Medium,Resolved,1.42,Website,Police,3.8,2025-01,2025Q1,1
RVA-14503,2025-07-01,Scott's Addition,Sanitation,Illegal Dumping,Medium,Resolved,19.49,Mobile App,Public Utilities,4.0,2025-07,2025Q3,1
RVA-14504,2025-09-13,Oregon Hill,Parks & Public Spaces,Tree Hazard,High,In Progress,3.53,Phone,Parks & Rec,1.8,2025-09,2025Q3,0
RVA-14505,2024-06-25,Carytown,Parks & Public Spaces,Park Maintenance,High,Resolved,1.81,Website,Police,4.7,2024-06,2024Q2,1
RVA-14506,2024-12-27,The Fan,Noise & Nuisance,Property Maintenance,High,Resolved,5.3,Mobile App,Public Works,3.1,2024-12,2024Q4,1
RVA-14507,2024-11-09,Northside,Public Safety,Missing Sign,Low,Open,5.89,Mobile App,Transportation,1.4,2024-11,2024Q4,0
RVA-14508,2024-04-06,Shockoe Bottom,Public Safety,Traffic Signal Issue,High,Resolved,8.18,Phone,Parks & Rec,2.6,2024-04,2024Q2,1
RVA-14509,2024-07-31,The Fan,Sanitation,Missed Trash Pickup,Medium,Closed,1.76,Mobile App,Public Utilities,3.4,2024-07,2024Q3,1
RVA-14510,2024-05-16,Bon Air,Parks & Public Spaces,Park Maintenance,Low,Resolved,2.75,Phone,Police,2.4,2024-05,2024Q2,1
RVA-14511,2024-01-06,Short Pump,Road & Sidewalk,Street Light Out,Medium,Closed,5.08,Website,Public Works,3.8,2024-01,2024Q1,1
RVA-14512,2024-04-18,Carytown,Sanitation,Overflowing Bin,Medium,In Progress,2.38,Mobile App,Parks & Rec,4.5,2024-04,2024Q2,0
RVA-14513,2025-06-30,The Fan,Water & Utilities,Storm Drain Blocked,Medium,Closed,4.92,Phone,Public Works,4.1,2025-06,2025Q2,1
RVA-14514,2024-02-08,Carytown,Sanitation,Illegal Dumping,High,In Progress,0.73,Email,Parks & Rec,3.6,2024-02,2024Q1,0
RVA-14515,2025-10-23,Museum District,Noise & Nuisance,Noise Complaint,Medium,Resolved,4.81,Phone,Public Utilities,3.0,2025-10,2025Q4,1
RVA-14516,2025-02-28,East End,Public Safety,Missing Sign,Medium,Resolved,1.61,Email,Parks & Rec,2.0,2025-02,2025Q1,1
RVA-14517,2025-09-21,Southside,Sanitation,Illegal Dumping,Low,Resolved,0.52,Mobile App,Public Utilities,2.8,2025-09,2025Q3,1
RVA-14518,2024-09-17,Church Hill,Noise & Nuisance,Animal Control,High,Closed,4.86,Website,Parks & Rec,2.2,2024-09,2024Q3,1
RVA-14519,2025-03-01,Southside,Parks & Public Spaces,Playground Repair,Medium,Resolved,10.74,Website,Police,4.7,2025-03,2025Q1,1
RVA-14520,2024-03-27,Jackson Ward,Sanitation,Illegal Dumping,Medium,Resolved,17.67,Walk-in,Parks & Rec,4.6,2024-03,2024Q1,1
RVA-14521,2025-04-09,Museum District,Parks & Public Spaces,Playground Repair,High,Closed,2.52,Mobile App,Parks & Rec,1.6,2025-04,2025Q2,1
RVA-14522,2024-03-16,Highland Park,Water & Utilities,Hydrant Issue,Medium,Resolved,5.74,Mobile App,Code Enforcement,4.3,2024-03,2024Q1,1
RVA-14523,2025-04-15,Manchester,Water & Utilities,Hydrant Issue,Medium,Resolved,4.09,Mobile App,Code Enforcement,3.8,2025-04,2025Q2,1
RVA-14524,2025-02-17,Church Hill,Noise & Nuisance,Property Maintenance,Medium,In Progress,0.67,Email,Parks & Rec,4.9,2025-02,2025Q1,0
RVA-14525,2025-12-26,Ginter Park,Road & Sidewalk,Crosswalk Faded,Medium,Resolved,1.05,Phone,Code Enforcement,2.9,2025-12,2025Q4,1
RVA-14526,2025-04-01,Scott's Addition,Parks & Public Spaces,Park Maintenance,High,Closed,0.68,Email,Public Utilities,3.9,2025-04,2025Q2,1
RVA-14527,2024-10-11,Scott's Addition,Road & Sidewalk,Sidewalk Damage,Medium,Open,11.04,Mobile App,Code Enforcement,3.1,2024-10,2024Q4,0
RVA-14528,2024-08-26,West End,Road & Sidewalk,Sidewalk Damage,Low,In Progress,1.9,Mobile App,Parks & Rec,1.3,2024-08,2024Q3,0
RVA-14529,2025-11-07,West End,Sanitation,Bulk Pickup Request,Low,In Progress,25.62,Mobile App,Transportation,1.2,2025-11,2025Q4,0
RVA-14530,2025-08-21,Highland Park,Sanitation,Bulk Pickup Request,Medium,Resolved,3.7,Phone,Public Works,1.5,2025-08,2025Q3,1
RVA-14531,2025-10-14,Shockoe Bottom,Road & Sidewalk,Crosswalk Faded,High,Resolved,2.51,Walk-in,Transportation,2.2,2025-10,2025Q4,1
RVA-14532,2025-11-02,Oregon Hill,Parks & Public Spaces,Park Maintenance,Medium,In Progress,0.58,Phone,Transportation,2.0,2025-11,2025Q4,0
RVA-14533,2025-07-11,Carytown,Public Safety,Traffic Signal Issue,Low,Resolved,3.13,Email,Transportation,3.9,2025-07,2025Q3,1
RVA-14534,2025-01-06,Short Pump,Noise & Nuisance,Animal Control,High,Closed,6.37,Mobile App,Transportation,3.9,2025-01,2025Q1,1
RVA-14535,2025-05-09,Scott's Addition,Water & Utilities,Hydrant Issue,High,Resolved,0.62,Website,Public Works,4.9,2025-05,2025Q2,1
RVA-14536,2025-09-15,West End,Water & Utilities,Storm Drain Blocked,High,Resolved,0.7,Website,Parks & Rec,2.2,2025-09,2025Q3,1
RVA-14537,2024-02-14,The Fan,Public Safety,Traffic Signal Issue,Medium,In Progress,1.1,Mobile App,Parks & Rec,4.8,2024-02,2024Q1,0
RVA-14538,2025-02-04,The Fan,Water & Utilities,Hydrant Issue,High,Closed,0.28,Mobile App,Public Works,3.5,2025-02,2025Q1,1
RVA-14539,2024-09-03,Museum District,Sanitation,Overflowing Bin,Low,Resolved,2.66,Phone,Police,3.0,2024-09,2024Q3,1
RVA-14540,2025-09-07,Bon Air,Public Safety,Missing Sign,Low,Closed,10.28,Mobile App,Code Enforcement,3.7,2025-09,2025Q3,1
RVA-14541,2025-08-19,Fulton,Parks & Public Spaces,Tree Hazard,Low,Closed,6.08,Email,Police,3.8,2025-08,2025Q3,1
RVA-14542,2025-03-25,Bon Air,Road & Sidewalk,Pothole Repair,High,Closed,1.61,Email,Public Utilities,1.7,2025-03,2025Q1,1
RVA-14543,2025-04-29,Museum District,Noise & Nuisance,Noise Complaint,Low,Open,1.31,Website,Transportation,4.0,2025-04,2025Q2,0
RVA-14544,2025-10-07,The Fan,Public Safety,Missing Sign,Medium,Resolved,8.1,Website,Transportation,3.9,2025-10,2025Q4,1
RVA-14545,2025-09-11,Manchester,Water & Utilities,Storm Drain Blocked,Medium,In Progress,7.66,Mobile App,Public Works,5.0,2025-09,2025Q3,0
RVA-14546,2024-01-18,East End,Public Safety,Unsafe Structure,Medium,Closed,0.11,Mobile App,Public Works,4.6,2024-01,2024Q1,1
RVA-14547,2025-08-28,Carytown,Road & Sidewalk,Crosswalk Faded,High,Closed,0.97,Walk-in,Police,3.7,2025-08,2025Q3,1
RVA-14548,2025-10-23,Manchester,Public Safety,Hazardous Condition,Low,Closed,0.71,Phone,Public Utilities,3.8,2025-10,2025Q4,1
RVA-14549,2024-10-15,The Fan,Road & Sidewalk,Sidewalk Damage,Medium,Resolved,7.85,Website,Police,4.8,2024-10,2024Q4,1
RVA-14550,2025-02-17,Museum District,Public Safety,Hazardous Condition,High,Resolved,2.67,Website,Public Utilities,4.9,2025-02,2025Q1,1
RVA-14551,2025-12-21,Scott's Addition,Public Safety,Hazardous Condition,Low,Resolved,23.23,Phone,Parks & Rec,4.3,2025-12,2025Q4,1
RVA-14552,2025-09-29,Carytown,Noise & Nuisance,Animal Control,High,Resolved,0.54,Mobile App,Transportation,4.1,2025-09,2025Q3,1
RVA-14553,2024-08-22,Museum District,Water & Utilities,Storm Drain Blocked,High,Resolved,1.22,Website,Parks & Rec,1.4,2024-08,2024Q3,1
RVA-14554,2025-02-19,Oregon Hill,Parks & Public Spaces,Park Maintenance,Emergency,Resolved,0.1,Phone,Public Works,4.3,2025-02,2025Q1,1
RVA-14555,2025-05-13,Short Pump,Water & Utilities,Sewer Problem,High,Closed,0.93,Walk-in,Parks & Rec,2.0,2025-05,2025Q2,1
RVA-14556,2025-09-25,Highland Park,Water & Utilities,Water Main Break,Medium,Resolved,3.69,Phone,Police,3.3,2025-09,2025Q3,1
RVA-14557,2025-10-11,Carytown,Water & Utilities,Sewer Problem,Medium,Closed,0.27,Mobile App,Public Utilities,2.6,2025-10,2025Q4,1
RVA-14558,2024-04-24,Highland Park,Water & Utilities,Storm Drain Blocked,Low,Closed,12.55,Mobile App,Public Works,2.4,2024-04,2024Q2,1
RVA-14559,2025-11-04,The Fan,Sanitation,Missed Trash Pickup,Medium,Resolved,3.92,Website,Parks & Rec,2.2,2025-11,2025Q4,1
RVA-14560,2025-12-13,Museum District,Noise & Nuisance,Animal Control,Low,Resolved,17.66,Phone,Public Works,4.4,2025-12,2025Q4,1
RVA-14561,2024-08-21,Northside,Sanitation,Bulk Pickup Request,Medium,Resolved,1.59,Phone,Public Works,4.1,2024-08,2024Q3,1
RVA-14562,2025-06-23,Bon Air,Public Safety,Missing Sign,High,Resolved,4.67,Phone,Public Utilities,3.1,2025-06,2025Q2,1
RVA-14563,2024-01-11,Northside,Water & Utilities,Hydrant Issue,Medium,In Progress,33.2,Phone,Police,3.7,2024-01,2024Q1,0
RVA-14564,2024-07-24,Shockoe Bottom,Parks & Public Spaces,Graffiti Removal,Medium,Resolved,12.58,Mobile App,Transportation,4.9,2024-07,2024Q3,1
RVA-14565,2025-11-09,Short Pump,Sanitation,Missed Trash Pickup,Medium,Closed,7.52,Phone,Police,2.6,2025-11,2025Q4,1
RVA-14566,2024-09-03,Oregon Hill,Noise & Nuisance,Abandoned Vehicle,Medium,Open,8.37,Mobile App,Code Enforcement,3.2,2024-09,2024Q3,0
RVA-14567,2025-07-12,Museum District,Water & Utilities,Water Main Break,Emergency,Closed,0.43,Phone,Police,3.1,2025-07,2025Q3,1
RVA-14568,2024-05-06,Shockoe Bottom,Road & Sidewalk,Sidewalk Damage,Medium,Closed,1.05,Phone,Parks & Rec,4.7,2024-05,2024Q2,1
RVA-14569,2024-05-26,Lakeside,Noise & Nuisance,Animal Control,Medium,Resolved,5.65,Mobile App,Code Enforcement,2.4,2024-05,2024Q2,1
RVA-14570,2024-04-27,Church Hill,Sanitation,Missed Trash Pickup,Medium,Resolved,6.24,Phone,Code Enforcement,4.9,2024-04,2024Q2,1
RVA-14571,2025-01-16,West End,Public Safety,Missing Sign,Low,Closed,42.26,Phone,Code Enforcement,2.2,2025-01,2025Q1,1
RVA-14572,2025-02-15,Northside,Water & Utilities,Water Main Break,Medium,Resolved,3.9,Mobile App,Code Enforcement,1.4,2025-02,2025Q1,1
RVA-14573,2025-10-25,The Fan,Noise & Nuisance,Animal Control,High,In Progress,0.63,Email,Police,1.8,2025-10,2025Q4,0
RVA-14574,2025-08-06,Fulton,Road & Sidewalk,Pothole Repair,Low,Closed,11.51,Mobile App,Code Enforcement,2.7,2025-08,2025Q3,1
RVA-14575,2024-12-28,Southside,Parks & Public Spaces,Playground Repair,Low,Resolved,38.81,Website,Parks & Rec,3.6,2024-12,2024Q4,1
RVA-14576,2025-05-23,Manchester,Noise & Nuisance,Noise Complaint,Low,Closed,1.95,Mobile App,Parks & Rec,3.1,2025-05,2025Q2,1
RVA-14577,2024-05-16,The Fan,Sanitation,Illegal Dumping,High,Resolved,0.79,Walk-in,Public Works,2.5,2024-05,2024Q2,1
RVA-14578,2024-06-23,Southside,Road & Sidewalk,Sidewalk Damage,High,Open,1.56,Email,Parks & Rec,3.2,2024-06,2024Q2,0
RVA-14579,2024-10-15,Oregon Hill,Road & Sidewalk,Crosswalk Faded,Medium,Closed,0.93,Phone,Transportation,4.4,2024-10,2024Q4,1
RVA-14580,2025-04-25,Bon Air,Noise & Nuisance,Property Maintenance,Medium,Closed,0.11,Walk-in,Public Works,4.4,2025-04,2025Q2,1
RVA-14581,2024-01-19,The Fan,Water & Utilities,Sewer Problem,High,In Progress,0.82,Mobile App,Parks & Rec,3.9,2024-01,2024Q1,0
RVA-14582,2024-07-13,The Fan,Parks & Public Spaces,Graffiti Removal,High,Closed,4.01,Mobile App,Code Enforcement,4.8,2024-07,2024Q3,1
RVA-14583,2024-11-25,Bon Air,Sanitation,Illegal Dumping,High,Closed,0.09,Mobile App,Public Utilities,3.4,2024-11,2024Q4,1
RVA-14584,2024-06-23,Bon Air,Water & Utilities,Storm Drain Blocked,High,Resolved,1.12,Mobile App,Code Enforcement,1.0,2024-06,2024Q2,1
RVA-14585,2025-03-24,The Fan,Water & Utilities,Sewer Problem,Medium,Resolved,7.18,Phone,Police,2.2,2025-03,2025Q1,1
RVA-14586,2024-12-19,West End,Road & Sidewalk,Sidewalk Damage,Medium,In Progress,15.31,Phone,Public Works,2.3,2024-12,2024Q4,0
RVA-14587,2025-05-13,Scott's Addition,Water & Utilities,Storm Drain Blocked,High,Resolved,8.46,Phone,Public Utilities,3.2,2025-05,2025Q2,1
RVA-14588,2024-05-20,West End,Road & Sidewalk,Sidewalk Damage,Emergency,Open,0.27,Website,Parks & Rec,4.6,2024-05,2024Q2,0
RVA-14589,2024-04-02,Ginter Park,Sanitation,Illegal Dumping,Low,Resolved,30.03,Mobile App,Code Enforcement,4.4,2024-04,2024Q2,1
RVA-14590,2024-08-26,Carytown,Water & Utilities,Sewer Problem,Low,Resolved,0.36,Mobile App,Public Works,1.9,2024-08,2024Q3,1
RVA-14591,2024-07-23,Scott's Addition,Road & Sidewalk,Crosswalk Faded,Emergency,Closed,0.69,Phone,Public Works,3.1,2024-07,2024Q3,1
RVA-14592,2025-07-13,The Fan,Sanitation,Missed Trash Pickup,Medium,Closed,5.15,Phone,Parks & Rec,3.6,2025-07,2025Q3,1
RVA-14593,2025-03-08,The Fan,Public Safety,Unsafe Structure,High,Resolved,0.57,Mobile App,Public Works,5.0,2025-03,2025Q1,1
RVA-14594,2024-09-01,The Fan,Public Safety,Hazardous Condition,Medium,Closed,3.54,Mobile App,Parks & Rec,1.1,2024-09,2024Q3,1
RVA-14595,2024-11-12,Highland Park,Parks & Public Spaces,Graffiti Removal,Low,Resolved,1.39,Phone,Parks & Rec,2.9,2024-11,2024Q4,1
RVA-14596,2024-10-21,Manchester,Sanitation,Missed Trash Pickup,Low,Resolved,20.53,Mobile App,Code Enforcement,5.0,2024-10,2024Q4,1
RVA-14597,2025-10-01,Museum District,Noise & Nuisance,Animal Control,Low,In Progress,4.43,Walk-in,Public Works,4.9,2025-10,2025Q4,0
RVA-14598,2024-10-08,Highland Park,Parks & Public Spaces,Graffiti Removal,Low,Closed,9.84,Mobile App,Police,2.3,2024-10,2024Q4,1
RVA-14599,2024-01-17,Museum District,Sanitation,Missed Trash Pickup,Medium,Closed,0.86,Mobile App,Police,1.0,2024-01,2024Q1,1
RVA-14600,2024-03-11,Museum District,Sanitation,Bulk Pickup Request,High,Closed,0.46,Phone,Code Enforcement,3.3,2024-03,2024Q1,1
RVA-14601,2024-09-25,The Fan,Road & Sidewalk,Street Light Out,Emergency,Closed,2.41,Email,Code Enforcement,4.5,2024-09,2024Q3,1
RVA-14602,2024-11-20,Northside,Water & Utilities,Sewer Problem,Medium,Resolved,6.99,Website,Parks & Rec,2.3,2024-11,2024Q4,1
RVA-14603,2024-10-31,Carytown,Water & Utilities,Storm Drain Blocked,Medium,Closed,16.35,Phone,Police,4.7,2024-10,2024Q4,1
RVA-14604,2025-03-26,Highland Park,Parks & Public Spaces,Tree Hazard,Medium,Resolved,1.75,Mobile App,Public Works,2.3,2025-03,2025Q1,1
RVA-14605,2024-01-07,Scott's Addition,Water & Utilities,Water Main Break,Medium,In Progress,0.9,Phone,Police,3.4,2024-01,2024Q1,0
RVA-14606,2024-11-09,East End,Sanitation,Overflowing Bin,Medium,Closed,3.5,Mobile App,Code Enforcement,3.9,2024-11,2024Q4,1
RVA-14607,2024-04-12,East End,Road & Sidewalk,Crosswalk Faded,Low,Closed,6.83,Website,Code Enforcement,2.4,2024-04,2024Q2,1
RVA-14608,2024-07-11,Southside,Road & Sidewalk,Sidewalk Damage,Low,Resolved,1.92,Phone,Parks & Rec,2.4,2024-07,2024Q3,1
RVA-14609,2025-07-27,Scott's Addition,Road & Sidewalk,Street Light Out,Low,Open,13.21,Mobile App,Public Works,2.9,2025-07,2025Q3,0
RVA-14610,2025-06-12,Scott's Addition,Parks & Public Spaces,Graffiti Removal,Low,In Progress,4.49,Mobile App,Code Enforcement,4.3,2025-06,2025Q2,0
RVA-14611,2024-06-19,Ginter Park,Water & Utilities,Sewer Problem,High,Resolved,0.41,Website,Transportation,1.4,2024-06,2024Q2,1
RVA-14612,2025-06-20,The Fan,Parks & Public Spaces,Graffiti Removal,Low,In Progress,4.03,Phone,Public Works,3.5,2025-06,2025Q2,0
RVA-14613,2024-09-07,Shockoe Bottom,Public Safety,Missing Sign,High,In Progress,1.66,Walk-in,Police,3.7,2024-09,2024Q3,0
RVA-14614,2025-01-21,Northside,Road & Sidewalk,Crosswalk Faded,Emergency,Resolved,0.65,Mobile App,Parks & Rec,3.2,2025-01,2025Q1,1
RVA-14615,2024-07-25,Highland Park,Sanitation,Illegal Dumping,Emergency,Closed,0.33,Website,Police,4.7,2024-07,2024Q3,1
RVA-14616,2025-06-24,Oregon Hill,Parks & Public Spaces,Graffiti Removal,Emergency,Closed,0.37,Mobile App,Transportation,3.4,2025-06,2025Q2,1
RVA-14617,2025-09-20,East End,Noise & Nuisance,Abandoned Vehicle,Medium,Resolved,0.75,Mobile App,Code Enforcement,3.5,2025-09,2025Q3,1
RVA-14618,2025-02-19,Northside,Road & Sidewalk,Crosswalk Faded,Medium,Closed,12.31,Website,Code Enforcement,3.4,2025-02,2025Q1,1
RVA-14619,2025-01-14,The Fan,Public Safety,Unsafe Structure,Low,Resolved,26.41,Walk-in,Public Works,3.9,2025-01,2025Q1,1
RVA-14620,2024-05-23,Southside,Sanitation,Bulk Pickup Request,High,Resolved,2.3,Mobile App,Code Enforcement,1.5,2024-05,2024Q2,1
RVA-14621,2024-01-25,Highland Park,Public Safety,Unsafe Structure,High,Resolved,0.04,Website,Transportation,4.6,2024-01,2024Q1,1
RVA-14622,2025-10-29,Bon Air,Parks & Public Spaces,Tree Hazard,High,Resolved,1.54,Website,Public Works,1.2,2025-10,2025Q4,1
RVA-14623,2024-03-13,The Fan,Road & Sidewalk,Street Light Out,Medium,Resolved,4.96,Mobile App,Transportation,3.6,2024-03,2024Q1,1
RVA-14624,2025-09-23,East End,Parks & Public Spaces,Tree Hazard,High,Resolved,10.46,Walk-in,Public Utilities,3.5,2025-09,2025Q3,1
RVA-14625,2024-04-02,Museum District,Road & Sidewalk,Pothole Repair,Low,Resolved,55.38,Phone,Code Enforcement,1.8,2024-04,2024Q2,1
RVA-14626,2025-05-19,The Fan,Public Safety,Hazardous Condition,Low,Resolved,19.49,Website,Police,1.2,2025-05,2025Q2,1
RVA-14627,2025-08-20,Northside,Noise & Nuisance,Noise Complaint,High,Closed,0.13,Phone,Police,1.6,2025-08,2025Q3,1
RVA-14628,2024-12-01,Carytown,Sanitation,Bulk Pickup Request,Medium,Resolved,15.32,Phone,Public Works,2.1,2024-12,2024Q4,1
RVA-14629,2025-02-28,Oregon Hill,Public Safety,Missing Sign,Emergency,Closed,0.47,Walk-in,Transportation,4.5,2025-02,2025Q1,1
RVA-14630,2025-05-13,Scott's Addition,Public Safety,Traffic Signal Issue,Low,Resolved,16.14,Mobile App,Transportation,4.4,2025-05,2025Q2,1
RVA-14631,2024-12-29,Oregon Hill,Road & Sidewalk,Street Light Out,High,Closed,1.05,Mobile App,Transportation,1.3,2024-12,2024Q4,1
RVA-14632,2025-09-21,Museum District,Water & Utilities,Water Main Break,Medium,Resolved,1.93,Walk-in,Transportation,2.2,2025-09,2025Q3,1
RVA-14633,2024-07-17,Oregon Hill,Parks & Public Spaces,Park Maintenance,High,Closed,1.24,Walk-in,Public Utilities,4.6,2024-07,2024Q3,1
RVA-14634,2025-12-18,Northside,Sanitation,Illegal Dumping,High,Closed,0.32,Phone,Code Enforcement,1.9,2025-12,2025Q4,1
RVA-14635,2025-02-16,Scott's Addition,Sanitation,Overflowing Bin,Emergency,Resolved,0.22,Mobile App,Transportation,5.0,2025-02,2025Q1,1
RVA-14636,2024-12-04,Southside,Road & Sidewalk,Sidewalk Damage,Medium,Closed,9.75,Website,Parks & Rec,2.0,2024-12,2024Q4,1
RVA-14637,2025-10-20,Ginter Park,Water & Utilities,Hydrant Issue,Emergency,In Progress,0.02,Mobile App,Parks & Rec,4.0,2025-10,2025Q4,0
RVA-14638,2025-03-04,Scott's Addition,Noise & Nuisance,Animal Control,Low,Closed,1.64,Phone,Police,2.7,2025-03,2025Q1,1
RVA-14639,2024-05-18,Lakeside,Noise & Nuisance,Abandoned Vehicle,Low,In Progress,1.34,Mobile App,Code Enforcement,1.5,2024-05,2024Q2,0
RVA-14640,2025-11-23,East End,Public Safety,Traffic Signal Issue,Medium,Resolved,2.58,Phone,Parks & Rec,2.0,2025-11,2025Q4,1
RVA-14641,2025-06-25,Northside,Noise & Nuisance,Animal Control,High,Resolved,11.61,Mobile App,Public Works,3.7,2025-06,2025Q2,1
RVA-14642,2024-02-26,Oregon Hill,Public Safety,Unsafe Structure,Medium,Resolved,0.95,Website,Code Enforcement,2.3,2024-02,2024Q1,1
RVA-14643,2024-08-19,Southside,Road & Sidewalk,Sidewalk Damage,High,Resolved,0.31,Website,Police,3.4,2024-08,2024Q3,1
RVA-14644,2025-10-19,The Fan,Road & Sidewalk,Pothole Repair,High,Closed,4.93,Phone,Public Utilities,1.8,2025-10,2025Q4,1
RVA-14645,2025-03-10,Oregon Hill,Public Safety,Hazardous Condition,Low,Resolved,21.37,Mobile App,Public Works,2.8,2025-03,2025Q1,1
RVA-14646,2025-01-18,Short Pump,Water & Utilities,Hydrant Issue,Emergency,Closed,0.02,Mobile App,Public Works,3.0,2025-01,2025Q1,1
RVA-14647,2025-07-13,The Fan,Water & Utilities,Water Main Break,Low,Resolved,13.93,Mobile App,Transportation,2.7,2025-07,2025Q3,1
RVA-14648,2024-07-12,Lakeside,Road & Sidewalk,Sidewalk Damage,High,In Progress,2.13,Phone,Code Enforcement,1.8,2024-07,2024Q3,0
RVA-14649,2025-10-09,East End,Water & Utilities,Hydrant Issue,Medium,In Progress,7.3,Website,Public Utilities,2.8,2025-10,2025Q4,0
RVA-14650,2025-06-17,Highland Park,Parks & Public Spaces,Tree Hazard,Medium,Closed,3.41,Mobile App,Public Works,3.8,2025-06,2025Q2,1
RVA-14651,2025-06-01,Carytown,Public Safety,Missing Sign,Medium,Open,23.77,Website,Public Utilities,4.9,2025-06,2025Q2,0
RVA-14652,2025-12-16,Bon Air,Water & Utilities,Water Main Break,Low,Resolved,0.45,Website,Police,4.2,2025-12,2025Q4,1
RVA-14653,2024-07-03,Northside,Public Safety,Unsafe Structure,Medium,In Progress,1.34,Phone,Public Works,1.6,2024-07,2024Q3,0
RVA-14654,2024-10-18,Oregon Hill,Sanitation,Missed Trash Pickup,Low,Resolved,5.05,Mobile App,Parks & Rec,2.1,2024-10,2024Q4,1
RVA-14655,2024-11-30,Scott's Addition,Public Safety,Traffic Signal Issue,Low,Closed,5.97,Walk-in,Police,1.3,2024-11,2024Q4,1
RVA-14656,2024-04-25,Northside,Road & Sidewalk,Sidewalk Damage,Low,Resolved,25.43,Website,Police,1.5,2024-04,2024Q2,1
RVA-14657,2024-02-18,Woodland Heights,Sanitation,Illegal Dumping,Medium,In Progress,4.1,Email,Transportation,2.0,2024-02,2024Q1,0
RVA-14658,2025-11-15,Short Pump,Public Safety,Hazardous Condition,High,Resolved,0.09,Phone,Public Works,1.8,2025-11,2025Q4,1
RVA-14659,2024-03-22,East End,Parks & Public Spaces,Graffiti Removal,Medium,Resolved,2.62,Email,Parks & Rec,1.9,2024-03,2024Q1,1
RVA-14660,2024-11-28,Oregon Hill,Road & Sidewalk,Crosswalk Faded,High,Open,1.08,Mobile App,Public Utilities,1.9,2024-11,2024Q4,0
RVA-14661,2025-07-10,Oregon Hill,Road & Sidewalk,Street Light Out,Medium,Resolved,16.83,Phone,Parks & Rec,2.2,2025-07,2025Q3,1
RVA-14662,2024-11-30,Scott's Addition,Sanitation,Bulk Pickup Request,High,Resolved,1.83,Phone,Police,1.5,2024-11,2024Q4,1
RVA-14663,2025-06-15,West End,Water & Utilities,Hydrant Issue,High,Open,2.02,Phone,Public Works,2.1,2025-06,2025Q2,0
RVA-14664,2024-08-08,Oregon Hill,Sanitation,Illegal Dumping,Medium,Resolved,6.25,Website,Parks & Rec,3.8,2024-08,2024Q3,1
RVA-14665,2025-09-26,Shockoe Bottom,Sanitation,Bulk Pickup Request,High,Resolved,2.94,Mobile App,Parks & Rec,1.9,2025-09,2025Q3,1
RVA-14666,2024-11-18,Oregon Hill,Road & Sidewalk,Pothole Repair,Low,Resolved,10.08,Walk-in,Police,1.7,2024-11,2024Q4,1
RVA-14667,2024-01-03,Ginter Park,Noise & Nuisance,Abandoned Vehicle,High,Resolved,0.54,Phone,Public Utilities,1.3,2024-01,2024Q1,1
RVA-14668,2025-11-24,West End,Public Safety,Unsafe Structure,High,Resolved,4.14,Email,Parks & Rec,3.0,2025-11,2025Q4,1
RVA-14669,2024-07-24,Manchester,Public Safety,Traffic Signal Issue,Low,Resolved,13.17,Mobile App,Transportation,4.4,2024-07,2024Q3,1
RVA-14670,2024-02-09,Bon Air,Noise & Nuisance,Noise Complaint,High,Closed,2.71,Website,Parks & Rec,1.2,2024-02,2024Q1,1
RVA-14671,2024-02-28,The Fan,Parks & Public Spaces,Graffiti Removal,Low,In Progress,56.71,Phone,Code Enforcement,3.2,2024-02,2024Q1,0
RVA-14672,2025-07-27,The Fan,Road & Sidewalk,Street Light Out,Low,Resolved,16.22,Phone,Police,3.6,2025-07,2025Q3,1
RVA-14673,2025-10-05,Carytown,Water & Utilities,Sewer Problem,Low,Resolved,17.67,Website,Code Enforcement,3.4,2025-10,2025Q4,1
RVA-14674,2025-05-21,Carytown,Parks & Public Spaces,Tree Hazard,High,Resolved,6.05,Mobile App,Police,4.5,2025-05,2025Q2,1
RVA-14675,2025-07-25,The Fan,Parks & Public Spaces,Tree Hazard,High,Closed,0.33,Mobile App,Police,4.5,2025-07,2025Q3,1
RVA-14676,2024-05-01,East End,Noise & Nuisance,Property Maintenance,High,Resolved,1.38,Website,Code Enforcement,1.2,2024-05,2024Q2,1
RVA-14677,2025-04-23,Northside,Sanitation,Illegal Dumping,Low,Resolved,8.69,Phone,Public Utilities,2.4,2025-04,2025Q2,1
RVA-14678,2025-09-10,East End,Parks & Public Spaces,Park Maintenance,Medium,Closed,2.0,Mobile App,Public Utilities,3.7,2025-09,2025Q3,1
RVA-14679,2024-04-05,West End,Water & Utilities,Sewer Problem,High,Closed,3.66,Phone,Police,4.8,2024-04,2024Q2,1
RVA-14680,2025-02-17,Highland Park,Noise & Nuisance,Noise Complaint,Low,Closed,14.37,Phone,Code Enforcement,4.2,2025-02,2025Q1,1
RVA-14681,2024-08-22,Scott's Addition,Parks & Public Spaces,Park Maintenance,Medium,Resolved,6.38,Website,Parks & Rec,1.7,2024-08,2024Q3,1
RVA-14682,2024-03-02,Southside,Water & Utilities,Hydrant Issue,Low,Closed,58.6,Mobile App,Police,2.1,2024-03,2024Q1,1
RVA-14683,2024-09-12,Northside,Sanitation,Illegal Dumping,Low,Open,3.0,Phone,Transportation,4.1,2024-09,2024Q3,0
RVA-14684,2025-07-14,Bon Air,Parks & Public Spaces,Graffiti Removal,Medium,Resolved,6.65,Website,Police,2.9,2025-07,2025Q3,1
RVA-14685,2024-12-13,Scott's Addition,Road & Sidewalk,Sidewalk Damage,High,Resolved,1.6,Website,Public Works,3.2,2024-12,2024Q4,1
RVA-14686,2025-11-01,The Fan,Sanitation,Missed Trash Pickup,Low,In Progress,3.75,Walk-in,Public Utilities,3.4,2025-11,2025Q4,0
RVA-14687,2024-05-03,East End,Public Safety,Traffic Signal Issue,Low,Resolved,1.75,Phone,Code Enforcement,1.4,2024-05,2024Q2,1
RVA-14688,2025-04-26,West End,Noise & Nuisance,Property Maintenance,Low,Closed,22.62,Mobile App,Parks & Rec,4.4,2025-04,2025Q2,1
RVA-14689,2024-11-12,Scott's Addition,Sanitation,Bulk Pickup Request,Low,Resolved,9.05,Mobile App,Transportation,4.5,2024-11,2024Q4,1
RVA-14690,2025-05-18,Northside,Water & Utilities,Storm Drain Blocked,Low,Closed,17.43,Mobile App,Parks & Rec,2.9,2025-05,2025Q2,1
RVA-14691,2025-12-19,The Fan,Public Safety,Unsafe Structure,Medium,Resolved,3.94,Mobile App,Transportation,3.5,2025-12,2025Q4,1
RVA-14692,2024-02-17,Bon Air,Public Safety,Traffic Signal Issue,High,Resolved,0.5,Walk-in,Police,3.6,2024-02,2024Q1,1
RVA-14693,2025-02-12,Carytown,Noise & Nuisance,Abandoned Vehicle,Medium,Resolved,2.06,Walk-in,Parks & Rec,1.8,2025-02,2025Q1,1
RVA-14694,2024-05-15,The Fan,Public Safety,Hazardous Condition,High,Resolved,0.96,Phone,Parks & Rec,1.5,2024-05,2024Q2,1
RVA-14695,2024-07-19,The Fan,Road & Sidewalk,Street Light Out,High,Resolved,7.22,Mobile App,Police,1.1,2024-07,2024Q3,1
RVA-14696,2024-09-06,Museum District,Parks & Public Spaces,Park Maintenance,Low,Resolved,0.06,Mobile App,Public Utilities,4.7,2024-09,2024Q3,1
RVA-14697,2024-11-09,Carytown,Water & Utilities,Sewer Problem,Low,In Progress,42.45,Walk-in,Public Works,2.4,2024-11,2024Q4,0
RVA-14698,2025-01-02,West End,Sanitation,Illegal Dumping,High,In Progress,7.87,Walk-in,Public Utilities,1.3,2025-01,2025Q1,0
RVA-14699,2025-03-04,Bon Air,Sanitation,Overflowing Bin,Low,Closed,55.6,Mobile App,Public Utilities,2.9,2025-03,2025Q1,1
RVA-14700,2025-04-24,Scott's Addition,Road & Sidewalk,Sidewalk Damage,Low,Resolved,6.47,Website,Public Works,1.3,2025-04,2025Q2,1
RVA-14701,2024-11-09,Southside,Noise & Nuisance,Abandoned Vehicle,Low,Resolved,33.19,Mobile App,Police,1.3,2024-11,2024Q4,1
RVA-14702,2025-05-14,The Fan,Road & Sidewalk,Pothole Repair,Medium,In Progress,2.52,Mobile App,Public Utilities,3.0,2025-05,2025Q2,0
RVA-14703,2025-12-21,Oregon Hill,Sanitation,Overflowing Bin,Medium,Resolved,0.13,Mobile App,Code Enforcement,3.0,2025-12,2025Q4,1
RVA-14704,2024-12-20,Scott's Addition,Public Safety,Hazardous Condition,Emergency,Closed,0.13,Phone,Code Enforcement,3.3,2024-12,2024Q4,1
RVA-14705,2025-04-29,Scott's Addition,Water & Utilities,Water Main Break,High,Closed,5.81,Mobile App,Public Works,3.6,2025-04,2025Q2,1
RVA-14706,2024-07-29,East End,Sanitation,Missed Trash Pickup,Medium,Closed,0.07,Mobile App,Code Enforcement,3.7,2024-07,2024Q3,1
RVA-14707,2025-12-04,Carytown,Parks & Public Spaces,Graffiti Removal,Medium,Open,3.95,Mobile App,Police,2.7,2025-12,2025Q4,0
RVA-14708,2024-02-13,Ginter Park,Parks & Public Spaces,Playground Repair,Medium,Closed,0.39,Mobile App,Parks & Rec,3.6,2024-02,2024Q1,1
RVA-14709,2025-06-24,East End,Public Safety,Unsafe Structure,Low,Resolved,3.37,Website,Police,2.2,2025-06,2025Q2,1
RVA-14710,2025-07-24,West End,Noise & Nuisance,Noise Complaint,Low,Resolved,0.92,Mobile App,Public Works,2.8,2025-07,2025Q3,1
RVA-14711,2025-08-05,Bon Air,Parks & Public Spaces,Playground Repair,Low,In Progress,19.63,Walk-in,Parks & Rec,2.6,2025-08,2025Q3,0
RVA-14712,2024-04-01,Bon Air,Road & Sidewalk,Pothole Repair,Low,Closed,8.94,Mobile App,Code Enforcement,2.3,2024-04,2024Q2,1
RVA-14713,2024-09-21,Northside,Water & Utilities,Sewer Problem,Low,Resolved,23.24,Mobile App,Public Utilities,2.0,2024-09,2024Q3,1
RVA-14714,2024-08-07,Museum District,Water & Utilities,Sewer Problem,Medium,Resolved,5.83,Mobile App,Code Enforcement,1.3,2024-08,2024Q3,1
RVA-14715,2025-03-17,Manchester,Road & Sidewalk,Pothole Repair,Emergency,Closed,1.77,Mobile App,Police,3.0,2025-03,2025Q1,1
RVA-14716,2025-02-04,West End,Sanitation,Illegal Dumping,Medium,Resolved,3.57,Mobile App,Police,3.1,2025-02,2025Q1,1
RVA-14717,2025-02-03,Short Pump,Parks & Public Spaces,Playground Repair,Emergency,Resolved,0.51,Mobile App,Public Works,2.3,2025-02,2025Q1,1
RVA-14718,2025-12-27,Bon Air,Road & Sidewalk,Street Light Out,Medium,Resolved,4.29,Walk-in,Public Utilities,4.9,2025-12,2025Q4,1
RVA-14719,2025-07-29,Scott's Addition,Public Safety,Hazardous Condition,Medium,Resolved,3.31,Website,Public Utilities,3.2,2025-07,2025Q3,1
RVA-14720,2025-05-04,Manchester,Road & Sidewalk,Pothole Repair,Medium,Closed,9.35,Walk-in,Parks & Rec,4.6,2025-05,2025Q2,1
RVA-14721,2025-04-29,Manchester,Road & Sidewalk,Crosswalk Faded,Low,Resolved,10.34,Mobile App,Parks & Rec,3.3,2025-04,2025Q2,1
RVA-14722,2025-04-14,Highland Park,Road & Sidewalk,Street Light Out,Low,Closed,16.16,Phone,Police,1.8,2025-04,2025Q2,1
RVA-14723,2025-07-27,Carytown,Water & Utilities,Water Main Break,Emergency,Resolved,0.77,Mobile App,Public Works,4.9,2025-07,2025Q3,1
RVA-14724,2025-11-12,Museum District,Noise & Nuisance,Property Maintenance,Emergency,Closed,0.11,Website,Police,4.5,2025-11,2025Q4,1
RVA-14725,2025-03-20,Museum District,Noise & Nuisance,Animal Control,Low,Resolved,10.5,Email,Transportation,2.9,2025-03,2025Q1,1
RVA-14726,2024-09-25,The Fan,Road & Sidewalk,Sidewalk Damage,Low,Closed,2.23,Walk-in,Public Utilities,2.0,2024-09,2024Q3,1
RVA-14727,2024-09-23,Museum District,Noise & Nuisance,Noise Complaint,Medium,In Progress,4.38,Mobile App,Public Utilities,1.9,2024-09,2024Q3,0
RVA-14728,2024-02-23,Short Pump,Public Safety,Hazardous Condition,Low,Closed,11.31,Mobile App,Police,4.2,2024-02,2024Q1,1
RVA-14729,2025-06-11,The Fan,Water & Utilities,Hydrant Issue,Medium,Resolved,29.45,Mobile App,Public Utilities,1.3,2025-06,2025Q2,1
RVA-14730,2025-06-03,Short Pump,Water & Utilities,Water Main Break,Low,In Progress,0.31,Mobile App,Parks & Rec,3.6,2025-06,2025Q2,0
RVA-14731,2025-09-07,Bon Air,Road & Sidewalk,Pothole Repair,Medium,Open,0.48,Mobile App,Public Utilities,3.6,2025-09,2025Q3,0
RVA-14732,2024-02-28,Bon Air,Parks & Public Spaces,Park Maintenance,Medium,Closed,0.4,Mobile App,Parks & Rec,1.7,2024-02,2024Q1,1
RVA-14733,2024-02-09,Short Pump,Parks & Public Spaces,Park Maintenance,Medium,In Progress,2.54,Mobile App,Code Enforcement,3.8,2024-02,2024Q1,0
RVA-14734,2024-08-24,Short Pump,Sanitation,Illegal Dumping,Low,In Progress,17.24,Phone,Public Works,3.8,2024-08,2024Q3,0
RVA-14735,2025-01-20,Scott's Addition,Water & Utilities,Water Main Break,Medium,Closed,9.29,Phone,Public Works,2.4,2025-01,2025Q1,1
RVA-14736,2025-08-28,Bon Air,Sanitation,Overflowing Bin,Emergency,Closed,0.67,Website,Public Utilities,2.9,2025-08,2025Q3,1
RVA-14737,2025-12-16,Scott's Addition,Road & Sidewalk,Sidewalk Damage,Medium,Resolved,11.36,Mobile App,Public Works,4.3,2025-12,2025Q4,1
RVA-14738,2025-10-11,Museum District,Road & Sidewalk,Sidewalk Damage,High,Resolved,0.78,Mobile App,Transportation,3.1,2025-10,2025Q4,1
RVA-14739,2024-10-26,The Fan,Public Safety,Hazardous Condition,High,Resolved,0.18,Website,Code Enforcement,3.5,2024-10,2024Q4,1
RVA-14740,2025-01-29,Oregon Hill,Sanitation,Bulk Pickup Request,Emergency,Closed,0.03,Phone,Public Utilities,2.7,2025-01,2025Q1,1
RVA-14741,2024-07-25,The Fan,Sanitation,Bulk Pickup Request,High,Closed,3.82,Mobile App,Parks & Rec,1.6,2024-07,2024Q3,1
RVA-14742,2024-12-01,West End,Road & Sidewalk,Crosswalk Faded,High,Closed,2.62,Walk-in,Code Enforcement,5.0,2024-12,2024Q4,1
RVA-14743,2025-08-15,Northside,Parks & Public Spaces,Playground Repair,High,Resolved,2.4,Mobile App,Transportation,3.1,2025-08,2025Q3,1
RVA-14744,2025-12-30,Northside,Noise & Nuisance,Noise Complaint,Low,Resolved,4.15,Phone,Code Enforcement,2.3,2025-12,2025Q4,1
RVA-14745,2025-05-28,Scott's Addition,Road & Sidewalk,Sidewalk Damage,Medium,Open,2.39,Phone,Public Works,3.9,2025-05,2025Q2,0
RVA-14746,2024-06-26,Highland Park,Road & Sidewalk,Crosswalk Faded,Emergency,Open,1.59,Mobile App,Transportation,3.5,2024-06,2024Q2,0
RVA-14747,2025-01-30,The Fan,Parks & Public Spaces,Graffiti Removal,High,Closed,0.13,Phone,Parks & Rec,1.9,2025-01,2025Q1,1
RVA-14748,2025-01-05,Manchester,Sanitation,Bulk Pickup Request,Emergency,Open,0.74,Phone,Police,4.5,2025-01,2025Q1,0
RVA-14749,2025-10-19,East End,Road & Sidewalk,Pothole Repair,High,Resolved,0.74,Mobile App,Code Enforcement,1.3,2025-10,2025Q4,1
RVA-14750,2024-11-13,Bon Air,Sanitation,Illegal Dumping,High,Closed,0.08,Email,Public Works,3.4,2024-11,2024Q4,1
RVA-14751,2025-01-03,Scott's Addition,Noise & Nuisance,Abandoned Vehicle,High,Resolved,2.71,Mobile App,Code Enforcement,2.9,2025-01,2025Q1,1
RVA-14752,2025-01-18,Short Pump,Parks & Public Spaces,Playground Repair,High,Open,0.8,Website,Parks & Rec,2.3,2025-01,2025Q1,0
RVA-14753,2024-03-02,Short Pump,Public Safety,Traffic Signal Issue,Medium,Closed,6.4,Mobile App,Parks & Rec,4.3,2024-03,2024Q1,1
RVA-14754,2025-05-19,Ginter Park,Public Safety,Hazardous Condition,Emergency,Closed,0.61,Phone,Public Utilities,3.6,2025-05,2025Q2,1
RVA-14755,2024-08-26,The Fan,Parks & Public Spaces,Graffiti Removal,High,Closed,1.53,Mobile App,Police,4.0,2024-08,2024Q3,1
RVA-14756,2024-07-13,Museum District,Parks & Public Spaces,Playground Repair,High,Resolved,3.0,Website,Police,2.7,2024-07,2024Q3,1
RVA-14757,2025-11-08,Shockoe Bottom,Sanitation,Overflowing Bin,High,Resolved,1.74,Website,Public Works,4.8,2025-11,2025Q4,1
RVA-14758,2024-08-09,The Fan,Noise & Nuisance,Animal Control,Medium,Open,1.69,Mobile App,Police,2.4,2024-08,2024Q3,0
RVA-14759,2024-03-01,Church Hill,Sanitation,Bulk Pickup Request,Low,Closed,13.25,Mobile App,Parks & Rec,3.1,2024-03,2024Q1,1
RVA-14760,2024-05-08,Bon Air,Sanitation,Missed Trash Pickup,Emergency,Resolved,0.44,Email,Police,4.7,2024-05,2024Q2,1
RVA-14761,2025-11-15,Scott's Addition,Sanitation,Illegal Dumping,Medium,Closed,0.06,Walk-in,Public Works,1.3,2025-11,2025Q4,1
RVA-14762,2024-06-04,Bon Air,Sanitation,Bulk Pickup Request,Medium,Resolved,11.6,Phone,Code Enforcement,1.4,2024-06,2024Q2,1
RVA-14763,2025-01-12,Scott's Addition,Public Safety,Traffic Signal Issue,Low,Resolved,7.89,Phone,Police,5.0,2025-01,2025Q1,1
RVA-14764,2025-09-13,Bon Air,Parks & Public Spaces,Park Maintenance,High,Closed,4.06,Walk-in,Police,4.9,2025-09,2025Q3,1
RVA-14765,2025-08-08,East End,Water & Utilities,Storm Drain Blocked,High,Closed,4.29,Mobile App,Parks & Rec,4.1,2025-08,2025Q3,1
RVA-14766,2025-03-12,Carytown,Sanitation,Bulk Pickup Request,High,Resolved,1.18,Website,Parks & Rec,2.9,2025-03,2025Q1,1
RVA-14767,2024-07-25,Northside,Public Safety,Unsafe Structure,Medium,Closed,3.54,Phone,Code Enforcement,3.0,2024-07,2024Q3,1
RVA-14768,2025-01-22,Manchester,Parks & Public Spaces,Playground Repair,Medium,Closed,2.69,Website,Transportation,2.0,2025-01,2025Q1,1
RVA-14769,2025-04-24,Oregon Hill,Public Safety,Missing Sign,Medium,Closed,2.98,Mobile App,Transportation,2.7,2025-04,2025Q2,1
RVA-14770,2024-12-05,Museum District,Noise & Nuisance,Noise Complaint,Low,Closed,22.55,Phone,Public Utilities,2.7,2024-12,2024Q4,1
RVA-14771,2024-12-05,Museum District,Sanitation,Illegal Dumping,High,Closed,3.1,Phone,Police,1.1,2024-12,2024Q4,1
RVA-14772,2024-07-22,East End,Parks & Public Spaces,Playground Repair,Low,Closed,1.35,Walk-in,Parks & Rec,2.8,2024-07,2024Q3,1
RVA-14773,2024-06-09,Highland Park,Water & Utilities,Sewer Problem,Medium,In Progress,4.71,Website,Public Utilities,2.9,2024-06,2024Q2,0
RVA-14774,2025-06-23,Manchester,Public Safety,Traffic Signal Issue,Medium,Resolved,27.49,Walk-in,Police,3.7,2025-06,2025Q2,1
RVA-14775,2025-01-26,Bon Air,Public Safety,Traffic Signal Issue,Medium,Open,4.53,Walk-in,Police,3.1,2025-01,2025Q1,0
RVA-14776,2025-11-07,Bon Air,Sanitation,Overflowing Bin,Emergency,In Progress,0.77,Phone,Public Utilities,4.4,2025-11,2025Q4,0
RVA-14777,2025-07-28,The Fan,Water & Utilities,Water Main Break,Low,Resolved,14.66,Mobile App,Parks & Rec,2.5,2025-07,2025Q3,1
RVA-14778,2025-06-17,The Fan,Noise & Nuisance,Property Maintenance,High,In Progress,0.86,Website,Code Enforcement,2.6,2025-06,2025Q2,0
RVA-14779,2024-03-10,Museum District,Noise & Nuisance,Noise Complaint,Low,Closed,4.65,Walk-in,Transportation,3.3,2024-03,2024Q1,1
RVA-14780,2025-02-08,Northside,Noise & Nuisance,Abandoned Vehicle,Low,Closed,12.88,Mobile App,Police,1.8,2025-02,2025Q1,1
RVA-14781,2025-08-30,Scott's Addition,Noise & Nuisance,Noise Complaint,Medium,Open,3.47,Phone,Public Works,2.6,2025-08,2025Q3,0
RVA-14782,2025-11-05,Scott's Addition,Sanitation,Missed Trash Pickup,Low,Resolved,8.45,Mobile App,Public Works,3.7,2025-11,2025Q4,1
RVA-14783,2025-08-13,East End,Public Safety,Traffic Signal Issue,High,Closed,2.5,Mobile App,Public Works,2.6,2025-08,2025Q3,1
RVA-14784,2025-05-31,Northside,Noise & Nuisance,Animal Control,Medium,Closed,7.52,Website,Code Enforcement,4.6,2025-05,2025Q2,1
RVA-14785,2024-04-29,Shockoe Bottom,Public Safety,Missing Sign,Low,Closed,3.17,Website,Transportation,3.5,2024-04,2024Q2,1
RVA-14786,2025-11-20,Fulton,Sanitation,Bulk Pickup Request,Low,Closed,1.59,Website,Police,1.6,2025-11,2025Q4,1
RVA-14787,2025-11-18,West End,Sanitation,Bulk Pickup Request,Medium,Closed,1.73,Walk-in,Parks & Rec,2.9,2025-11,2025Q4,1
RVA-14788,2024-08-04,Oregon Hill,Noise & Nuisance,Abandoned Vehicle,High,Resolved,1.42,Mobile App,Parks & Rec,4.1,2024-08,2024Q3,1
RVA-14789,2024-02-25,West End,Parks & Public Spaces,Graffiti Removal,Medium,Resolved,2.09,Mobile App,Transportation,3.6,2024-02,2024Q1,1
RVA-14790,2024-12-31,Carytown,Road & Sidewalk,Pothole Repair,Medium,Closed,4.2,Walk-in,Code Enforcement,4.5,2024-12,2024Q4,1
RVA-14791,2025-11-29,Museum District,Parks & Public Spaces,Park Maintenance,High,Resolved,0.11,Phone,Transportation,4.0,2025-11,2025Q4,1
RVA-14792,2025-05-18,Shockoe Bottom,Water & Utilities,Sewer Problem,Medium,Closed,3.56,Mobile App,Police,1.2,2025-05,2025Q2,1
RVA-14793,2025-03-30,The Fan,Public Safety,Hazardous Condition,Low,Resolved,4.59,Website,Public Utilities,1.5,2025-03,2025Q1,1
RVA-14794,2024-04-13,Manchester,Water & Utilities,Storm Drain Blocked,Medium,Closed,3.83,Walk-in,Public Utilities,3.6,2024-04,2024Q2,1
RVA-14795,2024-03-17,Shockoe Bottom,Parks & Public Spaces,Playground Repair,Medium,Resolved,2.75,Website,Police,2.0,2024-03,2024Q1,1
RVA-14796,2024-08-17,Southside,Water & Utilities,Hydrant Issue,High,Resolved,0.67,Website,Police,3.4,2024-08,2024Q3,1
RVA-14797,2024-09-14,East End,Parks & Public Spaces,Tree Hazard,Medium,Resolved,11.72,Mobile App,Parks & Rec,4.2,2024-09,2024Q3,1
RVA-14798,2024-09-20,Church Hill,Public Safety,Traffic Signal Issue,Emergency,Closed,0.1,Mobile App,Code Enforcement,3.3,2024-09,2024Q3,1
RVA-14799,2024-11-26,The Fan,Parks & Public Spaces,Park Maintenance,Low,Resolved,11.44,Walk-in,Code Enforcement,2.7,2024-11,2024Q4,1
RVA-14800,2024-06-30,Highland Park,Parks & Public Spaces,Park Maintenance,Emergency,Closed,1.29,Website,Transportation,3.6,2024-06,2024Q2,1
RVA-14801,2025-07-03,The Fan,Parks & Public Spaces,Tree Hazard,Medium,Closed,3.87,Mobile App,Parks & Rec,1.6,2025-07,2025Q3,1
RVA-14802,2025-11-18,Manchester,Noise & Nuisance,Noise Complaint,High,Closed,4.18,Phone,Public Works,3.9,2025-11,2025Q4,1
RVA-14803,2024-01-27,Museum District,Public Safety,Missing Sign,Low,Closed,1.33,Website,Public Utilities,3.8,2024-01,2024Q1,1
RVA-14804,2024-10-02,Ginter Park,Sanitation,Bulk Pickup Request,Medium,Resolved,3.4,Mobile App,Police,3.1,2024-10,2024Q4,1
RVA-14805,2025-10-13,Ginter Park,Road & Sidewalk,Sidewalk Damage,High,Resolved,1.22,Website,Transportation,2.1,2025-10,2025Q4,1
RVA-14806,2024-10-25,West End,Parks & Public Spaces,Playground Repair,High,In Progress,0.02,Mobile App,Public Utilities,4.2,2024-10,2024Q4,0
RVA-14807,2024-03-31,Scott's Addition,Road & Sidewalk,Sidewalk Damage,Low,Closed,5.86,Mobile App,Public Utilities,3.0,2024-03,2024Q1,1
RVA-14808,2025-04-24,West End,Noise & Nuisance,Animal Control,Medium,Closed,2.3,Website,Transportation,1.2,2025-04,2025Q2,1
RVA-14809,2025-07-26,Scott's Addition,Road & Sidewalk,Street Light Out,Low,Resolved,11.08,Mobile App,Code Enforcement,4.7,2025-07,2025Q3,1
RVA-14810,2025-04-02,Scott's Addition,Noise & Nuisance,Animal Control,Emergency,Resolved,1.39,Mobile App,Parks & Rec,4.1,2025-04,2025Q2,1
RVA-14811,2025-03-26,Northside,Parks & Public Spaces,Park Maintenance,High,Resolved,0.18,Walk-in,Public Works,3.3,2025-03,2025Q1,1
RVA-14812,2024-12-30,East End,Sanitation,Missed Trash Pickup,Low,In Progress,3.97,Website,Public Works,2.7,2024-12,2024Q4,0
RVA-14813,2025-11-05,The Fan,Sanitation,Missed Trash Pickup,High,Resolved,1.17,Phone,Transportation,4.8,2025-11,2025Q4,1
RVA-14814,2024-12-16,The Fan,Sanitation,Illegal Dumping,Emergency,Resolved,0.3,Mobile App,Transportation,4.1,2024-12,2024Q4,1
RVA-14815,2025-10-16,Highland Park,Parks & Public Spaces,Playground Repair,Medium,In Progress,7.45,Mobile App,Parks & Rec,3.1,2025-10,2025Q4,0
RVA-14816,2025-02-03,Ginter Park,Water & Utilities,Storm Drain Blocked,High,Resolved,1.17,Phone,Public Utilities,3.6,2025-02,2025Q1,1
RVA-14817,2024-09-09,Northside,Road & Sidewalk,Crosswalk Faded,Medium,Resolved,0.14,Mobile App,Parks & Rec,2.1,2024-09,2024Q3,1
RVA-14818,2025-04-03,Museum District,Noise & Nuisance,Property Maintenance,High,Open,2.48,Phone,Parks & Rec,1.8,2025-04,2025Q2,0
RVA-14819,2025-11-29,Ginter Park,Noise & Nuisance,Animal Control,Medium,Resolved,10.81,Phone,Police,2.1,2025-11,2025Q4,1
RVA-14820,2025-05-13,West End,Water & Utilities,Water Main Break,Medium,Resolved,3.61,Phone,Police,2.2,2025-05,2025Q2,1
RVA-14821,2025-05-22,Northside,Noise & Nuisance,Abandoned Vehicle,Medium,Open,4.35,Mobile App,Public Utilities,4.0,2025-05,2025Q2,0
RVA-14822,2024-10-30,Manchester,Sanitation,Bulk Pickup Request,Low,In Progress,1.78,Mobile App,Code Enforcement,1.6,2024-10,2024Q4,0
RVA-14823,2025-05-15,Shockoe Bottom,Sanitation,Bulk Pickup Request,High,In Progress,0.5,Email,Public Works,4.1,2025-05,2025Q2,0
RVA-14824,2025-08-20,Museum District,Public Safety,Missing Sign,Medium,In Progress,1.34,Email,Police,3.1,2025-08,2025Q3,0
RVA-14825,2024-06-14,Scott's Addition,Parks & Public Spaces,Playground Repair,Medium,Closed,2.82,Phone,Public Utilities,2.5,2024-06,2024Q2,1
RVA-14826,2025-02-18,Manchester,Noise & Nuisance,Noise Complaint,High,Resolved,5.27,Website,Transportation,2.2,2025-02,2025Q1,1
RVA-14827,2025-04-06,Short Pump,Parks & Public Spaces,Playground Repair,Medium,In Progress,3.69,Website,Parks & Rec,3.1,2025-04,2025Q2,0
RVA-14828,2024-04-23,Shockoe Bottom,Noise & Nuisance,Property Maintenance,Medium,In Progress,1.07,Mobile App,Police,2.3,2024-04,2024Q2,0
RVA-14829,2025-03-08,Highland Park,Road & Sidewalk,Sidewalk Damage,Emergency,Resolved,0.15,Mobile App,Parks & Rec,2.7,2025-03,2025Q1,1
RVA-14830,2024-12-21,Church Hill,Sanitation,Illegal Dumping,High,Closed,0.97,Mobile App,Parks & Rec,4.0,2024-12,2024Q4,1
RVA-14831,2025-11-25,Museum District,Road & Sidewalk,Street Light Out,Low,Resolved,9.76,Phone,Police,3.5,2025-11,2025Q4,1
RVA-14832,2024-07-25,West End,Parks & Public Spaces,Playground Repair,Medium,In Progress,2.9,Phone,Public Utilities,4.0,2024-07,2024Q3,0
RVA-14833,2024-08-22,Museum District,Noise & Nuisance,Abandoned Vehicle,Emergency,Resolved,0.25,Email,Transportation,3.9,2024-08,2024Q3,1
RVA-14834,2025-03-17,Oregon Hill,Public Safety,Missing Sign,Medium,Resolved,4.16,Website,Public Works,4.3,2025-03,2025Q1,1
RVA-14835,2024-12-20,Museum District,Public Safety,Hazardous Condition,Medium,Open,1.38,Walk-in,Public Utilities,1.8,2024-12,2024Q4,0
RVA-14836,2025-05-29,Ginter Park,Parks & Public Spaces,Playground Repair,Low,Resolved,0.82,Walk-in,Code Enforcement,5.0,2025-05,2025Q2,1
RVA-14837,2024-07-26,Bon Air,Noise & Nuisance,Animal Control,Low,Resolved,0.25,Walk-in,Code Enforcement,2.9,2024-07,2024Q3,1
RVA-14838,2025-12-09,Southside,Sanitation,Bulk Pickup Request,High,Open,0.58,Mobile App,Public Works,3.9,2025-12,2025Q4,0
RVA-14839,2024-05-04,Highland Park,Public Safety,Hazardous Condition,High,Closed,0.19,Mobile App,Transportation,3.7,2024-05,2024Q2,1
RVA-14840,2024-05-17,The Fan,Noise & Nuisance,Abandoned Vehicle,Emergency,Closed,0.2,Phone,Code Enforcement,3.3,2024-05,2024Q2,1
RVA-14841,2024-12-04,Woodland Heights,Noise & Nuisance,Noise Complaint,High,Resolved,2.97,Website,Parks & Rec,5.0,2024-12,2024Q4,1
RVA-14842,2025-06-20,Bon Air,Public Safety,Traffic Signal Issue,Low,Resolved,12.6,Phone,Code Enforcement,1.9,2025-06,2025Q2,1
RVA-14843,2024-03-08,Northside,Noise & Nuisance,Abandoned Vehicle,Low,Resolved,9.44,Walk-in,Police,2.7,2024-03,2024Q1,1
RVA-14844,2025-07-26,Highland Park,Road & Sidewalk,Crosswalk Faded,Emergency,Resolved,0.96,Email,Parks & Rec,1.5,2025-07,2025Q3,1
RVA-14845,2025-06-24,Short Pump,Public Safety,Traffic Signal Issue,Medium,Closed,1.66,Phone,Public Utilities,1.7,2025-06,2025Q2,1
RVA-14846,2025-01-17,Scott's Addition,Public Safety,Missing Sign,Medium,Resolved,10.82,Phone,Transportation,3.9,2025-01,2025Q1,1
RVA-14847,2024-01-19,Ginter Park,Public Safety,Missing Sign,Emergency,In Progress,0.25,Walk-in,Public Works,1.0,2024-01,2024Q1,0
RVA-14848,2025-11-13,Northside,Road & Sidewalk,Crosswalk Faded,Medium,Resolved,2.56,Mobile App,Police,4.6,2025-11,2025Q4,1
RVA-14849,2025-03-25,Northside,Parks & Public Spaces,Tree Hazard,Low,Closed,5.2,Mobile App,Police,3.5,2025-03,2025Q1,1
RVA-14850,2024-03-14,East End,Sanitation,Missed Trash Pickup,High,Resolved,0.21,Walk-in,Public Works,2.8,2024-03,2024Q1,1
RVA-14851,2025-07-26,Ginter Park,Parks & Public Spaces,Playground Repair,Emergency,Closed,1.85,Website,Code Enforcement,2.3,2025-07,2025Q3,1
RVA-14852,2025-10-26,West End,Sanitation,Bulk Pickup Request,Low,Closed,1.49,Phone,Public Works,1.5,2025-10,2025Q4,1
RVA-14853,2024-10-02,Scott's Addition,Sanitation,Missed Trash Pickup,High,In Progress,0.83,Walk-in,Public Works,4.7,2024-10,2024Q4,0
RVA-14854,2024-02-17,Museum District,Sanitation,Overflowing Bin,Medium,Closed,1.92,Phone,Code Enforcement,3.8,2024-02,2024Q1,1
RVA-14855,2024-07-29,Bon Air,Sanitation,Overflowing Bin,Medium,Resolved,0.39,Website,Public Utilities,2.3,2024-07,2024Q3,1
RVA-14856,2025-10-12,Northside,Road & Sidewalk,Pothole Repair,Emergency,Closed,0.08,Website,Transportation,1.3,2025-10,2025Q4,1
RVA-14857,2025-09-13,Bon Air,Water & Utilities,Hydrant Issue,Emergency,Closed,0.02,Mobile App,Public Works,2.3,2025-09,2025Q3,1
RVA-14858,2025-11-25,Highland Park,Sanitation,Missed Trash Pickup,Medium,Resolved,1.73,Mobile App,Code Enforcement,1.7,2025-11,2025Q4,1
RVA-14859,2025-06-23,East End,Public Safety,Unsafe Structure,Low,Resolved,20.15,Email,Police,4.1,2025-06,2025Q2,1
RVA-14860,2025-12-09,Oregon Hill,Sanitation,Overflowing Bin,Low,Closed,4.15,Mobile App,Public Works,3.9,2025-12,2025Q4,1
RVA-14861,2024-07-09,Manchester,Noise & Nuisance,Property Maintenance,Medium,Resolved,0.66,Mobile App,Transportation,3.0,2024-07,2024Q3,1
RVA-14862,2024-11-10,Southside,Road & Sidewalk,Crosswalk Faded,Low,Resolved,10.38,Phone,Public Works,4.5,2024-11,2024Q4,1
RVA-14863,2025-07-16,Museum District,Road & Sidewalk,Street Light Out,Medium,Resolved,28.42,Mobile App,Public Utilities,1.7,2025-07,2025Q3,1
RVA-14864,2025-10-22,Highland Park,Road & Sidewalk,Crosswalk Faded,Low,Closed,2.64,Walk-in,Public Utilities,2.8,2025-10,2025Q4,1
RVA-14865,2025-07-15,Highland Park,Sanitation,Overflowing Bin,Medium,Closed,1.64,Mobile App,Police,3.8,2025-07,2025Q3,1
RVA-14866,2024-04-22,Manchester,Water & Utilities,Sewer Problem,Low,Resolved,35.7,Website,Public Utilities,1.3,2024-04,2024Q2,1
RVA-14867,2024-06-18,West End,Water & Utilities,Hydrant Issue,High,Closed,0.39,Mobile App,Transportation,2.5,2024-06,2024Q2,1
RVA-14868,2025-04-12,Museum District,Noise & Nuisance,Property Maintenance,Low,Resolved,7.16,Walk-in,Police,3.3,2025-04,2025Q2,1
RVA-14869,2025-11-08,Manchester,Parks & Public Spaces,Tree Hazard,Medium,Closed,1.37,Phone,Public Works,2.5,2025-11,2025Q4,1
RVA-14870,2024-01-14,Museum District,Public Safety,Traffic Signal Issue,High,Resolved,5.39,Phone,Code Enforcement,2.9,2024-01,2024Q1,1
RVA-14871,2025-12-15,Bon Air,Water & Utilities,Water Main Break,High,Open,7.98,Email,Public Utilities,3.4,2025-12,2025Q4,0
RVA-14872,2024-10-14,Oregon Hill,Sanitation,Bulk Pickup Request,Low,Open,16.86,Mobile App,Police,2.5,2024-10,2024Q4,0
RVA-14873,2024-07-07,Scott's Addition,Parks & Public Spaces,Playground Repair,Low,In Progress,3.78,Phone,Public Utilities,1.4,2024-07,2024Q3,0
RVA-14874,2024-06-03,Oregon Hill,Water & Utilities,Sewer Problem,High,In Progress,1.03,Email,Public Utilities,1.6,2024-06,2024Q2,0
RVA-14875,2025-07-20,Scott's Addition,Road & Sidewalk,Sidewalk Damage,Medium,Closed,1.39,Website,Parks & Rec,3.1,2025-07,2025Q3,1
RVA-14876,2025-11-24,Short Pump,Parks & Public Spaces,Graffiti Removal,High,Resolved,4.43,Website,Public Works,1.7,2025-11,2025Q4,1
RVA-14877,2025-12-22,Church Hill,Water & Utilities,Sewer Problem,Medium,Closed,12.3,Mobile App,Public Utilities,4.6,2025-12,2025Q4,1
RVA-14878,2025-04-15,Highland Park,Noise & Nuisance,Property Maintenance,Medium,Resolved,2.71,Mobile App,Code Enforcement,4.3,2025-04,2025Q2,1
RVA-14879,2024-03-15,Scott's Addition,Sanitation,Illegal Dumping,Medium,Closed,5.34,Mobile App,Transportation,2.4,2024-03,2024Q1,1
RVA-14880,2024-10-03,Northside,Sanitation,Missed Trash Pickup,High,Resolved,0.36,Email,Parks & Rec,4.3,2024-10,2024Q4,1
RVA-14881,2025-10-06,Carytown,Water & Utilities,Sewer Problem,Emergency,Closed,0.29,Email,Police,3.1,2025-10,2025Q4,1
RVA-14882,2024-12-08,Bon Air,Road & Sidewalk,Crosswalk Faded,Low,Closed,9.98,Mobile App,Police,1.6,2024-12,2024Q4,1
RVA-14883,2025-02-28,Museum District,Sanitation,Missed Trash Pickup,Medium,Closed,2.43,Mobile App,Code Enforcement,3.5,2025-02,2025Q1,1
RVA-14884,2025-07-24,Ginter Park,Noise & Nuisance,Animal Control,Low,Closed,4.43,Mobile App,Code Enforcement,3.7,2025-07,2025Q3,1
RVA-14885,2025-05-25,Highland Park,Noise & Nuisance,Noise Complaint,Medium,In Progress,0.0,Mobile App,Transportation,1.3,2025-05,2025Q2,0
RVA-14886,2024-06-30,West End,Road & Sidewalk,Sidewalk Damage,High,In Progress,3.26,Phone,Public Works,2.3,2024-06,2024Q2,0
RVA-14887,2025-04-02,Ginter Park,Water & Utilities,Hydrant Issue,Medium,Closed,11.01,Website,Code Enforcement,1.0,2025-04,2025Q2,1
RVA-14888,2024-03-04,Carytown,Noise & Nuisance,Property Maintenance,Emergency,Closed,1.74,Walk-in,Police,2.3,2024-03,2024Q1,1
RVA-14889,2024-09-16,East End,Road & Sidewalk,Pothole Repair,Medium,Resolved,6.35,Website,Public Works,2.3,2024-09,2024Q3,1
RVA-14890,2024-07-11,Scott's Addition,Public Safety,Traffic Signal Issue,Emergency,Resolved,0.4,Website,Code Enforcement,3.5,2024-07,2024Q3,1
RVA-14891,2025-10-16,Highland Park,Parks & Public Spaces,Park Maintenance,High,Closed,0.63,Website,Code Enforcement,1.8,2025-10,2025Q4,1
RVA-14892,2025-09-07,Bon Air,Public Safety,Hazardous Condition,Low,Resolved,72.64,Website,Police,1.1,2025-09,2025Q3,1
RVA-14893,2025-02-09,Bon Air,Public Safety,Missing Sign,Low,Resolved,8.91,Phone,Public Works,2.3,2025-02,2025Q1,1
RVA-14894,2025-12-26,Carytown,Noise & Nuisance,Abandoned Vehicle,Medium,Resolved,5.72,Mobile App,Parks & Rec,4.3,2025-12,2025Q4,1
RVA-14895,2025-12-21,Oregon Hill,Water & Utilities,Sewer Problem,Low,Resolved,11.47,Mobile App,Parks & Rec,2.6,2025-12,2025Q4,1
RVA-14896,2024-04-02,Oregon Hill,Water & Utilities,Storm Drain Blocked,Medium,Resolved,9.33,Website,Transportation,2.7,2024-04,2024Q2,1
RVA-14897,2025-03-05,Carytown,Sanitation,Overflowing Bin,Medium,Closed,0.05,Email,Public Works,2.9,2025-03,2025Q1,1
RVA-14898,2025-10-15,Carytown,Public Safety,Traffic Signal Issue,Emergency,Closed,0.12,Phone,Code Enforcement,4.0,2025-10,2025Q4,1
RVA-14899,2025-03-09,Oregon Hill,Public Safety,Hazardous Condition,Medium,Closed,5.48,Email,Code Enforcement,2.9,2025-03,2025Q1,1
RVA-14900,2025-02-07,Bon Air,Noise & Nuisance,Noise Complaint,High,Closed,4.51,Mobile App,Public Works,1.4,2025-02,2025Q1,1
RVA-14901,2025-03-09,Northside,Sanitation,Overflowing Bin,Emergency,Resolved,0.58,Website,Parks & Rec,1.8,2025-03,2025Q1,1
RVA-14902,2024-04-21,Southside,Sanitation,Bulk Pickup Request,High,Closed,1.07,Walk-in,Transportation,1.8,2024-04,2024Q2,1
RVA-14903,2025-01-09,Museum District,Public Safety,Unsafe Structure,Low,Closed,4.49,Website,Public Utilities,3.0,2025-01,2025Q1,1
RVA-14904,2024-02-28,East End,Water & Utilities,Water Main Break,Medium,Closed,6.7,Email,Police,1.1,2024-02,2024Q1,1
RVA-14905,2024-02-12,Bon Air,Road & Sidewalk,Street Light Out,Medium,Closed,6.76,Phone,Public Works,2.1,2024-02,2024Q1,1
RVA-14906,2024-07-25,Northside,Public Safety,Traffic Signal Issue,Medium,Resolved,4.67,Mobile App,Transportation,3.4,2024-07,2024Q3,1
RVA-14907,2024-10-22,The Fan,Parks & Public Spaces,Playground Repair,Medium,Open,1.72,Mobile App,Public Utilities,2.4,2024-10,2024Q4,0
RVA-14908,2024-04-27,Museum District,Sanitation,Illegal Dumping,High,In Progress,5.18,Phone,Police,3.8,2024-04,2024Q2,0
RVA-14909,2025-06-15,Bon Air,Water & Utilities,Hydrant Issue,Medium,Closed,4.01,Email,Public Utilities,2.6,2025-06,2025Q2,1
RVA-14910,2024-08-09,Oregon Hill,Public Safety,Missing Sign,Medium,Resolved,7.81,Mobile App,Public Utilities,4.9,2024-08,2024Q3,1
RVA-14911,2024-06-14,Northside,Water & Utilities,Sewer Problem,Emergency,Closed,0.12,Website,Police,4.9,2024-06,2024Q2,1
RVA-14912,2025-10-04,Carytown,Parks & Public Spaces,Park Maintenance,Low,Resolved,4.22,Website,Public Utilities,4.2,2025-10,2025Q4,1
RVA-14913,2024-06-04,Church Hill,Noise & Nuisance,Animal Control,Medium,Closed,10.38,Mobile App,Parks & Rec,4.8,2024-06,2024Q2,1
RVA-14914,2024-07-02,Ginter Park,Noise & Nuisance,Property Maintenance,High,Open,0.1,Mobile App,Transportation,1.8,2024-07,2024Q3,0
RVA-14915,2024-03-30,Manchester,Parks & Public Spaces,Park Maintenance,Low,Resolved,7.18,Phone,Public Works,4.0,2024-03,2024Q1,1
RVA-14916,2024-04-03,Manchester,Water & Utilities,Storm Drain Blocked,Medium,Resolved,3.29,Mobile App,Transportation,2.3,2024-04,2024Q2,1
RVA-14917,2024-01-13,Oregon Hill,Sanitation,Bulk Pickup Request,Low,Resolved,13.91,Mobile App,Parks & Rec,3.9,2024-01,2024Q1,1
RVA-14918,2025-03-13,Bon Air,Public Safety,Traffic Signal Issue,High,In Progress,0.66,Mobile App,Parks & Rec,2.5,2025-03,2025Q1,0
RVA-14919,2025-06-21,The Fan,Noise & Nuisance,Abandoned Vehicle,Medium,Closed,1.24,Mobile App,Police,2.2,2025-06,2025Q2,1
RVA-14920,2025-08-09,Ginter Park,Road & Sidewalk,Crosswalk Faded,Medium,Resolved,13.03,Website,Police,4.8,2025-08,2025Q3,1
RVA-14921,2024-05-29,Manchester,Parks & Public Spaces,Park Maintenance,Medium,Closed,4.24,Website,Police,1.8,2024-05,2024Q2,1
RVA-14922,2025-10-21,Ginter Park,Noise & Nuisance,Property Maintenance,Low,In Progress,1.11,Website,Public Utilities,4.0,2025-10,2025Q4,0
RVA-14923,2024-01-08,Bon Air,Water & Utilities,Water Main Break,Medium,Closed,1.07,Phone,Public Utilities,3.7,2024-01,2024Q1,1
RVA-14924,2024-01-29,Oregon Hill,Road & Sidewalk,Sidewalk Damage,Medium,Resolved,33.74,Email,Public Works,2.2,2024-01,2024Q1,1
RVA-14925,2024-10-22,Carytown,Parks & Public Spaces,Park Maintenance,Medium,Closed,1.09,Walk-in,Public Utilities,2.8,2024-10,2024Q4,1
RVA-14926,2025-12-21,Church Hill,Water & Utilities,Water Main Break,Medium,Resolved,4.71,Email,Public Works,1.6,2025-12,2025Q4,1
RVA-14927,2025-10-01,Highland Park,Noise & Nuisance,Animal Control,Medium,Closed,2.72,Phone,Parks & Rec,4.7,2025-10,2025Q4,1
RVA-14928,2024-12-05,Church Hill,Road & Sidewalk,Crosswalk Faded,Medium,Closed,10.84,Walk-in,Public Works,4.9,2024-12,2024Q4,1
RVA-14929,2025-09-19,Scott's Addition,Water & Utilities,Water Main Break,High,Open,2.81,Website,Public Works,3.9,2025-09,2025Q3,0
RVA-14930,2025-03-14,Scott's Addition,Noise & Nuisance,Abandoned Vehicle,Medium,Open,4.54,Mobile App,Police,4.4,2025-03,2025Q1,0
RVA-14931,2024-05-23,Oregon Hill,Water & Utilities,Water Main Break,Low,Closed,0.11,Mobile App,Public Utilities,1.3,2024-05,2024Q2,1
RVA-14932,2025-06-02,The Fan,Parks & Public Spaces,Park Maintenance,High,Resolved,4.24,Website,Code Enforcement,2.5,2025-06,2025Q2,1
RVA-14933,2024-02-14,Ginter Park,Noise & Nuisance,Property Maintenance,High,Resolved,1.18,Mobile App,Code Enforcement,2.3,2024-02,2024Q1,1
RVA-14934,2024-08-26,Ginter Park,Noise & Nuisance,Property Maintenance,Medium,Resolved,13.41,Mobile App,Police,3.3,2024-08,2024Q3,1
RVA-14935,2024-06-03,Museum District,Road & Sidewalk,Street Light Out,Medium,Open,3.42,Phone,Transportation,1.7,2024-06,2024Q2,0
RVA-14936,2024-06-29,Northside,Water & Utilities,Hydrant Issue,Medium,In Progress,5.92,Website,Transportation,3.3,2024-06,2024Q2,0
RVA-14937,2024-08-02,Southside,Noise & Nuisance,Noise Complaint,Medium,Resolved,0.36,Email,Transportation,3.6,2024-08,2024Q3,1
RVA-14938,2024-03-28,Highland Park,Sanitation,Illegal Dumping,High,Closed,2.73,Phone,Parks & Rec,1.5,2024-03,2024Q1,1
RVA-14939,2024-09-12,Short Pump,Road & Sidewalk,Pothole Repair,Low,Resolved,4.12,Website,Parks & Rec,1.5,2024-09,2024Q3,1
RVA-14940,2025-05-25,Short Pump,Noise & Nuisance,Abandoned Vehicle,High,Resolved,0.87,Mobile App,Parks & Rec,1.1,2025-05,2025Q2,1
RVA-14941,2024-03-13,Southside,Noise & Nuisance,Abandoned Vehicle,Low,Closed,1.26,Website,Public Works,4.0,2024-03,2024Q1,1
RVA-14942,2024-06-27,West End,Parks & Public Spaces,Park Maintenance,Medium,Resolved,0.79,Phone,Public Utilities,2.3,2024-06,2024Q2,1
RVA-14943,2024-07-30,Oregon Hill,Noise & Nuisance,Noise Complaint,High,Closed,0.41,Walk-in,Parks & Rec,1.9,2024-07,2024Q3,1
RVA-14944,2024-08-21,Manchester,Sanitation,Bulk Pickup Request,Medium,Closed,1.99,Phone,Code Enforcement,4.1,2024-08,2024Q3,1
RVA-14945,2025-04-09,Scott's Addition,Sanitation,Missed Trash Pickup,Low,Resolved,22.25,Phone,Public Works,1.6,2025-04,2025Q2,1
RVA-14946,2024-08-10,Northside,Public Safety,Missing Sign,Emergency,Resolved,0.23,Phone,Parks & Rec,2.7,2024-08,2024Q3,1
RVA-14947,2025-09-22,Oregon Hill,Public Safety,Traffic Signal Issue,High,Closed,2.58,Walk-in,Parks & Rec,4.0,2025-09,2025Q3,1
RVA-14948,2024-09-20,Short Pump,Parks & Public Spaces,Park Maintenance,High,Closed,0.17,Email,Transportation,3.3,2024-09,2024Q3,1
RVA-14949,2024-07-25,Jackson Ward,Public Safety,Missing Sign,Medium,Resolved,4.47,Mobile App,Transportation,3.2,2024-07,2024Q3,1
RVA-14950,2025-08-29,Ginter Park,Public Safety,Missing Sign,Low,Open,6.58,Phone,Public Utilities,1.6,2025-08,2025Q3,0
RVA-14951,2024-12-31,The Fan,Public Safety,Missing Sign,Emergency,Resolved,1.91,Website,Public Utilities,1.7,2024-12,2024Q4,1
RVA-14952,2024-10-02,Northside,Water & Utilities,Storm Drain Blocked,Medium,Resolved,9.36,Walk-in,Public Works,3.3,2024-10,2024Q4,1
RVA-14953,2025-01-14,Northside,Parks & Public Spaces,Tree Hazard,High,Resolved,1.21,Phone,Code Enforcement,1.1,2025-01,2025Q1,1
RVA-14954,2024-11-04,Oregon Hill,Sanitation,Illegal Dumping,Medium,Resolved,7.46,Mobile App,Police,4.5,2024-11,2024Q4,1
RVA-14955,2025-09-22,Museum District,Parks & Public Spaces,Playground Repair,Medium,Closed,1.07,Phone,Transportation,2.4,2025-09,2025Q3,1
RVA-14956,2024-09-24,Highland Park,Water & Utilities,Water Main Break,Emergency,Resolved,0.41,Phone,Code Enforcement,2.7,2024-09,2024Q3,1
RVA-14957,2024-03-04,Scott's Addition,Sanitation,Bulk Pickup Request,Medium,Closed,0.39,Phone,Transportation,2.0,2024-03,2024Q1,1
RVA-14958,2024-12-15,Ginter Park,Parks & Public Spaces,Tree Hazard,Low,In Progress,4.28,Mobile App,Public Utilities,4.5,2024-12,2024Q4,0
RVA-14959,2025-05-08,Bon Air,Parks & Public Spaces,Tree Hazard,Low,Open,2.56,Mobile App,Public Utilities,3.6,2025-05,2025Q2,0
RVA-14960,2025-06-06,East End,Water & Utilities,Sewer Problem,Medium,Resolved,6.35,Website,Police,2.8,2025-06,2025Q2,1
RVA-14961,2024-04-07,Highland Park,Parks & Public Spaces,Park Maintenance,Low,Open,6.74,Email,Code Enforcement,3.3,2024-04,2024Q2,0
RVA-14962,2024-03-11,Northside,Water & Utilities,Sewer Problem,Medium,Resolved,6.95,Email,Code Enforcement,2.5,2024-03,2024Q1,1
RVA-14963,2024-12-29,Short Pump,Noise & Nuisance,Abandoned Vehicle,Medium,Closed,3.62,Website,Police,2.9,2024-12,2024Q4,1
RVA-14964,2025-07-23,Bon Air,Public Safety,Hazardous Condition,High,Resolved,0.18,Walk-in,Public Utilities,2.4,2025-07,2025Q3,1
RVA-14965,2024-10-02,Scott's Addition,Parks & Public Spaces,Park Maintenance,Medium,Closed,6.65,Mobile App,Public Works,2.6,2024-10,2024Q4,1
RVA-14966,2024-02-19,Shockoe Bottom,Sanitation,Illegal Dumping,Emergency,Resolved,0.9,Website,Code Enforcement,2.3,2024-02,2024Q1,1
RVA-14967,2024-12-23,Scott's Addition,Parks & Public Spaces,Tree Hazard,Low,Open,23.39,Mobile App,Parks & Rec,1.3,2024-12,2024Q4,0
RVA-14968,2025-12-28,Northside,Sanitation,Missed Trash Pickup,Medium,Resolved,4.24,Website,Code Enforcement,1.1,2025-12,2025Q4,1
RVA-14969,2025-07-17,Shockoe Bottom,Sanitation,Missed Trash Pickup,Low,Closed,14.01,Email,Code Enforcement,1.7,2025-07,2025Q3,1
RVA-14970,2025-04-29,Bon Air,Public Safety,Hazardous Condition,High,Resolved,2.79,Walk-in,Code Enforcement,2.0,2025-04,2025Q2,1
RVA-14971,2024-03-24,Museum District,Water & Utilities,Water Main Break,Emergency,Resolved,0.08,Phone,Public Utilities,4.6,2024-03,2024Q1,1
RVA-14972,2025-09-29,Ginter Park,Water & Utilities,Hydrant Issue,High,Closed,0.36,Website,Parks & Rec,3.4,2025-09,2025Q3,1
RVA-14973,2025-08-06,Scott's Addition,Public Safety,Missing Sign,Medium,Closed,0.37,Email,Code Enforcement,4.8,2025-08,2025Q3,1
RVA-14974,2024-10-22,Manchester,Parks & Public Spaces,Graffiti Removal,Medium,In Progress,1.93,Mobile App,Public Works,2.4,2024-10,2024Q4,0
RVA-14975,2024-08-23,The Fan,Road & Sidewalk,Crosswalk Faded,High,Closed,1.28,Website,Transportation,2.6,2024-08,2024Q3,1
RVA-14976,2024-02-25,Scott's Addition,Sanitation,Overflowing Bin,Emergency,Resolved,3.08,Mobile App,Transportation,3.9,2024-02,2024Q1,1
RVA-14977,2024-12-25,Museum District,Public Safety,Traffic Signal Issue,Emergency,Closed,0.28,Walk-in,Parks & Rec,3.3,2024-12,2024Q4,1
RVA-14978,2024-04-19,Bon Air,Sanitation,Bulk Pickup Request,Medium,Resolved,6.48,Mobile App,Police,3.1,2024-04,2024Q2,1
RVA-14979,2024-07-10,Oregon Hill,Road & Sidewalk,Sidewalk Damage,Emergency,In Progress,0.59,Mobile App,Public Works,3.3,2024-07,2024Q3,0
RVA-14980,2024-04-02,Southside,Noise & Nuisance,Property Maintenance,Low,Resolved,2.29,Website,Police,3.3,2024-04,2024Q2,1
RVA-14981,2025-07-21,Museum District,Road & Sidewalk,Street Light Out,Medium,Resolved,0.3,Mobile App,Code Enforcement,4.1,2025-07,2025Q3,1
RVA-14982,2024-02-29,The Fan,Sanitation,Overflowing Bin,Low,Resolved,7.9,Mobile App,Public Utilities,3.7,2024-02,2024Q1,1
RVA-14983,2025-10-11,Lakeside,Public Safety,Missing Sign,Medium,Closed,6.02,Phone,Code Enforcement,4.8,2025-10,2025Q4,1
RVA-14984,2024-02-08,The Fan,Noise & Nuisance,Noise Complaint,High,Closed,12.7,Walk-in,Code Enforcement,4.8,2024-02,2024Q1,1
RVA-14985,2025-06-23,Fulton,Sanitation,Illegal Dumping,High,Resolved,0.89,Mobile App,Police,2.7,2025-06,2025Q2,1
RVA-14986,2024-02-18,Highland Park,Parks & Public Spaces,Graffiti Removal,High,Resolved,4.53,Walk-in,Code Enforcement,1.1,2024-02,2024Q1,1
RVA-14987,2025-02-23,Oregon Hill,Parks & Public Spaces,Park Maintenance,Medium,Resolved,2.41,Walk-in,Public Works,1.0,2025-02,2025Q1,1
RVA-14988,2025-09-28,Southside,Sanitation,Illegal Dumping,Medium,Resolved,5.85,Phone,Public Utilities,1.5,2025-09,2025Q3,1
RVA-14989,2024-01-13,Carytown,Sanitation,Missed Trash Pickup,High,Closed,1.82,Website,Police,1.3,2024-01,2024Q1,1
RVA-14990,2024-02-05,West End,Parks & Public Spaces,Playground Repair,Medium,Resolved,0.27,Mobile App,Parks & Rec,2.5,2024-02,2024Q1,1
RVA-14991,2024-04-10,Ginter Park,Noise & Nuisance,Noise Complaint,High,Resolved,0.16,Phone,Transportation,1.2,2024-04,2024Q2,1
RVA-14992,2024-03-26,Ginter Park,Noise & Nuisance,Noise Complaint,High,Resolved,0.04,Mobile App,Code Enforcement,3.5,2024-03,2024Q1,1
RVA-14993,2025-05-30,Scott's Addition,Public Safety,Unsafe Structure,High,Resolved,0.93,Mobile App,Transportation,1.8,2025-05,2025Q2,1
RVA-14994,2024-08-10,Scott's Addition,Parks & Public Spaces,Graffiti Removal,Medium,Resolved,6.85,Phone,Police,3.1,2024-08,2024Q3,1
RVA-14995,2024-12-03,Short Pump,Parks & Public Spaces,Park Maintenance,High,Resolved,0.38,Phone,Transportation,1.4,2024-12,2024Q4,1
RVA-14996,2024-06-14,Bon Air,Noise & Nuisance,Abandoned Vehicle,Medium,In Progress,4.66,Website,Code Enforcement,4.3,2024-06,2024Q2,0
RVA-14997,2025-01-17,Bon Air,Parks & Public Spaces,Tree Hazard,Medium,Open,1.7,Phone,Code Enforcement,4.1,2025-01,2025Q1,0
RVA-14998,2025-01-10,Oregon Hill,Road & Sidewalk,Crosswalk Faded,High,Resolved,3.19,Email,Police,2.5,2025-01,2025Q1,1
RVA-14999,2025-04-15,Highland Park,Sanitation,Overflowing Bin,Medium,Resolved,8.01,Mobile App,Public Works,4.6,2025-04,2025Q2,1
